회사명,상장일,시장구분,DB분류,growth,bizmodel,tech,noprofit,문서
선바이오,2016-01-22,코넥스,(NULL),8,0,56,14,20220921000250.xml
메디젠휴먼케어,2016-01-26,코스닥,(NULL),0,0,0,0,
한솔씨앤피,2016-01-27,코스닥,일반,0,0,0,0,20151229000067.xml
크리스탈신소재,2016-01-28,코스닥,일반,0,0,0,0,20151117000032.xml
유니트론텍,2016-02-02,코스닥,일반,0,0,3,0,20160119000080.xml
아이엠텍,2016-02-03,코스닥,일반,0,0,2,0,20151207000011.xml
제이에스코퍼레이션,2016-02-04,유가증권,일반,0,0,0,0,20160125000066.xml
안트로젠,2016-02-15,코스닥,기술특례,0,0,5,0,20151201000017.xml
케이엠제약,2016-02-24,코넥스,(NULL),0,0,0,0,20150921000009.xml
큐리언트,2016-02-29,코스닥,일반,0,0,10,0,20151125000009.xml
AP위성통신,2016-03-04,코스닥,일반,0,0,1,0,20160909000046.xml
바이옵트로,2016-03-10,코스닥,(NULL),0,0,4,0,20211108000075.xml
팬젠,2016-03-11,코스닥,기술특례,0,0,9,0,20151119000007.xml
씨케이컴퍼니,2016-03-16,코스닥,(NULL),0,0,0,0,
대림씨엔에스,2016-03-30,유가증권,일반,0,0,0,0,20160318000684.xml
SGA시스템즈,2016-03-30,코넥스,(NULL),0,0,2,0,20180122000271.xml
동양파일,2016-04-06,코스닥,일반,0,0,4,0,20160325001607.xml
씨엠에스에듀,2016-04-07,코스닥,일반,0,0,0,0,20160328000299.xml
레이언스,2016-04-11,코스닥,일반,0,0,1,0,20160329001048.xml
로보쓰리,2016-04-20,코스닥,(NULL),0,0,0,0,
인터코스,2016-04-21,코스닥,(NULL),0,0,0,0,
이에스산업,2016-04-26,코스닥,(NULL),0,0,0,0,
엠로,2016-04-28,코넥스,(NULL),0,0,4,1,20210803000205.xml
오스테오닉,2016-05-04,코넥스,(NULL),0,0,24,0,20180206000347.xml
해태제과식품,2016-05-11,유가증권,일반,0,0,2,0,20160426000414.xml
본느,2016-05-16,코넥스,(NULL),0,0,0,0,20151021000029.xml
영현무역,2016-05-20,코스닥,(NULL),0,0,0,0,
용평리조트,2016-05-27,유가증권,일반,0,0,0,0,20160513004264.xml
KC산업,2016-05-31,코스닥,(NULL),0,0,0,0,
나눔테크,2016-06-01,코스닥,(NULL),0,0,0,0,
스페이스솔루션,2016-06-03,코스닥,(NULL),0,0,0,0,
줌인터넷,2016-06-10,코스닥,(NULL),0,0,0,0,
알엔투테크놀로지,2016-06-22,코스닥,일반,0,0,4,0,20160610000146.xml
이비테크,2016-06-22,코스닥,(NULL),0,0,0,0,
녹십자랩셀,2016-06-23,코스닥,기술특례,0,0,3,0,20160613000044.xml
에스티팜,2016-06-23,코스닥,일반,0,0,2,0,20160614000019.xml
해성디에스,2016-06-24,유가증권,일반,0,0,1,0,20160614000307.xml
씨앤에스링크,2016-06-24,코스닥,(NULL),0,0,0,0,
에스엘에스,2016-06-29,코스닥,(NULL),0,0,0,0,
로스웰,2016-06-30,코스닥,일반,0,0,0,0,20160616000123.xml
피앤씨테크,2016-07-04,코스닥,일반,0,0,2,0,20160620000300.xml
바이오리더스,2016-07-07,코스닥,일반,0,0,0,0,
인프라웨어테크놀러지,2016-07-08,코스닥,(NULL),0,0,0,0,
한국토지신탁,2016-07-11,유가증권,일반,0,0,0,0,20160929000022.xml
한국자산신탁,2016-07-13,유가증권,일반,0,0,2,0,20160629000159.xml
시냅스엠,2016-07-13,코스닥,(NULL),0,0,0,0,
대유위니아,2016-07-14,코스닥,일반,0,0,4,0,20180723000060.xml
장원테크,2016-07-15,코스닥,일반,0,0,0,0,20160706000110.xml
동서,2016-07-15,유가증권,일반,0,0,0,0,
제노텍,2016-07-18,코스닥,(NULL),0,0,0,0,
지노믹트리,2016-07-19,코넥스,(NULL),1,0,33,5,20190314000709.xml
옵토팩,2016-07-20,코스닥,일반,0,0,0,0,
에스케이씨에스,2016-07-25,코스닥,(NULL),0,0,0,0,
디오메디칼,2016-07-26,코스닥,(NULL),0,0,0,0,
우리손에프앤지,2016-07-27,코스닥,일반,0,0,0,0,20160714000401.xml
엔지스테크널러지,2016-07-28,코스닥,일반,0,0,0,0,20160718000122.xml
두올,2016-07-29,유가증권,일반,0,0,0,0,20160715000252.xml
링크제니시스,2016-07-29,코넥스,(NULL),0,0,7,0,20180110000359.xml
팍스넷,2016-08-01,코스닥,일반,0,0,0,0,20160714000305.xml
티케이씨,2016-08-05,코스닥,(NULL),0,0,0,0,
에코마케팅,2016-08-08,코스닥,일반,0,0,0,0,20160721000221.xml
제이에스피브이,2016-08-10,코스닥,(NULL),0,0,0,0,
피엔에이치테크,2016-08-16,코넥스,(NULL),1,0,53,0,20210202000324.xml
헝셩그룹,2016-08-18,코스닥,일반,0,0,0,0,20160805000386.xml
자이글,2016-09-06,코스닥,일반,0,0,4,0,20160824000350.xml
엠에프엠코리아,2016-09-08,코넥스,(NULL),0,0,5,0,20190607000088.xml
유니테크노,2016-09-20,코스닥,일반,0,0,0,0,20160902000083.xml
엘에스전선 아시아,2016-09-22,유가증권,일반,0,0,0,0,20160907000314.xml
유쎌,2016-09-29,코스닥,(NULL),0,0,0,0,
에스엠로보틱스,2016-09-30,코스닥,(NULL),0,0,0,0,
화승엔터프라이즈,2016-10-04,유가증권,일반,0,0,0,0,20160919000267.xml
미투온,2016-10-10,코스닥,일반,0,0,1,0,20160923000086.xml
수산아이앤티,2016-10-11,코스닥,일반,0,0,0,0,20160928000070.xml
앤디포스,2016-10-12,코스닥,일반,0,0,0,0,20160929000463.xml
잉글우드랩,2016-10-14,코스닥,일반,0,0,2,0,20161010000595.xml
에이치시티,2016-10-17,코스닥,일반,0,0,0,0,20161004000323.xml
인텔리안테크,2016-10-18,코스닥,일반,0,0,7,0,20161004000143.xml
골든센츄리,2016-10-19,코스닥,일반,0,0,0,0,
GRT,2016-10-25,코스닥,일반,0,0,0,0,20161014000008.xml
안지오랩,2016-10-25,코스닥,(NULL),0,0,0,0,
JW생명과학,2016-10-27,유가증권,일반,0,0,0,11,20161014000293.xml
에이치엘사이언스,2016-10-28,코스닥,일반,0,0,0,0,20161017000419.xml
코스메카코리아,2016-10-28,코스닥,일반,0,0,0,0,20161014000121.xml
인크로스,2016-10-31,코스닥,일반,0,0,0,0,20161018000162.xml
굿센,2016-10-31,코스닥,(NULL),0,0,0,0,
로고스바이오,2016-11-03,코스닥,기술특례,0,0,8,0,20161025000033.xml
오가닉티코스메틱,2016-11-04,코스닥,일반,0,0,0,0,20161024000045.xml
클리오,2016-11-09,코스닥,일반,0,0,0,0,20161027000349.xml
삼성바이오로직스,2016-11-10,유가증권,일반,0,0,0,0,20161028000334.xml
수젠텍,2016-11-11,코넥스,(NULL),1,0,35,0,20190513000745.xml
비플라이소프트,2016-11-16,코스닥,(NULL),1,0,56,4,20220608000028.xml
두산밥캣,2016-11-18,유가증권,일반,0,0,0,0,20161107000002.xml
핸디소프트,2016-11-24,코스닥,일반,0,0,0,0,20161111000305.xml
에이치엔티,2016-11-28,코스닥,일반,0,0,0,0,20161116000121.xml
나무기술,2016-11-28,코넥스,(NULL),0,0,3,0,20160819000002.xml
시큐센,2016-11-29,코스닥,(NULL),0,0,14,1,20230619000136.xml
스템랩,2016-11-29,코스닥,(NULL),0,0,0,0,
뉴파워프라즈마,2016-11-30,코스닥,일반,0,0,3,0,20161118000332.xml
엘앤케이바이오,2016-11-30,코스닥,일반,0,0,4,0,20161118000154.xml
오션브릿지,2016-12-01,코스닥,일반,0,0,3,0,20161118000262.xml
퓨쳐켐,2016-12-01,코스닥,기술특례,0,0,8,0,20161122000084.xml
핸즈코퍼레이션,2016-12-02,유가증권,일반,0,0,0,0,20161118000005.xml
신라젠,2016-12-06,코스닥,기술특례,0,0,15,0,20161125000431.xml
애니젠,2016-12-07,코스닥,기술특례,0,0,2,0,20161125000358.xml
유니온커뮤니티,2016-12-07,코스닥,일반,0,0,0,0,
바이오프로테크,2016-12-08,코스닥,(NULL),0,0,0,0,
현성바이탈,2016-12-09,코스닥,일반,0,0,0,0,
마이크로프랜드,2016-12-12,코스닥,일반,0,0,0,0,20161130000826.xml
피시피아비아이티,2016-12-13,코스닥,(NULL),0,0,0,0,
티에스인베스트먼트,2016-12-15,코스닥,일반,0,0,0,0,20161206000135.xml
DSC인베스트먼트,2016-12-19,코스닥,일반,0,0,0,0,20161207000343.xml
오파스넷,2016-12-20,코넥스,(NULL),0,0,2,0,20180810000047.xml
패션플랫폼,2016-12-20,코넥스,(NULL),0,0,3,0,20150914000005.xml
퓨전데이타,2016-12-21,코스닥,일반,0,0,0,0,20161209000102.xml
케이피에스,2016-12-21,코스닥,(NULL),0,0,0,0,
피엔아이시스템,2016-12-22,코스닥,(NULL),0,0,0,0,
전우정밀,2016-12-23,코스닥,(NULL),0,0,0,0,
캐로스,2016-12-23,코스닥,(NULL),0,0,0,0,
오백볼트,2016-12-28,코스닥,(NULL),0,0,0,0,
에스앤디,2016-12-29,코넥스,(NULL),0,0,5,1,20210910000093.xml
케미메디,2017-01-13,코스닥,(NULL),0,0,0,0,
비디아이,2017-01-16,코넥스,(NULL),0,0,2,0,20171020000001.xml
유바이오로직스,2017-01-24,코스닥,기술특례,0,0,18,0,20170112000089.xml
서플러스글로벌,2017-01-25,코스닥,일반,0,0,0,0,20161004000010.xml
호전실업,2017-02-02,유가증권,일반,0,0,0,0,20170118000323.xml
피씨엘,2017-02-23,코스닥,기술특례,0,0,6,0,20161213000091.xml
모바일어플라이언스,2017-02-24,코스닥,일반,0,0,5,0,20170215000070.xml
에프엔에스테크,2017-02-27,코스닥,일반,0,0,1,0,20170214000335.xml
신신제약,2017-02-28,코스닥,일반,0,0,3,0,20170214000585.xml
에스디생명공학,2017-03-02,코스닥,일반,0,0,3,0,20170217000346.xml
덴티움,2017-03-15,유가증권,일반,0,0,0,0,20170302000291.xml
아스타,2017-03-20,코스닥,기술특례,0,0,13,0,20170308000203.xml
코미코,2017-03-23,코스닥,일반,0,0,1,0,20170310000356.xml
서진시스템,2017-03-27,코스닥,일반,0,0,3,0,20170315000227.xml
이엘피,2017-04-06,코스닥,일반,0,0,0,0,20161202000014.xml
플렉스파워에이더블유에스,2017-04-24,코스닥,(NULL),0,0,0,0,
엠앤씨생명과학,2017-04-25,코스닥,(NULL),0,0,0,0,
와이엠티,2017-04-27,코스닥,일반,0,0,23,0,20170414001551.xml
하나머티리얼즈,2017-04-28,코스닥,일반,0,0,4,0,20170414001465.xml
앙츠,2017-04-28,코스닥,(NULL),0,0,0,0,
에스와이제이,2017-05-02,코스닥,(NULL),0,0,0,0,
아이엔지생명,2017-05-11,유가증권,일반,0,0,2,0,20170424000341.xml
넷마블게임즈,2017-05-12,유가증권,일반,0,0,2,0,20170424000109.xml
SGA임베디드,2017-05-23,코넥스,(NULL),0,0,2,0,20180122000271.xml
필옵틱스,2017-06-01,코스닥,일반,0,0,1,0,20170522000087.xml
삼양옵틱스,2017-06-02,코스닥,일반,0,0,2,0,20151123000025.xml
보라티알,2017-06-08,코스닥,일반,0,0,3,0,20170526000344.xml
뿌리깊은나무들,2017-06-09,코스닥,(NULL),0,0,0,0,
에스알바이오텍,2017-06-15,코스닥,(NULL),0,0,0,0,
다이오진,2017-06-19,코스닥,(NULL),0,0,0,0,
메디안디노스틱,2017-06-26,코스닥,(NULL),0,0,0,0,
주노콜렉션,2017-06-27,코스닥,(NULL),0,0,0,0,
극동자동화,2017-06-28,코스닥,(NULL),0,0,0,0,
제일홀딩스,2017-06-30,코스닥,일반,0,0,1,0,20170615000297.xml
알로이스,2017-07-07,코넥스,(NULL),0,0,0,0,20180709000037.xml
카카오,2017-07-10,유가증권,일반,0,0,0,0,20151204000005.xml
아우딘퓨쳐스,2017-07-12,코스닥,일반,0,0,1,0,20170630000057.xml
브이원텍,2017-07-13,코스닥,일반,0,0,2,0,20170629000314.xml
힘스,2017-07-20,코스닥,일반,0,0,4,0,20170707000208.xml
에브리봇,2017-07-24,코넥스,(NULL),0,0,5,7,20210716000185.xml
루켄테크놀러지스,2017-07-25,코스닥,(NULL),0,0,0,0,
이즈미디어,2017-07-26,코스닥,일반,0,0,0,0,20170714000216.xml
셀트리온헬스케어,2017-07-28,코스닥,일반,0,0,2,0,20170717000343.xml
디앤씨미디어,2017-08-01,코스닥,일반,0,0,2,0,20170721000127.xml
지니언스,2017-08-02,코스닥,일반,0,0,1,0,20170721000037.xml
데이타솔루션,2017-08-03,코스닥,일반,0,0,0,0,20170721000020.xml
모트렉스,2017-08-04,코스닥,일반,0,0,0,0,20170725000075.xml
컬러레이,2017-08-10,코스닥,일반,0,0,1,0,20170728000441.xml
알에스오토메이션,2017-08-11,코스닥,일반,0,0,3,0,20170727000227.xml
포인트엔지니어링,2017-08-14,코넥스,(NULL),0,0,3,0,20161205000034.xml
이더블유케이,2017-08-22,코스닥,일반,0,0,2,0,20170808000042.xml
명진홀딩스,2017-08-24,코스닥,(NULL),0,0,0,0,
덕우전자,2017-08-28,코스닥,일반,0,0,0,0,20170814000056.xml
시그넷이브이,2017-08-30,코스닥,(NULL),0,0,0,0,
케이피에스,2017-09-06,코스닥,일반,0,0,0,0,
두원석재,2017-09-08,코스닥,(NULL),0,0,0,0,
펄어비스,2017-09-14,코스닥,일반,0,0,0,0,20170901000255.xml
샘코,2017-09-15,코스닥,기술특례,0,0,5,0,20170905000306.xml
앱클론,2017-09-18,코스닥,기술특례,0,0,6,0,20170906000121.xml
선익시스템,2017-09-20,코스닥,일반,0,0,2,0,20170908000030.xml
엠플러스,2017-09-20,코스닥,일반,0,0,2,0,20170908000341.xml
유티아이,2017-09-27,코스닥,일반,0,0,2,0,20170914000418.xml
신흥에스이씨,2017-09-27,코스닥,일반,0,0,3,0,20170914000331.xml
에스엔피월드,2017-09-28,코스닥,일반,0,0,2,0,20170918000109.xml
야스,2017-09-29,코스닥,일반,0,0,0,0,20170919000194.xml
상신전자,2017-10-16,코스닥,일반,0,0,0,0,20170925000007.xml
세원,2017-10-20,코스닥,일반,0,0,0,0,
영화테크,2017-10-26,코스닥,일반,0,0,2,0,20171016000066.xml
탑선,2017-10-27,코스닥,(NULL),0,0,0,0,
티에스아이,2017-10-30,코넥스,(NULL),0,0,9,33,20200709000289.xml
테이팩스,2017-10-31,유가증권,일반,0,0,4,0,20171020000342.xml
에프엠에스,2017-10-31,코스닥,(NULL),0,0,0,0,
티슈진,2017-11-06,코스닥,일반,0,0,0,0,
비디아이,2017-11-09,코스닥,일반,0,0,2,0,20171020000001.xml
미디어젠,2017-11-10,코넥스,(NULL),0,0,12,2,20191002000166.xml
스튜디오드래곤,2017-11-24,코스닥,일반,0,0,2,0,20171115000127.xml
삼양패키징,2017-11-29,유가증권,일반,0,0,0,0,20171117000029.xml
비즈니스온,2017-11-30,코스닥,일반,0,0,5,0,20171120000078.xml
대원,2017-12-01,코스닥,일반,0,0,1,0,20171121000228.xml
체리부로,2017-12-04,코스닥,일반,0,0,2,0,20171120000164.xml
에스트래픽,2017-12-05,코스닥,일반,0,0,2,0,20171122000164.xml
메카로,2017-12-06,코스닥,일반,0,0,1,0,20171124000137.xml
씨티케이코스메틱스,2017-12-07,코스닥,일반,0,0,0,0,20171124000037.xml
동양피스톤,2017-12-08,유가증권,일반,0,0,2,0,20171127000116.xml
진에어,2017-12-08,유가증권,일반,0,0,1,0,20171128000038.xml
휴럼,2017-12-12,코넥스,(NULL),0,0,1,0,20200605000140.xml
씨알푸드,2017-12-14,코스닥,(NULL),0,0,0,0,
바이오시네틱스,2017-12-15,코스닥,(NULL),0,0,0,0,
디바이스이엔지,2017-12-20,코스닥,일반,0,0,0,0,20171207000123.xml
라이프사이언스테크놀로지,2017-12-21,코스닥,(NULL),0,0,0,0,
탈모닷컴,2017-12-22,코스닥,(NULL),0,0,0,0,
시스웍,2017-12-26,코스닥,일반,0,0,1,0,20171213000011.xml
씨앤지하이테크,2018-01-25,코스닥,일반,0,0,2,0,20180115000154.xml
SG,2018-01-26,코스닥,일반,0,0,2,0,20180122000271.xml
배럴,2018-02-01,코스닥,일반,0,0,1,0,20171227000113.xml
링크제니시스,2018-02-05,코스닥,일반,0,0,7,0,20180110000359.xml
카페24,2018-02-08,코스닥,이익미실현,0,0,6,31,20180126000180.xml
셀트리온,2018-02-09,유가증권,일반,0,0,0,0,20230922000383.xml
알리코제약,2018-02-12,코스닥,일반,0,0,5,0,20180131000083.xml
아시아종묘,2018-02-12,코스닥,일반,0,0,19,0,20180131000359.xml
동구바이오제약,2018-02-13,코스닥,일반,0,0,8,0,20180202000110.xml
엔지켐생명과학,2018-02-21,코스닥,기술특례,0,0,25,0,20180207000115.xml
오스테오닉,2018-02-22,코스닥,기술특례,0,0,24,0,20180206000347.xml
린드먼아시아,2018-03-14,코스닥,일반,0,0,3,0,20180302000158.xml
에코마이스터,2018-03-15,코스닥,기술특례,0,0,40,0,20180302000254.xml
애경산업,2018-03-22,유가증권,일반,0,0,1,0,20180312000178.xml
케어랩스,2018-03-28,코스닥,일반,0,0,1,0,20180315000128.xml
위세아이텍,2018-04-02,코넥스,(NULL),0,0,4,0,20191230000053.xml
JTC,2018-04-06,코스닥,일반,0,0,2,0,20180323000111.xml
에스제이켐,2018-04-27,코스닥,(NULL),0,0,0,0,
다이노나,2018-05-08,코넥스,(NULL),0,0,2,0,20200528000979.xml
디피코,2018-05-16,코스닥,(NULL),0,0,0,0,
제노레이,2018-05-28,코스닥,일반,0,0,0,0,20180515000471.xml
세종메디칼,2018-05-29,코스닥,일반,0,0,2,0,20180517000237.xml
현대사료,2018-06-01,코스닥,일반,0,0,2,0,20180521000392.xml
파워넷,2018-06-07,코스닥,일반,0,0,7,0,20180528000160.xml
에스엠비나,2018-06-25,코스닥,(NULL),0,0,0,0,
EDGC,2018-06-26,코스닥,일반,0,0,17,0,20180614000657.xml
지앤이바이오텍,2018-06-29,코스닥,(NULL),0,0,0,0,
엘리비젼,2018-07-05,코스닥,(NULL),0,0,0,0,
SV인베스트먼트,2018-07-06,코스닥,일반,0,0,3,0,20180625000357.xml
아이큐어,2018-07-12,코스닥,기술특례,0,0,12,2,20180703000382.xml
테크트랜스,2018-07-13,코스닥,(NULL),0,0,0,0,
올릭스,2018-07-18,코스닥,기술특례,0,0,14,6,20180706000084.xml
엠코르셋,2018-07-23,코스닥,일반,0,0,0,0,20180711000152.xml
한국유니온제약,2018-07-26,코스닥,일반,0,0,2,0,20180712000074.xml
롯데정보통신,2018-07-27,유가증권,일반,0,0,2,0,20180716000174.xml
티웨이항공,2018-08-01,유가증권,일반,0,0,1,0,20180720000389.xml
휴네시온,2018-08-02,코스닥,일반,0,0,1,0,20180724000062.xml
에스에스알,2018-08-06,코스닥,일반,0,0,1,0,20180725000033.xml
디아이티,2018-08-07,코스닥,일반,0,0,1,0,20180724000021.xml
엔케이맥스,2018-08-09,코스닥,(NULL),0,0,0,0,
대유,2018-08-10,코스닥,일반,0,0,4,0,20180723000060.xml
더콘텐츠온,2018-08-13,코스닥,(NULL),0,0,0,0,
리메드,2018-08-14,코넥스,(NULL),0,0,9,31,20191119000020.xml
바이오솔루션,2018-08-20,코스닥,기술특례,0,0,15,0,20180807000303.xml
에이피티씨,2018-08-23,코스닥,일반,0,0,1,0,20180810000555.xml
오파스넷,2018-08-24,코스닥,일반,0,0,2,0,20180810000047.xml
액트로,2018-08-28,코스닥,일반,0,0,4,0,20180814000786.xml
디지캡,2018-09-07,코스닥,일반,0,0,3,0,20180822000022.xml
엔솔바이오,2018-09-10,코스닥,(NULL),0,0,0,0,
명성티엔에스,2018-09-13,코스닥,일반,0,0,4,0,20180903000020.xml
우진아이엔에스,2018-09-14,유가증권,일반,0,0,0,0,20180904000072.xml
지티지웰니스,2018-09-21,코스닥,일반,0,0,0,0,
크리스에프앤씨,2018-10-01,코스닥,일반,0,0,4,0,20180914000648.xml
하나제약,2018-10-02,유가증권,일반,0,0,4,0,20180914000010.xml
푸드나무,2018-10-04,코스닥,일반,0,0,2,0,20180914000568.xml
나우아이비캐피탈,2018-10-04,코스닥,일반,0,0,2,0,20180913000135.xml
에스퓨얼셀,2018-10-15,코스닥,일반,0,0,6,0,20180921000110.xml
로보티즈,2018-10-26,코스닥,일반,1,0,31,0,20181015000477.xml
옵티팜,2018-10-26,코스닥,기술특례,1,0,31,0,20181015000183.xml
엘앤씨바이오,2018-11-01,코스닥,일반,0,0,5,0,20181022000079.xml
노바텍,2018-11-02,코스닥,일반,0,0,1,0,20181022000097.xml
대보마그네틱,2018-11-06,코스닥,일반,0,0,0,0,20181023000171.xml
셀리버리,2018-11-09,코스닥,기술특례(성장성),11,0,45,3,20181025000031.xml
노바렉스,2018-11-14,코스닥,일반,0,0,4,1,20181102000071.xml
디자인,2018-11-15,코스닥,일반,0,0,1,0,20181107000089.xml
아이엘사이언스,2018-11-16,코스닥,(NULL),0,0,0,0,
디케이앤디,2018-11-20,코스닥,일반,0,0,2,0,20181106000213.xml
아주IB투자,2018-11-21,코스닥,일반,0,0,3,5,20181109000388.xml
파멥신,2018-11-21,코스닥,일반,0,0,13,5,20181108000408.xml
싸이토젠,2018-11-22,코스닥,기술특례,0,0,14,0,20181112000316.xml
디알젬,2018-11-22,코스닥,일반,0,0,0,0,20181108000221.xml
아시아나IDT,2018-11-23,유가증권,일반,0,0,2,0,20181114000972.xml
나라소프트,2018-11-23,코스닥,(NULL),0,0,0,0,
티앤알바이오팹,2018-11-28,코스닥,기술특례,1,0,25,0,20181114000742.xml
네오펙트,2018-11-28,코스닥,일반,0,0,4,0,20181115000032.xml
에이펙스인텍,2018-11-28,코스닥,(NULL),0,0,0,0,
남화산업,2018-11-29,코스닥,일반,0,0,0,0,20181113000246.xml
티로보틱스,2018-11-29,코스닥,일반,0,0,4,0,20181116000182.xml
엠아이텍,2018-11-29,코스닥,일반,0,0,2,0,20181116000018.xml
윙입푸드,2018-11-30,코스닥,일반,0,0,2,6,20181119000018.xml
비엔에프코퍼레이션,2018-11-30,코스닥,(NULL),0,0,0,0,
베스파,2018-12-03,코스닥,일반,0,0,3,5,20181120000004.xml
에코캡,2018-12-05,코스닥,일반,0,0,2,0,20181115000119.xml
대유에이피,2018-12-07,코스닥,일반,0,0,3,0,20181126000391.xml
이노메트리,2018-12-12,코스닥,일반,0,0,2,6,20181130000313.xml
뉴트리,2018-12-13,코스닥,일반,0,0,1,5,20181130000026.xml
머큐리,2018-12-14,코스닥,일반,0,0,2,0,20181204000072.xml
전진바이오팜,2018-12-14,코스닥,기술특례,1,0,37,0,20181203000108.xml
에이비엘바이오,2018-12-19,코스닥,기술특례,0,0,15,0,20181210000345.xml
프로테옴텍,2018-12-19,코스닥,(NULL),1,0,51,7,20230605000257.xml
위지윅스튜디오,2018-12-20,코스닥,일반,0,0,1,0,20181211000331.xml
디케이티,2018-12-21,코스닥,일반,0,0,4,1,20181211000124.xml
테크엔,2018-12-21,코스닥,(NULL),0,0,0,0,
유틸렉스,2018-12-24,코스닥,기술특례,0,0,31,0,20181212000279.xml
비피도,2018-12-26,코스닥,기술특례,0,0,22,0,20181214000429.xml
지놈앤컴퍼니,2018-12-26,코넥스,(NULL),2,0,64,0,20201210000485.xml
에어부산,2018-12-27,유가증권,일반,0,0,3,3,20181217000216.xml
대원모방,2018-12-27,코스닥,(NULL),0,0,0,0,
엘에이티,2018-12-28,코스닥,(NULL),0,0,0,0,
웹케시,2019-01-25,코스닥,일반,0,0,1,0,20190114000238.xml
노랑풍선,2019-01-30,코스닥,일반,0,0,0,0,20190118000015.xml
이노테라피,2019-02-01,코스닥,기술특례,0,0,12,0,20190122000131.xml
천보,2019-02-11,코스닥,일반,0,0,5,0,20190124000440.xml
우리금융지주,2019-02-13,유가증권,일반,0,0,0,0,20230907000024.xml
셀리드,2019-02-20,코스닥,기술특례,0,0,30,5,20190201000199.xml
에코프로비엠,2019-03-05,코스닥,일반,0,0,0,0,20190220000799.xml
더블유게임즈,2019-03-12,유가증권,일반,0,0,0,0,20151022000161.xml
드림텍,2019-03-14,유가증권,일반,0,0,5,1,20181031000022.xml
미래에셋벤처투자,2019-03-15,코스닥,일반,0,0,4,0,20190305000678.xml
이지케어텍,2019-03-22,코스닥,일반,0,0,5,0,20190308000278.xml
지노믹트리,2019-03-27,코스닥,기술특례,1,0,33,5,20190314000709.xml
현대오토에버,2019-03-28,유가증권,일반,0,0,4,1,20190318000774.xml
아모그린텍,2019-03-29,코스닥,이익미실현,0,0,30,4,20190315000266.xml
이노벡스,2019-04-12,코스닥,(NULL),0,0,0,0,
SNK,2019-05-07,코스닥,일반,0,0,0,0,
다원넥스뷰,2019-05-21,코넥스,(NULL),1,0,29,2,20240405000062.xml
컴퍼니케이,2019-05-23,코스닥,일반,0,0,5,1,20190510000386.xml
수젠텍,2019-05-28,코스닥,기술특례,1,0,35,0,20190513000745.xml
포스코케미칼,2019-05-29,유가증권,일반,0,0,0,0,
원바이오젠,2019-06-03,코스닥,(NULL),0,0,0,0,
마이크로디지탈,2019-06-05,코스닥,기술특례,1,0,24,2,20190523000445.xml
까스텔바쟉,2019-06-10,코스닥,일반,0,0,6,0,20190529000475.xml
압타바이오,2019-06-12,코스닥,기술특례,0,0,33,10,20190531000906.xml
티티씨디펜스,2019-06-27,코스닥,(NULL),0,0,0,0,
에이에프더블류,2019-07-01,코스닥,일반,0,0,4,1,20190617000176.xml
펌텍코리아,2019-07-04,코스닥,일반,0,0,0,0,20190624000289.xml
펨토바이오메드,2019-07-10,코스닥,(NULL),0,0,0,0,
아이스크림에듀,2019-07-11,코스닥,일반,0,0,0,0,20190628000672.xml
세틀뱅크,2019-07-12,코스닥,일반,0,0,0,0,20190702000355.xml
구스앤홈,2019-07-12,코스닥,(NULL),0,0,0,0,
플리토,2019-07-17,코스닥,기술특례,0,6,3,0,20190705000069.xml
에이스토리,2019-07-19,코스닥,일반,0,0,4,1,20190708000136.xml
대모,2019-07-24,코스닥,일반,0,0,0,0,20190712000157.xml
윌링스,2019-07-25,코스닥,일반,0,0,3,0,20190715000089.xml
세경하이테크,2019-07-30,코스닥,일반,0,0,2,0,20190719000458.xml
슈프리마아이디,2019-08-01,코스닥,일반,0,0,0,0,20190719000033.xml
한국바이오젠,2019-08-01,코스닥,일반,0,0,5,0,20190722000212.xml
덕산테코피아,2019-08-02,코스닥,일반,0,0,4,1,20190722000077.xml
코윈테크,2019-08-05,코스닥,일반,0,0,2,1,20190723000079.xml
케어룸의료산업,2019-08-05,코스닥,(NULL),0,0,0,0,
그린플러스,2019-08-07,코스닥,일반,0,0,0,0,
레이,2019-08-08,코스닥,일반,0,0,4,0,20190725000037.xml
에스피시스템스,2019-08-14,코스닥,일반,0,0,0,0,20190801000090.xml
나노브릭,2019-08-19,코스닥,기술특례,0,0,7,2,20190806000214.xml
마니커에프앤지,2019-08-20,코스닥,일반,0,0,3,6,20190805000100.xml
네오크레마,2019-08-22,코스닥,일반,0,0,4,0,20190809000198.xml
아퓨어스,2019-09-03,코스닥,(NULL),0,0,0,0,
한독크린텍,2019-09-05,코스닥,일반,0,0,1,0,20190826000173.xml
라닉스,2019-09-18,코스닥,기술특례(성장성),21,0,57,2,20190903000126.xml
올리패스,2019-09-20,코스닥,기술특례(성장성),6,0,40,7,20190904000196.xml
엔지브이아이,2019-09-30,코스닥,(NULL),0,0,0,0,
녹십자웰빙,2019-10-14,코스닥,일반,0,0,6,0,20190927000466.xml
아톤,2019-10-17,코스닥,일반,0,0,4,1,20191007000371.xml
라온피플,2019-10-18,코스닥,일반,0,0,1,0,20191008000029.xml
제이콘텐트리,2019-10-18,유가증권,일반,0,0,0,0,
팜스빌,2019-10-22,코스닥,일반,0,0,1,0,20191007000194.xml
엔바이오니아,2019-10-24,코스닥,기술특례,1,1,36,0,20191011000200.xml
케이엔제이,2019-10-25,코스닥,일반,0,0,2,0,20191015000138.xml
한국미라클피플사,2019-10-28,코스닥,(NULL),0,0,0,0,
캐리소프트,2019-10-29,코스닥,기술특례,1,10,15,0,20191017000136.xml
지누스,2019-10-30,유가증권,일반,0,0,4,1,20191018000356.xml
티라유텍,2019-10-31,코스닥,일반,0,0,4,4,20191021000118.xml
미디어젠,2019-11-05,코스닥,기술특례,0,0,12,2,20191002000166.xml
자이에스앤디,2019-11-06,유가증권,일반,0,0,3,1,20191024000168.xml
아이티엠반도체,2019-11-07,코스닥,일반,0,0,4,1,20191029000238.xml
라파스,2019-11-11,코스닥,기술특례(성장성),7,0,52,6,20191030000166.xml
한화시스템,2019-11-13,유가증권,일반,0,0,4,0,20191031000447.xml
제테마,2019-11-14,코스닥,이익미실현,0,0,10,40,20191104000304.xml
에스제이그룹,2019-11-18,코스닥,일반,0,0,5,1,20191105000199.xml
현대에너지솔루션,2019-11-19,유가증권,일반,0,0,3,0,20191106000372.xml
우양,2019-11-20,코스닥,일반,0,0,1,0,20191108000073.xml
코리아에셋투자증권,2019-11-20,코스닥,일반,0,0,3,0,20191107000232.xml
씨에스베어링,2019-11-21,코스닥,일반,0,0,0,0,20191107000127.xml
티움바이오,2019-11-22,코스닥,기술특례,0,0,23,5,20191108000163.xml
센트랄모텍,2019-11-25,유가증권,일반,0,0,1,8,20191112000120.xml
노터스,2019-11-27,코스닥,일반,0,0,2,0,20191113000361.xml
유엑스엔,2019-11-28,코스닥,(NULL),0,0,0,0,
코리아센터,2019-11-29,코스닥,일반,0,0,4,1,20191120000496.xml
진코스텍,2019-11-29,코스닥,(NULL),0,0,0,0,
이도바이오,2019-12-02,코스닥,(NULL),0,0,0,0,
리메드,2019-12-06,코스닥,이익미실현,0,0,9,31,20191119000020.xml
노드메이슨,2019-12-06,코스닥,(NULL),0,0,0,0,
태웅로직스,2019-12-10,코스닥,일반,0,0,4,1,20191125000235.xml
제이엘케이인스펙션,2019-12-11,코스닥,기술특례,1,0,36,0,20191129001530.xml
신테카바이오,2019-12-17,코스닥,기술특례(성장성),8,0,41,7,20191206000577.xml
메드팩토,2019-12-19,코스닥,기술특례,0,0,35,7,20191209000250.xml
브릿지바이오,2019-12-20,코스닥,기술특례(성장성),2,0,40,6,20191211000415.xml
메탈라이프,2019-12-24,코스닥,일반,0,0,1,0,20191211000161.xml
애드바이오텍,2019-12-24,코넥스,(NULL),2,0,41,2,20211228000060.xml
피피아이,2019-12-26,코스닥,일반,0,0,2,0,20191213000083.xml
천랩,2019-12-26,코스닥,기술특례(성장성),2,0,24,0,20191216000251.xml
엔에스엠,2019-12-26,코스닥,(NULL),0,0,0,0,
이앤에치,2019-12-27,코스닥,(NULL),0,0,0,0,
위세아이텍,2020-02-10,코스닥,일반,0,0,4,0,20191230000053.xml
서남,2020-02-20,코스닥,기술특례,0,0,16,0,20200207000125.xml
레몬,2020-02-28,코스닥,기술특례,1,1,44,0,20200218000962.xml
켄코아에어로스페이스,2020-03-03,코스닥,이익미실현,0,0,12,36,20200219001052.xml
제이앤티씨,2020-03-04,코스닥,일반,0,0,1,0,20161115000005.xml
서울바이오시스,2020-03-06,코스닥,기술특례,0,0,21,0,20200225001811.xml
플레이디,2020-03-12,코스닥,일반,0,0,3,0,20200227004284.xml
엔피디,2020-03-16,코스닥,일반,0,0,2,0,20200228005605.xml
단디바이오,2020-04-24,코스닥,(NULL),0,0,0,0,
이노진,2020-04-27,코넥스,(NULL),0,0,3,6,20230208000177.xml
오션스톤,2020-05-07,코스닥,(NULL),0,0,0,0,
드림씨아이에스,2020-05-22,코스닥,일반,0,0,4,1,20200511000334.xml
에스씨엠생명과학,2020-06-17,코스닥,기술특례,2,0,48,0,20200605000211.xml
엘이티,2020-06-22,코스닥,일반,0,0,2,0,20200609000051.xml
무진메디,2020-06-24,코스닥,(NULL),0,0,0,0,
젠큐릭스,2020-06-25,코스닥,기술특례,1,0,66,6,20200612000454.xml
폭스소프트,2020-06-25,코스닥,(NULL),0,0,0,0,
마크로밀엠브레인,2020-07-01,코스닥,일반,0,0,3,1,20200617000383.xml
에스케이바이오팜,2020-07-02,유가증권,일반,0,0,2,2,20200619000482.xml
위더스제약,2020-07-03,코스닥,일반,0,0,6,1,20200623000326.xml
신도기연,2020-07-06,코스닥,일반,0,0,0,0,20200624000471.xml
소마젠,2020-07-13,코스닥,기술특례,1,3,38,4,20200625000494.xml
에이프로,2020-07-16,코스닥,일반,0,0,7,2,20200707000401.xml
티에스아이,2020-07-22,코스닥,일반,0,0,9,33,20200709000289.xml
바이오인프라생명과학,2020-07-22,코스닥,(NULL),0,0,0,0,
솔트룩스,2020-07-23,코스닥,기술특례(성장성),2,0,42,0,20200710000100.xml
제놀루션,2020-07-24,코스닥,기술특례,3,0,33,2,20200713000257.xml
더네이쳐홀딩스,2020-07-27,코스닥,일반,0,0,2,0,20200713000194.xml
엠투아이,2020-07-29,코스닥,일반,0,0,2,0,20200714000287.xml
이엔드디,2020-07-30,코스닥,일반,0,0,0,0,
와이팜,2020-07-31,코스닥,일반,0,0,6,4,20200720000218.xml
이루다,2020-08-06,코스닥,일반,0,0,6,0,20200723000110.xml
한국파마,2020-08-10,코스닥,일반,0,0,4,0,20200728000112.xml
영림원소프트랩,2020-08-12,코스닥,일반,0,0,3,0,20200730000136.xml
브랜드엑스코퍼레이션,2020-08-13,코스닥,일반,0,0,2,1,20200803000190.xml
미투젠,2020-08-18,코스닥,일반,0,0,0,0,
데이드림엔터,2020-08-18,코스닥,(NULL),0,0,0,0,
셀레믹스,2020-08-21,코스닥,기술특례(성장성),4,0,45,14,20200806000375.xml
아이디피,2020-08-24,코스닥,일반,0,0,6,8,20200810000080.xml
피엔케이,2020-09-09,코스닥,일반,0,0,3,0,20200828000134.xml
카카오게임즈,2020-09-10,코스닥,일반,0,0,7,1,20200831000067.xml
이오플로우,2020-09-14,코스닥,기술특례(성장성),9,0,57,12,20200901000087.xml
압타머사이언스,2020-09-16,코스닥,기술특례(성장성),9,0,59,13,20200904000335.xml
핌스,2020-09-18,코스닥,일반,0,0,10,6,20200907000058.xml
비비씨,2020-09-21,코스닥,일반,0,0,1,0,20200907000129.xml
박셀바이오,2020-09-22,코스닥,기술특례,1,0,57,7,20200908000273.xml
비나텍,2020-09-23,코스닥,일반,0,0,1,1,20200910000538.xml
원방테크,2020-09-24,코스닥,일반,0,0,2,0,20200911000117.xml
넥스틴,2020-10-08,코스닥,기술특례,0,0,22,0,20200922000435.xml
빅히트,2020-10-15,유가증권,일반,0,0,2,2,20200928000123.xml
피플바이오,2020-10-19,코스닥,기술특례,0,0,37,6,20200928000113.xml
미코바이오메드,2020-10-22,코스닥,일반,0,0,0,0,
원포유,2020-10-23,코스닥,(NULL),0,0,0,0,
바이브컴퍼니,2020-10-28,코스닥,기술특례(성장성),2,0,42,2,20201015000137.xml
센코,2020-10-29,코스닥,기술특례,2,0,59,0,20201016000287.xml
위드텍,2020-10-30,코스닥,일반,0,0,5,0,20201019000156.xml
소룩스,2020-11-06,코스닥,일반,0,0,4,0,20201028000173.xml
교촌에프앤비,2020-11-12,유가증권,일반,0,0,3,10,20201102000183.xml
네패스아크,2020-11-17,코스닥,일반,0,0,1,0,20201105000192.xml
고바이오랩,2020-11-18,코스닥,기술특례(성장성),11,0,86,15,20201106000216.xml
티앤엘,2020-11-20,코스닥,일반,0,0,7,0,20201111000269.xml
에이플러스에셋,2020-11-20,유가증권,일반,0,0,0,0,20160721000004.xml
하나기술,2020-11-25,코스닥,일반,0,0,5,5,20201112000090.xml
제일전기공업,2020-11-26,코스닥,일반,0,0,2,0,20201113000249.xml
앱코,2020-12-02,코스닥,일반,0,0,2,4,20201120000062.xml
엔에프씨,2020-12-02,코스닥,일반,0,0,3,1,20201119000087.xml
포인트모바일,2020-12-03,코스닥,일반,0,0,3,5,20201119000146.xml
클리노믹스,2020-12-04,코스닥,기술특례(성장성),7,0,70,16,20201120000295.xml
명신산업,2020-12-07,유가증권,일반,0,0,2,1,20201126000371.xml
퀀타매트릭스,2020-12-09,코스닥,기술특례,3,0,37,9,20201130000085.xml
엔젠바이오,2020-12-10,코스닥,기술특례,1,0,44,2,20201127000054.xml
인바이오,2020-12-11,코스닥,일반,0,0,0,0,20201130000526.xml
씨엔티드림,2020-12-11,코스닥,(NULL),0,0,0,0,
티엘비,2020-12-14,코스닥,일반,0,0,10,3,20201202000307.xml
에프앤가이드,2020-12-17,코스닥,일반,0,0,0,0,20180910000228.xml
알체라,2020-12-21,코스닥,기술특례(성장성),10,0,60,6,20201208000234.xml
프리시젼바이오,2020-12-22,코스닥,기술특례,1,0,63,2,20201210000090.xml
석경에이티,2020-12-23,코스닥,기술특례,2,0,66,0,20201214000394.xml
지놈앤컴퍼니,2020-12-23,코스닥,기술특례,2,0,64,0,20201210000485.xml
루트락,2020-12-24,코스닥,(NULL),0,0,0,0,
에이스캠퍼,2020-12-29,코스닥,(NULL),0,0,0,0,
나우코스,2020-12-30,코스닥,(NULL),0,0,0,0,
엔비티,2021-01-21,코스닥,기술특례,0,12,1,0,20201231000135.xml
선진뷰티사이언스,2021-01-27,코스닥,일반,0,0,2,1,20201221000185.xml
모비릭스,2021-01-28,코스닥,일반,0,0,6,0,20201231000382.xml
씨앤투스성진,2021-01-28,코스닥,이익미실현,0,0,3,23,20210115000208.xml
핑거,2021-01-29,코스닥,일반,0,0,1,1,20210119000043.xml
솔루엠,2021-02-02,유가증권,일반,0,0,1,0,20210120000141.xml
레인보우로보틱스,2021-02-03,코스닥,기술특례(성장성),4,0,52,14,20210121000421.xml
와이더플래닛,2021-02-03,코스닥,기술특례,1,5,13,0,20201231000458.xml
아이퀘스트,2021-02-05,코스닥,일반,0,0,7,0,20210125000479.xml
피비파마,2021-02-05,유가증권,일반,0,0,0,0,
피엔에이치테크,2021-02-16,코스닥,기술특례,1,0,53,0,20210202000324.xml
오로스테크놀로지,2021-02-24,코스닥,일반,0,0,14,5,20210210001143.xml
씨이랩,2021-02-24,코스닥,기술특례,1,0,36,1,20210210000271.xml
유일에너테크,2021-02-25,코스닥,일반,0,0,11,1,20210209000384.xml
뷰노,2021-02-26,코스닥,기술특례,7,0,44,2,20210215001088.xml
나노씨엠에스,2021-03-09,코스닥,기술특례,1,0,22,2,20210224003230.xml
프레스티지바이오로직스,2021-03-11,코스닥,기술특례(성장성),37,0,40,11,20210226006050.xml
싸이버원,2021-03-11,코스닥,일반,0,0,11,7,20210226004083.xml
네오이뮨텍,2021-03-16,코스닥,기술특례,1,0,67,3,20210226005897.xml
바이오다인,2021-03-17,코스닥,이익미실현,0,0,22,41,20210304000650.xml
SK바이오사이언스,2021-03-18,유가증권,일반,0,0,4,2,20210308000396.xml
라이프시맨틱스,2021-03-23,코스닥,기술특례,1,5,57,0,20210310000586.xml
자이언트스텝,2021-03-24,코스닥,기술특례,1,0,30,0,20210312000380.xml
제노코,2021-03-24,코스닥,기술특례,1,0,30,0,20210312000041.xml
엔시스,2021-04-01,코스닥,일반,0,0,11,0,20210319000712.xml
해성티피씨,2021-04-21,코스닥,기술특례,3,0,66,0,20210409000524.xml
이삭엔지니어링,2021-04-21,코스닥,일반,0,0,8,1,20210409000112.xml
쿠콘,2021-04-28,코스닥,일반,0,0,5,0,20210416000329.xml
SK아이이테크놀로지,2021-05-11,유가증권,일반,0,0,4,1,20210426000427.xml
에이치피오,2021-05-14,코스닥,일반,0,0,1,5,20210430001181.xml
씨앤씨인터내셔널,2021-05-17,코스닥,일반,0,0,5,7,20210504000463.xml
샘씨엔에스,2021-05-20,코스닥,기술특례,1,0,46,0,20210507000569.xml
삼영에스앤씨,2021-05-21,코스닥,기술특례(성장성),23,0,48,11,20210510000418.xml
제주맥주,2021-05-26,코스닥,이익미실현,3,0,9,36,20210512000262.xml
진시스템,2021-05-26,코스닥,기술특례(성장성),4,0,50,20,20210512000082.xml
에이디엠코리아,2021-06-03,코스닥,일반,0,0,6,0,20210521000165.xml
이성씨엔아이,2021-06-04,코스닥,(NULL),0,0,0,0,
엘비루셈,2021-06-11,코스닥,일반,0,0,2,0,20210601000011.xml
라온테크,2021-06-17,코스닥,일반,0,0,0,0,
이노뎁,2021-06-18,코스닥,일반,0,0,7,1,20210608000089.xml
타임기술,2021-06-24,코스닥,(NULL),0,0,0,0,
아모센스,2021-06-25,코스닥,기술특례,2,0,82,3,20210614000253.xml
엠씨넥스,2021-07-06,유가증권,일반,0,0,0,0,
오비고,2021-07-13,코스닥,기술특례,1,0,39,7,20210630000320.xml
에스디바이오센서,2021-07-16,유가증권,일반,0,0,2,2,20210707000339.xml
큐라클,2021-07-22,코스닥,기술특례,1,0,59,3,20210712000095.xml
맥스트,2021-07-27,코스닥,기술특례,2,0,51,0,20210715000154.xml
에브리봇,2021-07-28,코스닥,일반,0,0,5,7,20210716000185.xml
카카오뱅크,2021-08-06,유가증권,일반,0,0,4,1,20210722000374.xml
HK이노엔,2021-08-09,코스닥,일반,0,0,5,2,20210728000296.xml
PI첨단소재,2021-08-09,유가증권,일반,0,0,0,0,
크래프톤,2021-08-10,유가증권,일반,0,0,8,2,20210729000438.xml
원티드랩,2021-08-11,코스닥,기술특례(성장성),13,4,38,2,20210730000185.xml
플래티어,2021-08-12,코스닥,일반,0,0,9,8,20210803000230.xml
엠로,2021-08-13,코스닥,일반,0,0,4,1,20210803000205.xml
딥노이드,2021-08-17,코스닥,기술특례,1,0,69,0,20210804000114.xml
한컴라이프케어,2021-08-17,유가증권,일반,0,0,2,1,20210803000135.xml
브레인즈컴퍼니,2021-08-19,코스닥,일반,0,0,10,6,20210806000102.xml
롯데렌탈,2021-08-19,유가증권,일반,0,0,2,1,20210806000307.xml
아주스틸,2021-08-20,유가증권,일반,0,0,2,1,20210805000207.xml
바이젠셀,2021-08-25,코스닥,기술특례,2,0,50,2,20210811000036.xml
일진하이솔루스,2021-09-01,유가증권,일반,4,0,6,5,20210823000386.xml
에이비온,2021-09-08,코스닥,기술특례,2,0,62,2,20210827000135.xml
와이엠텍,2021-09-10,코스닥,일반,0,0,5,1,20210830000426.xml
현대중공업,2021-09-17,유가증권,일반,0,0,4,2,20210906000286.xml
바이오플러스,2021-09-27,코스닥,일반,0,0,13,6,20210910000471.xml
프롬바이오,2021-09-28,코스닥,이익미실현,0,0,6,21,20210913000115.xml
실리콘투,2021-09-29,코스닥,일반,0,0,7,0,20210913000268.xml
에스앤디,2021-09-29,코스닥,일반,0,0,5,1,20210910000093.xml
아스플로,2021-10-07,코스닥,일반,0,0,8,3,20210924000358.xml
원준,2021-10-07,코스닥,일반,0,0,5,9,20210917000582.xml
씨유테크,2021-10-08,코스닥,일반,0,0,8,6,20210927000346.xml
케이카,2021-10-13,유가증권,일반,0,0,4,2,20210929000590.xml
토마토시스템,2021-10-14,코넥스,(NULL),0,0,11,1,20230414000094.xml
지아이텍,2021-10-21,코스닥,일반,0,0,6,3,20211008000327.xml
차백신연구소,2021-10-22,코스닥,기술특례,1,0,38,3,20211008000552.xml
젬,2021-10-22,코스닥,(NULL),0,0,0,0,
아이패밀리에스씨,2021-10-28,코스닥,일반,0,0,4,1,20211015000435.xml
리파인,2021-10-29,코스닥,일반,0,0,7,6,20211020000011.xml
지앤비에스엔지니어링,2021-10-29,코스닥,일반,0,0,6,1,20211018000274.xml
엔켐,2021-11-01,코스닥,일반,1,0,5,6,20211021000109.xml
피코그램,2021-11-03,코스닥,일반,0,0,6,1,20211021000149.xml
카카오페이,2021-11-03,유가증권,일반,0,0,4,2,20211022000418.xml
지니너스,2021-11-08,코스닥,기술특례,1,0,67,3,20211026000313.xml
비트나인,2021-11-10,코스닥,기술특례,2,0,52,0,20211028000373.xml
디어유,2021-11-10,코스닥,이익미실현,0,0,4,21,20211028000417.xml
지오엘리먼트,2021-11-11,코스닥,기술특례,1,0,25,6,20211101000046.xml
아이티아이즈,2021-11-11,코스닥,일반,0,0,12,1,20211028000362.xml
트윔,2021-11-17,코스닥,일반,0,0,4,1,20211105000456.xml
바이옵트로,2021-11-18,코스닥,일반,0,0,4,0,20211108000075.xml
알비더블유,2021-11-22,코스닥,일반,0,0,4,1,20211110000371.xml
마인즈랩,2021-11-23,코스닥,기술특례,1,0,25,6,20211110000210.xml
켈스,2021-11-30,코스닥,(NULL),0,0,0,0,
툴젠,2021-12-10,코스닥,기술특례,2,0,57,15,20211130000664.xml
제이엠멀티,2021-12-13,코스닥,(NULL),0,0,0,0,
예스피치,2021-12-14,코스닥,(NULL),0,0,0,0,
케이티비네트워크,2021-12-16,코스닥,일반,0,0,2,0,20150129000016.xml
래몽래인,2021-12-30,코스닥,일반,0,0,0,0,
오토앤,2022-01-20,코스닥,일반,0,0,5,1,20211228000097.xml
코스텍시스템,2022-01-21,코스닥,(NULL),0,0,0,0,
케이옥션,2022-01-24,코스닥,이익미실현,0,0,2,23,20220111000198.xml
애드바이오텍,2022-01-24,코스닥,기술특례,2,0,41,2,20211228000060.xml
LG에너지솔루션,2022-01-27,유가증권,일반,0,0,4,1,20211229000030.xml
스코넥,2022-02-04,코스닥,기술특례,2,0,63,6,20220118000130.xml
이지트로닉스,2022-02-04,코스닥,기술특례,1,0,40,6,20220118000224.xml
아셈스,2022-02-07,코스닥,일반,0,0,2,0,20220120000164.xml
나래나노텍,2022-02-08,코스닥,일반,0,0,4,1,20220120000220.xml
인카금융서비스,2022-02-16,코스닥,일반,0,0,9,4,20220127000237.xml
바이오에프디엔씨,2022-02-21,코스닥,기술특례,1,0,50,0,20220127000145.xml
퓨런티어,2022-02-23,코스닥,기술특례,1,0,42,6,20220210000528.xml
브이씨,2022-02-24,코스닥,일반,0,0,2,0,20220214000382.xml
스톤브릿지벤처스,2022-02-25,코스닥,일반,0,0,5,1,20220214000805.xml
풍원정밀,2022-02-28,코스닥,기술특례,1,0,48,6,20220215000842.xml
비씨엔씨,2022-03-03,코스닥,일반,0,0,4,6,20220218001412.xml
노을,2022-03-03,코스닥,기술특례,2,0,42,3,20220218001132.xml
모아데이타,2022-03-10,코스닥,기술특례,1,0,38,0,20220224002248.xml
유일로보틱스,2022-03-18,코스닥,일반,0,0,4,1,20220302000413.xml
공구우먼,2022-03-23,코스닥,일반,0,0,4,1,20220314000049.xml
세아메카닉스,2022-03-24,코스닥,일반,0,0,10,1,20220314001100.xml
지투파워,2022-04-01,코스닥,일반,0,0,6,1,20220321000689.xml
포바이포,2022-04-28,코스닥,일반,0,0,4,1,20220418000201.xml
대명에너지,2022-05-16,코스닥,일반,0,0,5,0,20220502000651.xml
가온칩스,2022-05-20,코스닥,일반,0,0,6,2,20220506000115.xml
청담글로벌,2022-06-03,코스닥,일반,0,0,7,2,20220520000377.xml
코나솔,2022-06-15,코스닥,(NULL),0,0,0,0,
범한퓨얼셀,2022-06-17,코스닥,일반,6,0,13,12,20220607000135.xml
비플라이소프트,2022-06-20,코스닥,기술특례,1,0,56,4,20220608000028.xml
위니아에이드,2022-06-23,코스닥,일반,0,0,3,7,20220613000181.xml
보로노이,2022-06-24,코스닥,기술특례,1,0,60,2,20220613000198.xml
레이저쎌,2022-06-24,코스닥,기술특례,1,0,72,0,20220613000058.xml
넥스트칩,2022-07-01,코스닥,기술특례,1,0,45,4,20220620000304.xml
코난테크놀로지,2022-07-07,코스닥,기술특례,1,0,61,0,20220624000086.xml
영창케미칼,2022-07-14,코스닥,기술특례,1,0,55,1,20220701000396.xml
HPSP,2022-07-15,코스닥,일반,0,0,4,6,20220705000014.xml
바스칸바이오제약,2022-07-20,코스닥,(NULL),0,0,0,0,
루닛,2022-07-21,코스닥,기술특례,1,0,74,8,20220711000252.xml
퓨쳐메디신,2022-07-27,코스닥,(NULL),0,0,0,0,
성일하이텍,2022-07-28,코스닥,이익미실현,9,0,13,45,20220714000072.xml
에이프릴바이오,2022-07-28,코스닥,기술특례,1,0,37,7,20220718000101.xml
아이씨에이치,2022-07-29,코스닥,기술특례,0,0,56,1,20220718000094.xml
수산인더스트리,2022-08-01,유가증권,일반,0,0,4,2,20220719000327.xml
새빗켐,2022-08-04,코스닥,일반,0,0,3,0,20220726000371.xml
에이치와이티씨,2022-08-09,코스닥,일반,0,0,6,4,20220726000137.xml
대성하이텍,2022-08-22,코스닥,일반,0,0,10,7,20220808000053.xml
쏘카,2022-08-22,유가증권,일반,0,0,4,3,20220809000316.xml
오픈엣지테크놀로지,2022-09-26,코스닥,기술특례,0,0,16,45,20220914000097.xml
티엘엔지니어링,2022-09-27,코스닥,(NULL),0,0,0,0,
알피바이오,2022-09-29,코스닥,일반,0,0,3,0,20220919000288.xml
더블유씨피,2022-09-30,코스닥,이익미실현,3,0,16,51,20220919000102.xml
선바이오,2022-10-05,코스닥,기술특례(성장성),8,0,56,14,20220921000250.xml
이노룰스,2022-10-07,코스닥,일반,0,0,4,6,20220926000127.xml
모델솔루션,2022-10-07,코스닥,일반,0,0,5,2,20220923000080.xml
오에스피,2022-10-14,코스닥,일반,0,0,5,6,20220930000631.xml
에스비비테크,2022-10-17,코스닥,기술특례,1,0,80,1,20221004000080.xml
탑머티리얼,2022-10-18,코스닥,일반,0,0,3,1,20220930000453.xml
샤페론,2022-10-19,코스닥,기술특례,1,0,45,11,20221005000184.xml
핀텔,2022-10-20,코스닥,기술특례,1,0,53,8,20221007000279.xml
플라즈맵,2022-10-21,코스닥,기술특례,1,0,42,3,20221011000099.xml
탈로스,2022-10-24,코스닥,(NULL),0,0,0,0,
산돌,2022-10-27,코스닥,일반,0,0,3,1,20221017000197.xml
저스템,2022-10-28,코스닥,일반,0,0,4,1,20221018000027.xml
큐알티,2022-11-02,코스닥,일반,0,0,72,1,20221021000286.xml
LX세미콘,2022-11-03,유가증권,일반,0,0,0,0,
뉴로메카,2022-11-04,코스닥,기술특례,1,0,53,2,20221025000177.xml
제이아이테크,2022-11-04,코스닥,일반,0,0,6,1,20221025000142.xml
디티앤씨알오,2022-11-11,코스닥,일반,0,0,40,6,20221101000235.xml
윤성에프앤씨,2022-11-14,코스닥,이익미실현,0,0,10,46,20221031000463.xml
티쓰리,2022-11-17,코스닥,일반,0,0,9,1,20221104000070.xml
티에프이,2022-11-17,코스닥,일반,0,0,12,6,20221107000125.xml
엔젯,2022-11-18,코스닥,기술특례,1,0,62,8,20221108000082.xml
유비온,2022-11-18,코스닥,일반,0,0,6,1,20221107000222.xml
인벤티지랩,2022-11-22,코스닥,기술특례,1,0,43,2,20221110000286.xml
펨트론,2022-11-24,코스닥,일반,0,0,6,0,20221111000255.xml
에이아이더뉴트리진,2022-11-29,코스닥,(NULL),0,0,0,0,
아하,2022-11-30,코스닥,(NULL),0,0,0,0,
SAMG엔터,2022-12-06,코스닥,기술특례,1,1,43,11,20221122000127.xml
애니메디솔루션,2022-12-21,코스닥,(NULL),0,0,0,0,
마이크로엔엑스,2022-12-21,코스닥,(NULL),0,0,0,0,
바이오노트,2022-12-22,유가증권,일반,0,0,7,1,20221212000271.xml
지에프씨생명과학,2022-12-23,코넥스,(NULL),1,0,26,5,20250618000259.xml
카이바이오텍,2022-12-23,코스닥,(NULL),0,0,0,0,
타이드,2022-12-28,코스닥,(NULL),0,0,0,0,
아이오바이오,2022-12-28,코스닥,(NULL),0,0,0,0,
한주라이트메탈,2023-01-19,코스닥,일반,0,0,7,4,20230109000230.xml
티이엠씨,2023-01-19,코스닥,기술특례,1,0,68,2,20230109000348.xml
태양3C,2023-01-26,코스닥,(NULL),0,0,0,0,
지슨,2023-01-26,코넥스,(NULL),0,0,1,1,20230504000413.xml
미래반도체,2023-01-27,코스닥,일반,0,0,4,1,20230113000110.xml
오브젠,2023-01-30,코스닥,기술특례,1,0,63,0,20230113000334.xml
삼기이브이,2023-02-03,코스닥,일반,0,0,8,2,20230120000352.xml
스튜디오미르,2023-02-07,코스닥,일반,0,0,8,3,20230119000289.xml
꿈비,2023-02-09,코스닥,일반,0,0,13,6,20230130000212.xml
샌즈랩,2023-02-15,코스닥,기술특례,1,0,59,6,20230203000241.xml
제이오,2023-02-16,코스닥,기술특례,1,0,38,0,20221102000003.xml
이노진,2023-02-20,코스닥,일반,0,0,3,6,20230208000177.xml
바이오인프라,2023-03-02,코스닥,일반,0,0,18,5,20221117000023.xml
나노팀,2023-03-03,코스닥,일반,0,0,7,1,20230217001010.xml
자람테크놀로지,2023-03-07,코스닥,기술특례,1,0,45,6,20221130000024.xml
금양그린파워,2023-03-13,코스닥,일반,0,0,9,0,20230228000624.xml
LB인베스트먼트,2023-03-29,코스닥,일반,0,0,10,6,20230316001492.xml
지아이이노베이션,2023-03-30,코스닥,기술특례,1,0,62,8,20230320000177.xml
SK오션플랜트,2023-04-19,유가증권,일반,0,0,0,0,20180612000087.xml
노보믹스,2023-04-19,코스닥,(NULL),0,0,0,0,
마이크로투나노,2023-04-26,코스닥,기술특례,1,0,39,1,20230413001219.xml
토마토시스템,2023-04-27,코스닥,일반,0,0,11,1,20230414000094.xml
에스바이오메딕스,2023-05-04,코스닥,기술특례,1,0,49,8,20230420000520.xml
삼미금속,2023-05-16,코넥스,(NULL),0,0,0,0,20251029000128.xml
트루엔,2023-05-17,코스닥,일반,0,0,8,1,20230503000321.xml
큐라켐,2023-05-18,코스닥,(NULL),0,0,0,0,
씨유박스,2023-05-19,코스닥,기술특례,1,0,48,5,20230508000285.xml
모니터랩,2023-05-19,코스닥,기술특례,1,0,47,6,20230508000474.xml
기가비스,2023-05-24,코스닥,일반,0,0,4,0,20230512000029.xml
진영,2023-06-01,코스닥,일반,0,0,7,8,20230519000265.xml
나라셀라,2023-06-02,코스닥,일반,1,0,12,4,20230519000346.xml
마녀공장,2023-06-08,코스닥,일반,0,0,3,1,20230524000327.xml
큐라티스,2023-06-15,코스닥,기술특례,1,0,64,8,20230602000193.xml
프로테옴텍,2023-06-16,코스닥,기술특례,1,0,51,7,20230605000257.xml
비에이치,2023-06-20,유가증권,일반,0,0,0,0,
가이아코퍼레이션,2023-06-20,코스닥,(NULL),0,0,0,0,
시큐센,2023-06-29,코스닥,기술특례,0,0,14,1,20230619000136.xml
알멕,2023-06-30,코스닥,이익미실현,15,0,18,50,20230616000539.xml
오픈놀,2023-06-30,코스닥,기술특례,1,1,36,8,20230620000341.xml
이브이파킹서비스,2023-07-05,코스닥,(NULL),0,0,0,0,
이노시뮬레이션,2023-07-06,코스닥,기술특례,1,0,56,8,20230626000075.xml
필에너지,2023-07-14,코스닥,일반,0,0,4,7,20230704000143.xml
센서뷰,2023-07-19,코스닥,기술특례,0,0,54,0,20230706000212.xml
아이엠지티,2023-07-19,코스닥,(NULL),0,0,0,0,
와이랩,2023-07-20,코스닥,기술특례(성장성),14,2,80,7,20230706000316.xml
뷰티스킨,2023-07-24,코스닥,일반,0,0,12,1,20230712000262.xml
버넥트,2023-07-26,코스닥,기술특례,1,0,87,1,20230714000346.xml
길교이앤씨,2023-07-26,코스닥,(NULL),0,0,0,0,
에이엘티,2023-07-27,코스닥,일반,0,0,9,2,20230714000229.xml
파로스아이바이오,2023-07-27,코스닥,기술특례,1,0,36,9,20230713000056.xml
에피바이오텍,2023-07-31,코스닥,(NULL),0,0,0,0,
시지트로닉스,2023-08-03,코스닥,기술특례,1,0,43,2,20230721000288.xml
엠아이큐브솔루션,2023-08-04,코스닥,일반,0,0,5,1,20230725000131.xml
파두,2023-08-07,코스닥,기술특례,7,0,47,12,20230726000460.xml
NICE평가정보,2023-08-08,유가증권,일반,0,0,0,0,
큐리옥스바이오시스템즈,2023-08-10,코스닥,기술특례,1,0,49,6,20230731000304.xml
코츠테크놀로지,2023-08-10,코스닥,일반,0,0,3,1,20230731000180.xml
빅텐츠,2023-08-17,코스닥,일반,0,0,0,0,
넥스틸,2023-08-21,유가증권,일반,0,0,4,1,20230807000236.xml
스마트레이더시스템,2023-08-22,코스닥,기술특례,1,0,87,1,20230809000643.xml
시큐레터,2023-08-24,코스닥,기술특례,1,0,49,1,20230811001361.xml
한국피아이엠,2023-08-30,코넥스,(NULL),0,0,6,22,20250324000410.xml
인스웨이브시스템즈,2023-09-25,코스닥,일반,0,0,9,5,20230913000348.xml
밀리의서재,2023-09-27,코스닥,기술특례,4,0,12,33,20221104000043.xml
한싹,2023-10-04,코스닥,일반,0,0,11,0,20230918000119.xml
두산로보틱스,2023-10-05,유가증권,일반,0,0,4,1,20230919000270.xml
레뷰코퍼레이션,2023-10-06,코스닥,일반,0,0,20,0,20230918000165.xml
아이엠티,2023-10-10,코스닥,기술특례,1,0,44,2,20230914000343.xml
바이오텐,2023-10-13,코스닥,(NULL),0,0,0,0,
퓨릿,2023-10-18,코스닥,일반,0,0,23,9,20231004000221.xml
신성에스티,2023-10-19,코스닥,일반,0,0,6,7,20231006000225.xml
에스엘에스바이오,2023-10-20,코스닥,기술특례(성장성),2,0,15,4,20230926000456.xml
워트,2023-10-26,코스닥,일반,0,0,12,6,20231013000584.xml
미쥬,2023-10-26,코스닥,(NULL),0,0,0,0,
퀄리타스반도체,2023-10-27,코스닥,기술특례,1,0,58,0,20231017000137.xml
유진테크놀로지,2023-11-02,코스닥,일반,0,0,7,3,20231019000214.xml
유투바이오,2023-11-02,코스닥,일반,0,0,8,2,20231020000560.xml
쏘닉스,2023-11-07,코스닥,기술특례,1,0,40,5,20231025000089.xml
큐로셀,2023-11-09,코스닥,기술특례,1,0,51,8,20231031000021.xml
비아이매트릭스,2023-11-09,코스닥,일반,0,0,9,6,20231027000529.xml
메가터치,2023-11-09,코스닥,일반,0,0,8,6,20231030000179.xml
컨텍,2023-11-09,코스닥,기술특례,1,0,54,2,20231030000349.xml
에스와이스틸텍,2023-11-13,코스닥,일반,0,0,4,5,20231031000078.xml
에이직랜드,2023-11-13,코스닥,일반,0,0,26,15,20231031000250.xml
캡스톤파트너스,2023-11-15,코스닥,일반,0,0,8,5,20231103000320.xml
프로젠,2023-11-15,코스닥,(NULL),0,0,0,0,
에코프로머티,2023-11-17,유가증권,일반,1,0,5,2,20231107000258.xml
스톰테크,2023-11-20,코스닥,일반,0,0,4,1,20231108000514.xml
에코아이,2023-11-21,코스닥,일반,0,0,10,0,20231109000220.xml
동인기연,2023-11-21,유가증권,일반,0,0,4,1,20231108000362.xml
그린리소스,2023-11-24,코스닥,기술특례,9,0,43,13,20231110000304.xml
한선엔지니어링,2023-11-24,코스닥,일반,0,0,4,1,20231110000107.xml
에이에스텍,2023-11-28,코스닥,일반,0,0,4,6,20231115000158.xml
에이텀,2023-12-01,코스닥,기술특례,1,0,70,2,20231117000118.xml
와이바이오로직스,2023-12-05,코스닥,기술특례,1,0,63,7,20231121000052.xml
케이엔에스,2023-12-06,코스닥,일반,0,0,12,5,20231124000356.xml
LS머트리얼즈,2023-12-12,코스닥,일반,0,0,4,2,20231130001615.xml
블루엠텍,2023-12-13,코스닥,이익미실현,2,0,14,32,20231130001753.xml
DS단석,2023-12-22,유가증권,일반,0,0,4,1,20231213000426.xml
포스코DX,2024-01-02,유가증권,일반,0,0,0,0,
세븐브로이맥주,2024-01-17,코스닥,(NULL),0,0,0,0,
우진엔텍,2024-01-24,코스닥,일반,0,0,35,5,20240115000090.xml
HB인베스트먼트,2024-01-25,코스닥,일반,0,0,8,5,20240115000361.xml
현대힘스,2024-01-26,코스닥,일반,0,0,9,7,20240116000207.xml
포스뱅크,2024-01-29,코스닥,일반,0,0,12,6,20231221000492.xml
엘앤에프,2024-01-29,유가증권,일반,0,0,39,0,20151211000032.xml
이닉스,2024-02-01,코스닥,일반,0,0,21,15,20240119000141.xml
스튜디오삼익,2024-02-06,코스닥,일반,0,0,10,0,20240124000154.xml
케이웨더,2024-02-22,코스닥,기술특례,9,1,53,11,20240208000060.xml
코셈,2024-02-23,코스닥,기술특례,1,0,69,4,20240206000494.xml
이에이트,2024-02-23,코스닥,기술특례,1,0,90,15,20240206000481.xml
에이피알,2024-02-27,유가증권,일반,0,0,4,2,20240213000795.xml
케이엔알시스템,2024-03-07,코스닥,기술특례,1,0,55,8,20240223002199.xml
오상헬스케어,2024-03-13,코스닥,일반,0,0,3,0,20240229002405.xml
삼현,2024-03-21,코스닥,기술특례,1,0,54,0,20240311000483.xml
엔젤로보틱스,2024-03-26,코스닥,기술특례,7,0,40,8,20240313000654.xml
아이엠비디엑스,2024-04-03,코스닥,기술특례,1,0,67,4,20240322000977.xml
제일엠앤에스,2024-04-30,코스닥,이익미실현,12,0,34,32,20240416000408.xml
디앤디파마텍,2024-05-02,코스닥,기술특례,3,0,81,8,20240419000511.xml
민테크,2024-05-03,코스닥,기술특례,1,0,44,7,20240422000038.xml
코칩,2024-05-07,코스닥,일반,0,0,10,1,20240423000282.xml
HD현대마린솔루션,2024-05-08,유가증권,일반,0,0,4,1,20240424000222.xml
아이씨티케이,2024-05-17,코스닥,기술특례,7,0,55,22,20240503000450.xml
노브랜드,2024-05-23,코스닥,일반,0,0,5,15,20240510000093.xml
그리드위즈,2024-06-14,코스닥,일반,0,0,16,15,20240531001598.xml
라메디텍,2024-06-17,코스닥,기술특례,6,0,41,14,20240603000261.xml
씨어스테크놀로지,2024-06-19,코스닥,기술특례,1,0,52,5,20240604000195.xml
파라다이스,2024-06-24,유가증권,일반,0,0,0,0,20170124000002.xml
한중엔시에스,2024-06-24,코스닥,기술특례,0,0,39,2,20240607000186.xml
에스오에스랩,2024-06-25,코스닥,기술특례,1,0,47,0,20240612000352.xml
하이젠알앤엠,2024-06-27,코스닥,일반,0,0,16,0,20240617000114.xml
에이치브이엠,2024-06-28,코스닥,기술특례,1,0,52,24,20240618000228.xml
팡스카이,2024-06-28,코스닥,(NULL),0,0,0,0,
이노스페이스,2024-07-02,코스닥,기술특례,0,0,69,7,20240619000257.xml
하스,2024-07-03,코스닥,기술특례,1,0,73,20,20240621000070.xml
시프트업,2024-07-11,유가증권,일반,0,0,2,1,20240701000547.xml
엑셀세라퓨틱스,2024-07-15,코스닥,기술특례,1,0,46,6,20240702000349.xml
산일전기,2024-07-29,유가증권,일반,0,0,4,1,20240717000412.xml
피앤에스미캐닉스,2024-07-31,코스닥,기술특례,1,0,61,2,20240719000267.xml
아이빔테크놀로지,2024-08-06,코스닥,기술특례,0,0,65,8,20240723000182.xml
뱅크웨어글로벌,2024-08-12,코스닥,기술특례,0,0,65,4,20240731000220.xml
유라클,2024-08-16,코스닥,일반,0,0,4,2,20240805000137.xml
전진건설로봇,2024-08-19,유가증권,일반,0,0,6,1,20240807000292.xml
넥스트바이오메디컬,2024-08-20,코스닥,기술특례,1,0,65,0,20240806000202.xml
케이쓰리아이,2024-08-20,코스닥,기술특례,10,0,55,1,20240807000169.xml
티디에스팜,2024-08-21,코스닥,일반,0,0,8,0,20240808000214.xml
M83,2024-08-22,코스닥,일반,0,0,4,5,20240814002733.xml
이엔셀,2024-08-23,코스닥,기술특례,1,0,68,13,20240809000250.xml
아이스크림미디어,2024-08-30,코스닥,일반,0,0,5,5,20240820000056.xml
아이언디바이스,2024-09-23,코스닥,기술특례,6,0,47,9,20240906000325.xml
제닉스,2024-09-30,코스닥,일반,0,0,2,5,20240913000394.xml
셀비온,2024-10-16,코스닥,기술특례,2,0,69,9,20241004000369.xml
와이제이링크,2024-10-18,코스닥,일반,0,0,4,0,20241007000470.xml
인스피언,2024-10-18,코스닥,일반,0,0,1,0,20241002000239.xml
루미르,2024-10-21,코스닥,기술특례,0,0,61,22,20241008000450.xml
한켐,2024-10-22,코스닥,일반,0,0,4,6,20241002000206.xml
씨메스,2024-10-24,코스닥,기술특례,0,0,45,10,20241014000124.xml
웨이비스,2024-10-25,코스닥,기술특례,2,0,49,7,20241016000086.xml
에이치엔에스하이텍,2024-10-25,코스닥,일반,0,0,9,2,20241011000544.xml
클로봇,2024-10-28,코스닥,기술특례,0,0,87,4,20241015000376.xml
타조엔터테인먼트,2024-10-30,코스닥,(NULL),0,0,0,0,
성우,2024-10-31,코스닥,일반,0,0,8,0,20241018000195.xml
탑런토탈솔루션,2024-11-01,코스닥,일반,0,0,0,0,20241022000215.xml
에이럭스,2024-11-01,코스닥,일반,0,0,4,0,20241021000241.xml
에이치이엠파마,2024-11-05,코스닥,기술특례,2,0,63,3,20241022000107.xml
더본코리아,2024-11-06,유가증권,일반,0,0,1,1,20241025000269.xml
토모큐브,2024-11-07,코스닥,기술특례,1,0,64,8,20241025000263.xml
에어레인,2024-11-08,코스닥,기술특례,0,0,46,11,20241023000153.xml
노머스,2024-11-12,코스닥,이익미실현,3,0,6,42,20241101000250.xml
닷밀,2024-11-13,코스닥,일반,0,0,11,17,20241101000293.xml
쓰리빌리언,2024-11-14,코스닥,기술특례,1,0,47,1,20241101000142.xml
엠오티,2024-11-18,코스닥,일반,0,0,10,0,20241106000088.xml
에스켐,2024-11-18,코스닥,이익미실현,1,0,7,15,20241106000011.xml
사이냅소프트,2024-11-19,코스닥,일반,0,0,3,1,20241106000153.xml
위츠,2024-11-20,코스닥,일반,0,0,4,5,20241105000121.xml
에이엠시지,2024-12-13,코스닥,(NULL),0,0,0,0,
벡트,2024-12-16,코스닥,일반,0,0,5,5,20241203000040.xml
엠앤씨솔루션,2024-12-16,유가증권,일반,0,0,2,1,20241204000172.xml
온코크로스,2024-12-18,코스닥,기술특례,1,0,68,4,20241205000556.xml
온코닉테라퓨틱스,2024-12-19,코스닥,기술특례,0,0,47,6,20241205000263.xml
듀켐바이오,2024-12-20,코스닥,일반,0,0,2,0,20210719000010.xml
창대정밀,2024-12-23,코스닥,(NULL),0,0,0,0,
유비씨,2024-12-23,코스닥,(NULL),0,0,0,0,
쓰리에이로직스,2024-12-24,코스닥,기술특례,0,0,76,7,20241212000615.xml
파인메딕스,2024-12-26,코스닥,기술특례,1,0,46,0,20241213000143.xml
오션스바이오,2025-01-14,코스닥,(NULL),0,0,0,0,
미트박스,2025-01-23,코스닥,일반,0,0,9,2,20241106000005.xml
와이즈넛,2025-01-24,코스닥,기술특례,0,0,42,10,20250114000178.xml
데이원컴퍼니,2025-01-24,코스닥,이익미실현,0,0,8,24,20241230000070.xml
아스테라시스,2025-01-24,코스닥,일반,3,0,6,10,20241226000174.xml
삼양엔씨켐,2025-02-03,코스닥,일반,0,0,0,0,20250114000182.xml
피아이이,2025-02-04,코스닥,일반,0,0,11,0,20240327000038.xml
아이지넷,2025-02-04,코스닥,기술특례(성장성),0,6,28,2,20241219000047.xml
LG씨엔에스,2025-02-05,유가증권,일반,0,0,0,0,20150416000001.xml
아이에스티이,2025-02-12,코스닥,기술특례,2,0,41,1,20241205000003.xml
동방메디컬,2025-02-13,코스닥,일반,0,0,3,1,20241231000202.xml
오름테라퓨틱,2025-02-14,코스닥,기술특례,1,0,32,2,20241127000088.xml
동국생명과학,2025-02-17,코스닥,일반,0,0,8,1,20250131000485.xml
모티브링크,2025-02-20,코스닥,일반,0,0,2,2,20250210000471.xml
위너스,2025-02-24,코스닥,일반,0,0,9,1,20250213000090.xml
엘케이켐,2025-02-25,코스닥,일반,0,0,10,6,20250212000703.xml
대진첨단소재,2025-03-06,코스닥,일반,0,0,14,1,20250219001523.xml
엠디바이스,2025-03-07,코스닥,이익미실현,0,0,9,45,20250221000442.xml
서울보증보험,2025-03-14,유가증권,일반,0,0,5,1,20231011000037.xml
씨케이솔루션,2025-03-17,유가증권,일반,0,0,6,1,20241106000006.xml
한텍,2025-03-20,코스닥,일반,0,0,3,10,20250305000420.xml
티엑스알로보틱스,2025-03-20,코스닥,일반,0,0,11,2,20250310000005.xml
심플랫폼,2025-03-21,코스닥,기술특례,0,0,55,1,20250310000117.xml
더즌,2025-03-24,코스닥,일반,0,0,2,0,20250311000718.xml
에이유브랜즈,2025-04-03,코스닥,일반,0,0,5,0,20250321000215.xml
한국피아이엠,2025-04-04,코스닥,일반,0,0,6,22,20250324000410.xml
쎄크,2025-04-28,코스닥,기술특례,0,0,43,6,20250416000425.xml
나우로보틱스,2025-05-08,코스닥,기술특례,0,0,40,8,20250422000541.xml
원일티엔아이,2025-05-09,코스닥,일반,0,0,7,1,20250423000263.xml
오가노이드사이언스,2025-05-09,코스닥,기술특례,1,0,28,8,20250424000333.xml
로킷헬스케어,2025-05-12,코스닥,기술특례,1,0,62,2,20250422000104.xml
이뮨온시아,2025-05-19,코스닥,기술특례,1,0,46,2,20250430001260.xml
바이오비쥬,2025-05-20,코스닥,일반,0,0,2,1,20250502000321.xml
달바글로벌,2025-05-22,유가증권,일반,0,0,6,3,20250508000654.xml
인투셀,2025-05-23,코스닥,기술특례,1,0,44,4,20250512000691.xml
키스트론,2025-06-02,코스닥,일반,0,0,1,5,20250520000288.xml
링크솔루션,2025-06-10,코스닥,기술특례,0,0,46,6,20250526000302.xml
지씨지놈,2025-06-11,코스닥,기술특례,1,0,61,18,20250527000211.xml
지에프씨생명과학,2025-06-30,코스닥,기술특례,1,0,26,5,20250618000259.xml
뉴엔AI,2025-07-04,코스닥,기술특례,1,0,56,2,20250620000291.xml
싸이닉솔루션,2025-07-07,코스닥,일반,0,0,9,1,20250624000262.xml
아우토크립트,2025-07-15,코스닥,기술특례,1,0,31,6,20250702000147.xml
도우인시스,2025-07-23,코스닥,일반,0,0,38,1,20250711000123.xml
뉴로핏,2025-07-25,코스닥,기술특례,1,0,60,4,20250714000219.xml
엔알비,2025-07-28,코스닥,일반,0,0,18,1,20250716000294.xml
프로티나,2025-07-29,코스닥,기술특례,1,0,51,2,20250716000126.xml
대한조선,2025-08-01,유가증권,일반,0,0,2,0,20250721000037.xml
아이티켐,2025-08-07,코스닥,이익미실현,0,0,10,41,20250725000522.xml
지투지바이오,2025-08-14,코스닥,기술특례,0,0,63,6,20250804000135.xml
삼양컴텍,2025-08-18,코스닥,일반,0,0,3,1,20250801000918.xml
에스엔시스,2025-08-19,코스닥,일반,0,0,13,6,20250805000196.xml
한라캐스트,2025-08-20,코스닥,일반,0,0,2,1,20250808000386.xml
제이피아이헬스케어,2025-08-21,코스닥,일반,0,0,8,2,20250808000285.xml
그래피,2025-08-25,코스닥,기술특례,1,0,56,4,20250808000193.xml
본시스템즈,2025-09-08,코스닥,(NULL),0,0,0,0,
에스투더블유,2025-09-19,코스닥,기술특례,0,0,43,0,20250909000314.xml
명인제약,2025-10-01,유가증권,일반,0,0,0,0,20250917000213.xml
노타,2025-11-03,코스닥,기술특례,0,0,57,2,20251022000316.xml
이노테크,2025-11-07,코스닥,일반,0,0,12,3,20251024000272.xml
큐리오시스,2025-11-13,코스닥,기술특례,1,0,52,2,20251103000101.xml
세나테크놀로지,2025-11-14,코스닥,일반,0,0,1,2,20251031000255.xml
그린광학,2025-11-17,코스닥,기술특례,0,0,44,9,20251105000066.xml
더핑크퐁컴퍼니,2025-11-18,코스닥,일반,0,0,7,2,20251105000308.xml
아이엘커누스,2025-11-18,코스닥,(NULL),0,0,0,0,
씨엠티엑스,2025-11-20,코스닥,일반,0,0,19,2,20251107000443.xml
비츠로넥스텍,2025-11-21,코스닥,기술특례,0,0,50,2,20251110000238.xml
아로마티카,2025-11-27,코스닥,일반,0,0,8,6,20251117000058.xml
에임드바이오,2025-12-04,코스닥,기술특례,0,0,41,2,20251120000448.xml
테라뷰,2025-12-09,코스닥,기술특례,0,0,47,8,20251120000415.xml
페스카로,2025-12-10,코스닥,기술특례,0,0,56,3,20251128001954.xml
이지스,2025-12-11,코스닥,기술특례,0,0,61,6,20251201000407.xml
쿼드메디슨,2025-12-12,코스닥,기술특례,0,0,49,6,20251201000478.xml
티엠씨,2025-12-15,유가증권,일반,0,0,3,1,20251202000352.xml
아크릴,2025-12-16,코스닥,기술특례,0,0,55,7,20251203000196.xml
나라스페이스테크놀로지,2025-12-17,코스닥,기술특례,0,0,58,6,20251205000537.xml
알지노믹스,2025-12-18,코스닥,기술특례,0,0,17,0,20241219000027.xml
삼진식품,2025-12-22,코스닥,일반,0,0,6,0,20251210000481.xml
엔더블유시,2025-12-22,코스닥,(NULL),0,0,0,0,
리브스메드,2025-12-24,코스닥,기술특례,1,0,64,6,20251212000519.xml
세미파이브,2025-12-29,코스닥,이익미실현,10,0,21,31,20251217000148.xml
덕양에너젠,2026-01-30,코스닥,일반,0,0,17,1,20260119000299.xml
케이뱅크,2026-03-05,유가증권,일반,0,0,3,1,20241015000447.xml
에스팀,2026-03-06,코스닥,일반,0,0,9,1,20260220001638.xml
액스비스,2026-03-09,코스닥,일반,0,0,10,2,20260219002071.xml
카나프테라퓨틱스,2026-03-16,코스닥,기술특례,0,0,51,3,20260304001117.xml
아이엠바이오로직스,2026-03-20,코스닥,기술특례,1,0,64,4,20260310002460.xml
한패스,2026-03-25,코스닥,일반,0,0,9,2,20260313000893.xml
메쥬,2026-03-26,코스닥,기술특례,0,0,37,7,20260313000316.xml
리센스메디컬,2026-03-31,코스닥,기술특례,1,0,43,6,20260318000042.xml
인벤테라,2026-04-02,코스닥,기술특례,0,0,60,7,20260319000443.xml
에스테크엠,2026-04-27,코스닥,(NULL),0,0,0,0,
채비,2026-04-29,코스닥,이익미실현,0,0,21,39,20260417000497.xml
코스모로보틱스,2026-05-11,코스닥,기술특례,1,0,67,7,20260424000530.xml
폴레드,2026-05-14,코스닥,일반,0,0,10,2,20260430000415.xml
마키나락스,2026-05-20,코스닥,기술특례,0,0,83,2,20260508000924.xml
피스피스스튜디오,2026-06-08,코스닥,일반,0,0,27,4,20260522000577.xml
져스텍,2026-06-29,코스닥,기술특례,0,0,43,7,20260616000250.xml
스트라드비젼,2026-06-30,코스닥,기술특례,0,0,99,4,20260617000171.xml
매드업,2026-07-01,코스닥,이익미실현,0,0,24,24,20260622000384.xml
레몬헬스케어,2026-07-06,코스닥,기술특례,0,0,52,6,20260623000244.xml
