회사명,상장일,시장구분,대표주관회사,기존분류,재분류,근거문구
선바이오,2016-01-22,코넥스,하나증권(주),(NULL),기술평가특례,"평가기관 평가대상기술명 평가결과 평가일 성장성 기반기업 기술보증기금 다양한 PEG유도체 소재, PEGylation 핵심기술 기술평가등급 AA 21.05.10 한국기업데이터 생체고분자 PEG 유도체 소재, PEGylation 기술 응용제품 기술평가등급 A 20."
메디젠휴먼케어,2016-01-26,코스닥,아이비케이투자증권(주),(NULL),(문서없음),
한솔씨앤피,2016-01-27,코스닥,"신한투자증권 주식회사,케이비투자증권(주)",일반,일반,
크리스탈신소재,2016-01-28,코스닥,,일반,일반,
유니트론텍,2016-02-02,코스닥,하나증권주식회사,일반,일반,
아이엠텍,2016-02-03,코스닥,미래에셋증권 주식회사,일반,일반,
제이에스코퍼레이션,2016-02-04,유가증권,엔에이치투자증권(주),일반,일반,
안트로젠,2016-02-15,코스닥,키움증권(주),기술특례,일반,
케이엠제약,2016-02-24,코넥스,아이비케이투자증권(주),(NULL),일반,
큐리언트,2016-02-29,코스닥,한국투자증권(주),일반,기술평가특례,당사는 코스닥시장 상장규정에 의한 기술성장기업으로서 신규상장일이 속하는 사업연도를 포함하여(상장일부터 상장일이 속한 사업연도의 말일까지의 기간이 3월 미만인 경우에는 그 다음 사업연도) 연속하는 3개 사업연도에 대해서는 해당 요건을 적용받
AP위성통신,2016-03-04,코스닥,KB증권(주),일반,일반,
바이옵트로,2016-03-10,코스닥,한국투자증권(주),(NULL),일반,
팬젠,2016-03-11,코스닥,한국투자증권(주),기술특례,일반,
씨케이컴퍼니,2016-03-16,코스닥,(주)상상인증권,(NULL),(문서없음),
대림씨엔에스,2016-03-30,유가증권,미래에셋증권 주식회사,일반,일반,
SGA시스템즈,2016-03-30,코넥스,SK증권(주),(NULL),일반,
동양파일,2016-04-06,코스닥,대신증권(주),일반,일반,
씨엠에스에듀,2016-04-07,코스닥,"유안타증권(주),삼성증권(주)",일반,일반,
레이언스,2016-04-11,코스닥,대신증권(주),일반,일반,
로보쓰리,2016-04-20,코스닥,주식회사 아이엠증권,(NULL),(문서없음),
인터코스,2016-04-21,코스닥,KB증권(주),(NULL),(문서없음),
이에스산업,2016-04-26,코스닥,해당없음,(NULL),(문서없음),
엠로,2016-04-28,코넥스,한국투자증권(주),(NULL),일반,
오스테오닉,2016-05-04,코넥스,키움증권(주),(NULL),기술평가특례,당사가 벤처기업 특례 요건이 적용됨에도 기술성장기업 특례로 심사 승인을 통과한 이유는 당사의 기술적 우수성 및 이에 기반한 성장성을 인정받고자 기술특례를통하여 상장 승인을 득
해태제과식품,2016-05-11,유가증권,"엔에이치투자증권(주),삼성증권(주)",일반,일반,
본느,2016-05-16,코넥스,현대차증권(주),(NULL),일반,
영현무역,2016-05-20,코스닥,해당없음,(NULL),(문서없음),
용평리조트,2016-05-27,유가증권,미래에셋증권 주식회사,일반,일반,
KC산업,2016-05-31,코스닥,주식회사 아이엠증권,(NULL),(문서없음),
나눔테크,2016-06-01,코스닥,유진투자증권(주),(NULL),(문서없음),
스페이스솔루션,2016-06-03,코스닥,아이비케이투자증권(주),(NULL),(문서없음),
줌인터넷,2016-06-10,코스닥,(주)상상인증권,(NULL),(문서없음),
알엔투테크놀로지,2016-06-22,코스닥,,일반,일반,
이비테크,2016-06-22,코스닥,아이비케이투자증권(주),(NULL),(문서없음),
녹십자랩셀,2016-06-23,코스닥,"하나증권주식회사,케이프투자증권주식회사",기술특례,일반,
에스티팜,2016-06-23,코스닥,"한국투자증권(주),유진투자증권(주)",일반,일반,
해성디에스,2016-06-24,유가증권,엔에이치투자증권(주),일반,일반,
씨앤에스링크,2016-06-24,코스닥,주식회사 아이엠증권,(NULL),(문서없음),
에스엘에스,2016-06-29,코스닥,하나증권(주),(NULL),(문서없음),
로스웰,2016-06-30,코스닥,,일반,일반,
피앤씨테크,2016-07-04,코스닥,케이비투자증권(주),일반,일반,
바이오리더스,2016-07-07,코스닥,,일반,(문서없음),
인프라웨어테크놀러지,2016-07-08,코스닥,키움증권(주),(NULL),(문서없음),
한국토지신탁,2016-07-11,유가증권,,일반,일반,
한국자산신탁,2016-07-13,유가증권,"신한투자증권 주식회사,대신증권(주)",일반,일반,
시냅스엠,2016-07-13,코스닥,엔에이치투자증권(주),(NULL),(문서없음),
대유위니아,2016-07-14,코스닥,신영증권(주),일반,일반,
장원테크,2016-07-15,코스닥,신한투자증권 주식회사,일반,일반,
동서,2016-07-15,유가증권,,일반,(문서없음),
제노텍,2016-07-18,코스닥,미래에셋증권(주),(NULL),(문서없음),
지노믹트리,2016-07-19,코넥스,키움증권(주),(NULL),기술평가특례,"외부 전문평가기관(2개 기관)으로부터 사전 기술평가를 받아야하며, 당사는 한국생명공학연구원과 이크레더블로부터 각각 'KRX 기술평가등급 A, A'를 득하였습니다. 상장예비심사를 청구하는 기업의 유형별 외형요건은 아래와 같이 일부 차이가 존재합니다. 구분 일반기"
옵토팩,2016-07-20,코스닥,,일반,(문서없음),
에스케이씨에스,2016-07-25,코스닥,해당없음(기술특례상장),(NULL),(문서없음),
디오메디칼,2016-07-26,코스닥,신한투자증권(주),(NULL),(문서없음),
우리손에프앤지,2016-07-27,코스닥,미래에셋증권 주식회사,일반,일반,
엔지스테크널러지,2016-07-28,코스닥,교보증권(주),일반,일반,
두올,2016-07-29,유가증권,미래에셋증권(주),일반,일반,
링크제니시스,2016-07-29,코넥스,하나증권(주),(NULL),일반,
팍스넷,2016-08-01,코스닥,한국투자증권(주),일반,일반,
티케이씨,2016-08-05,코스닥,신한투자증권(주),(NULL),(문서없음),
에코마케팅,2016-08-08,코스닥,한국투자증권(주),일반,일반,
제이에스피브이,2016-08-10,코스닥,해당없음,(NULL),(문서없음),
피엔에이치테크,2016-08-16,코넥스,한국투자증권(주),(NULL),기술평가특례,"2 공통층재료 상용화 진행 2015.07 특허재료(정공수송층) 양산시작 2015.10 진천 공장 완공 및 가동 2015.11 기술평가등급 2곳 모두 ""A""획득(한국기업데어타 & 기술보증기금) 2016.04 기관투자유치- 아주 IB외 3개기관 (31.8억원) 20"
헝셩그룹,2016-08-18,코스닥,,일반,일반,
자이글,2016-09-06,코스닥,"케이비투자증권(주),하나증권주식회사",일반,일반,
엠에프엠코리아,2016-09-08,코넥스,한화투자증권(주),(NULL),일반,
유니테크노,2016-09-20,코스닥,한국투자증권(주),일반,일반,
엘에스전선 아시아,2016-09-22,유가증권,"한국투자증권(주),하나증권주식회사",일반,일반,
유쎌,2016-09-29,코스닥,해당없음,(NULL),(문서없음),
에스엠로보틱스,2016-09-30,코스닥,KB증권(주),(NULL),(문서없음),
화승엔터프라이즈,2016-10-04,유가증권,한국투자증권(주),일반,일반,
미투온,2016-10-10,코스닥,미래에셋증권(주),일반,일반,
수산아이앤티,2016-10-11,코스닥,삼성증권(주),일반,일반,
앤디포스,2016-10-12,코스닥,미래에셋증권 주식회사,일반,일반,
잉글우드랩,2016-10-14,코스닥,,일반,일반,
에이치시티,2016-10-17,코스닥,미래에셋증권 주식회사,일반,일반,
인텔리안테크,2016-10-18,코스닥,한국투자증권(주),일반,일반,
골든센츄리,2016-10-19,코스닥,,일반,(문서없음),
GRT,2016-10-25,코스닥,,일반,일반,
안지오랩,2016-10-25,코스닥,대신증권(주),(NULL),(문서없음),
JW생명과학,2016-10-27,유가증권,케이비투자증권(주),일반,일반,
에이치엘사이언스,2016-10-28,코스닥,"미래에셋증권 주식회사,케이비투자증권(주)",일반,일반,
코스메카코리아,2016-10-28,코스닥,삼성증권(주),일반,일반,
인크로스,2016-10-31,코스닥,신한투자증권 주식회사,일반,일반,
굿센,2016-10-31,코스닥,하나증권(주),(NULL),(문서없음),
로고스바이오,2016-11-03,코스닥,신한투자증권 주식회사,기술특례,기술평가특례,"해서는 외부 전문평가기관(2개 기관)으로부터 사전 기술평가를 받아야하며, 당사는 한국기업데이터와 기술보증기금으로부터 'KRX 기술평가등급 A'를 득하였습니다. 상장예비심사를 청구하는 기업의 유형별 외형요건은 아래와 같이 일부 차이가 존재합니다. [ 코스닥시장 상"
오가닉티코스메틱,2016-11-04,코스닥,,일반,일반,
클리오,2016-11-09,코스닥,엔에이치투자증권(주),일반,일반,
삼성바이오로직스,2016-11-10,유가증권,"한국투자증권(주),씨티그룹글로벌마켓증권(주)",일반,일반,
수젠텍,2016-11-11,코넥스,한국투자증권(주),(NULL),기술평가특례,당사는 코스닥시장 상장규정에 의거 전문평가기관이 당사의 기술 등을 평가하여 평가결과가 일정 등급 이상일 경우 적용 되는 기술성장기업 특례를 적용 받
비플라이소프트,2016-11-16,코스닥,아이비케이투자증권(주),(NULL),기술평가특례,"당사는 코스닥시장 상장요건 중 전문평가기관의 기술 등에 대한 평가를 받아 2개 기관(한국기업데이터, 나이스평가정보)으로부터 A, BBB 등급을 취득한 기술력과 성장성이 인정되는 기업인 기술성장기업(기술 특례상장)으로서, 2022년 04월 07일 상장예비심사 승인을 득"
두산밥캣,2016-11-18,유가증권,"한국투자증권(주),CS증권 서울지점,홍콩상하이증권 서울지점,제이피모간증권회사 서울지점,한화투자증권(주),신영증권(주)",일반,일반,
핸디소프트,2016-11-24,코스닥,,일반,일반,
에이치엔티,2016-11-28,코스닥,키움증권(주),일반,일반,
나무기술,2016-11-28,코넥스,교보증권(주),(NULL),일반,
시큐센,2016-11-29,코스닥,신한투자증권(주),(NULL),일반,
스템랩,2016-11-29,코스닥,해당없음,(NULL),(문서없음),
뉴파워프라즈마,2016-11-30,코스닥,키움증권(주),일반,일반,
엘앤케이바이오,2016-11-30,코스닥,,일반,일반,
오션브릿지,2016-12-01,코스닥,대신증권(주),일반,일반,
퓨쳐켐,2016-12-01,코스닥,,기술특례,일반,
핸즈코퍼레이션,2016-12-02,유가증권,케이비투자증권(주),일반,일반,
신라젠,2016-12-06,코스닥,"엔에이치투자증권(주),하나증권주식회사,DB증권주식회사",기술특례,기술평가특례,당사는 기술성장기업으로서 일반 코스닥 상장기업에 비하여 완화된 관리종목 지정기준을 적용 받
애니젠,2016-12-07,코스닥,키움증권(주),기술특례,일반,
유니온커뮤니티,2016-12-07,코스닥,,일반,(문서없음),
바이오프로테크,2016-12-08,코스닥,한화투자증권(주),(NULL),(문서없음),
현성바이탈,2016-12-09,코스닥,,일반,(문서없음),
마이크로프랜드,2016-12-12,코스닥,키움증권(주),일반,일반,
피시피아비아이티,2016-12-13,코스닥,해당없음,(NULL),(문서없음),
티에스인베스트먼트,2016-12-15,코스닥,한국투자증권(주),일반,일반,
DSC인베스트먼트,2016-12-19,코스닥,키움증권(주),일반,일반,
오파스넷,2016-12-20,코넥스,교보증권(주),(NULL),일반,
패션플랫폼,2016-12-20,코넥스,신영증권(주),(NULL),일반,
퓨전데이타,2016-12-21,코스닥,한국투자증권(주),일반,일반,
케이피에스,2016-12-21,코스닥,키움증권(주),(NULL),(문서없음),
피엔아이시스템,2016-12-22,코스닥,해당없음,(NULL),(문서없음),
전우정밀,2016-12-23,코스닥,유안타증권(주),(NULL),(문서없음),
캐로스,2016-12-23,코스닥,해당없음,(NULL),(문서없음),
오백볼트,2016-12-28,코스닥,(주)BNK투자증권,(NULL),(문서없음),
에스앤디,2016-12-29,코넥스,유진투자증권(주),(NULL),일반,
케미메디,2017-01-13,코스닥,한화투자증권(주),(NULL),(문서없음),
비디아이,2017-01-16,코넥스,신영증권(주),(NULL),일반,
유바이오로직스,2017-01-24,코스닥,한국투자증권(주),기술특례,기술평가특례,"당사는 코스닥시장 상장규정 제2조 제31항에 의한 기술성장기업으로, 동 규정 제6조의 신규상장 심사요건 중 제1항 제4호의 자본상태 요건을 일부 완화 적용받"
서플러스글로벌,2017-01-25,코스닥,한국투자증권(주),일반,일반,
호전실업,2017-02-02,유가증권,엔에이치투자증권(주),일반,일반,
피씨엘,2017-02-23,코스닥,한국투자증권(주),기술특례,일반,
모바일어플라이언스,2017-02-24,코스닥,엔에이치투자증권(주),일반,일반,
에프엔에스테크,2017-02-27,코스닥,한국투자증권(주),일반,일반,
신신제약,2017-02-28,코스닥,케이비투자증권(주),일반,일반,
에스디생명공학,2017-03-02,코스닥,"신한투자증권 주식회사,한국투자증권(주)",일반,일반,
덴티움,2017-03-15,유가증권,엔에이치투자증권(주),일반,일반,
아스타,2017-03-20,코스닥,키움증권(주),기술특례,일반,
코미코,2017-03-23,코스닥,엔에이치투자증권(주),일반,일반,
서진시스템,2017-03-27,코스닥,엔에이치투자증권(주),일반,일반,
이엘피,2017-04-06,코스닥,,일반,일반,
플렉스파워에이더블유에스,2017-04-24,코스닥,해당없음,(NULL),(문서없음),
엠앤씨생명과학,2017-04-25,코스닥,아이비케이투자증권(주),(NULL),(문서없음),
와이엠티,2017-04-27,코스닥,하나증권주식회사,일반,일반,
하나머티리얼즈,2017-04-28,코스닥,"대신증권(주),엔에이치투자증권(주)",일반,일반,
앙츠,2017-04-28,코스닥,해당없음,(NULL),(문서없음),
에스와이제이,2017-05-02,코스닥,아이비케이투자증권(주),(NULL),(문서없음),
아이엔지생명,2017-05-11,유가증권,"삼성증권(주),모간스탠리인터내셔날증권회사 서울지점",일반,일반,
넷마블게임즈,2017-05-12,유가증권,"엔에이치투자증권(주),제이피모간증권회사 서울지점",일반,일반,
SGA임베디드,2017-05-23,코넥스,(주)상상인증권,(NULL),일반,
필옵틱스,2017-06-01,코스닥,신한투자증권 주식회사,일반,일반,
삼양옵틱스,2017-06-02,코스닥,미래에셋증권 주식회사,일반,일반,
보라티알,2017-06-08,코스닥,대신증권(주),일반,일반,
뿌리깊은나무들,2017-06-09,코스닥,아이비케이투자증권(주),(NULL),(문서없음),
에스알바이오텍,2017-06-15,코스닥,대신증권(주),(NULL),(문서없음),
다이오진,2017-06-19,코스닥,해당없음,(NULL),(문서없음),
메디안디노스틱,2017-06-26,코스닥,유진투자증권(주),(NULL),(문서없음),
주노콜렉션,2017-06-27,코스닥,해당없음,(NULL),(문서없음),
극동자동화,2017-06-28,코스닥,유진투자증권(주),(NULL),(문서없음),
제일홀딩스,2017-06-30,코스닥,"신한투자증권 주식회사,KB증권(주)",일반,일반,
알로이스,2017-07-07,코넥스,아이비케이투자증권(주),(NULL),일반,
카카오,2017-07-10,유가증권,,일반,일반,
아우딘퓨쳐스,2017-07-12,코스닥,하나증권주식회사,일반,일반,
브이원텍,2017-07-13,코스닥,미래에셋증권 주식회사,일반,일반,
힘스,2017-07-20,코스닥,"KB증권(주),SK증권(주)",일반,일반,
에브리봇,2017-07-24,코넥스,엔에이치투자증권(주),(NULL),일반,
루켄테크놀러지스,2017-07-25,코스닥,아이비케이투자증권(주),(NULL),(문서없음),
이즈미디어,2017-07-26,코스닥,한국투자증권(주),일반,일반,
셀트리온헬스케어,2017-07-28,코스닥,미래에셋증권 주식회사,일반,일반,
디앤씨미디어,2017-08-01,코스닥,키움증권(주),일반,일반,
지니언스,2017-08-02,코스닥,하나증권주식회사,일반,일반,
데이타솔루션,2017-08-03,코스닥,미래에셋증권 주식회사,일반,일반,
모트렉스,2017-08-04,코스닥,미래에셋증권 주식회사,일반,일반,
컬러레이,2017-08-10,코스닥,,일반,일반,
알에스오토메이션,2017-08-11,코스닥,미래에셋증권 주식회사,일반,일반,
포인트엔지니어링,2017-08-14,코넥스,엔에이치투자증권(주),(NULL),일반,
이더블유케이,2017-08-22,코스닥,신영증권(주),일반,일반,
명진홀딩스,2017-08-24,코스닥,해당없음,(NULL),(문서없음),
덕우전자,2017-08-28,코스닥,한국투자증권(주),일반,일반,
시그넷이브이,2017-08-30,코스닥,아이비케이투자증권(주),(NULL),(문서없음),
케이피에스,2017-09-06,코스닥,,일반,(문서없음),
두원석재,2017-09-08,코스닥,SK증권(주),(NULL),(문서없음),
펄어비스,2017-09-14,코스닥,한국투자증권(주),일반,일반,
샘코,2017-09-15,코스닥,"한국투자증권(주),대신증권(주)",기술특례,일반,
앱클론,2017-09-18,코스닥,엔에이치투자증권(주),기술특례,일반,
선익시스템,2017-09-20,코스닥,대신증권(주),일반,일반,
엠플러스,2017-09-20,코스닥,키움증권(주),일반,일반,
유티아이,2017-09-27,코스닥,한국투자증권(주),일반,일반,
신흥에스이씨,2017-09-27,코스닥,삼성증권(주),일반,일반,
에스엔피월드,2017-09-28,코스닥,대신증권(주),일반,일반,
야스,2017-09-29,코스닥,한국투자증권(주),일반,일반,
상신전자,2017-10-16,코스닥,미래에셋증권 주식회사,일반,일반,
세원,2017-10-20,코스닥,,일반,(문서없음),
영화테크,2017-10-26,코스닥,신한투자증권 주식회사,일반,일반,
탑선,2017-10-27,코스닥,엔에이치투자증권(주),(NULL),(문서없음),
티에스아이,2017-10-30,코넥스,한국투자증권(주),(NULL),이익미실현,"조 제1항 제6호의 경영성과 및 시장평가 등 요건 중 가.목의 수익성 또는 매출액 관련 요건을 충족하지 못하였으며, 이에 따라 나.목의 시장평가 또는 성장성 충족(이익미실현기업의 상장)에 관한 요건을 적용받아 금번 공모를 진행하고 있습니다. 당사는 기준시가총액 (공모가에 상장예정주식수를 곱한 금액) 이 300억원에 미달(확정공모"
테이팩스,2017-10-31,유가증권,"신한투자증권 주식회사,KB증권(주)",일반,일반,
에프엠에스,2017-10-31,코스닥,교보증권(주),(NULL),(문서없음),
티슈진,2017-11-06,코스닥,,일반,(문서없음),
비디아이,2017-11-09,코스닥,,일반,일반,
미디어젠,2017-11-10,코넥스,교보증권(주),(NULL),일반,
스튜디오드래곤,2017-11-24,코스닥,미래에셋증권 주식회사,일반,일반,
삼양패키징,2017-11-29,유가증권,한국투자증권(주),일반,일반,
비즈니스온,2017-11-30,코스닥,KB증권(주),일반,일반,
대원,2017-12-01,코스닥,신한투자증권 주식회사,일반,일반,
체리부로,2017-12-04,코스닥,미래에셋증권 주식회사,일반,일반,
에스트래픽,2017-12-05,코스닥,미래에셋증권 주식회사,일반,일반,
메카로,2017-12-06,코스닥,한국투자증권(주),일반,일반,
씨티케이코스메틱스,2017-12-07,코스닥,미래에셋증권 주식회사,일반,일반,
동양피스톤,2017-12-08,유가증권,"대신증권(주),IBK투자증권(주)",일반,일반,
진에어,2017-12-08,유가증권,미래에셋증권 주식회사,일반,일반,
휴럼,2017-12-12,코넥스,엔에이치투자증권(주),(NULL),일반,
씨알푸드,2017-12-14,코스닥,엔에이치투자증권(주),(NULL),(문서없음),
바이오시네틱스,2017-12-15,코스닥,키움증권(주),(NULL),(문서없음),
디바이스이엔지,2017-12-20,코스닥,한국투자증권(주),일반,일반,
라이프사이언스테크놀로지,2017-12-21,코스닥,주식회사 아이엠증권,(NULL),(문서없음),
탈모닷컴,2017-12-22,코스닥,주식회사 아이엠증권,(NULL),(문서없음),
시스웍,2017-12-26,코스닥,하나증권주식회사,일반,일반,
씨앤지하이테크,2018-01-25,코스닥,신한투자증권 주식회사,일반,일반,
SG,2018-01-26,코스닥,대신증권(주),일반,일반,
배럴,2018-02-01,코스닥,하나증권주식회사,일반,일반,
링크제니시스,2018-02-05,코스닥,,일반,일반,
카페24,2018-02-08,코스닥,"미래에셋증권 주식회사,유안타증권(주),한화투자증권(주)",이익미실현,이익미실현,당사는 성장성 있는 기업이라면 생산기반 확충 등을 위한 투자가 지속되어 이익미실현(적자) 상태에 있더라도 코스닥 시장에 진입할 수 있도록 신설된 「코스닥시장 상장규정」 상 이익미실현기업 상장요건을 적용받
셀트리온,2018-02-09,유가증권,,일반,일반,
알리코제약,2018-02-12,코스닥,IBK투자증권(주),일반,일반,
아시아종묘,2018-02-12,코스닥,,일반,기술평가특례,"당사는 『코스닥시장 상장규정』제7조 제2항에 의하여 상장되는 기술성장기업으로 동 규정 제28조(관리종목) 제1항 제2호 및 제3호, 제38조(상장의 폐지) 제1항 제4호 및 제4의2호에 따라 관리종목 지정과 상장폐지 요건 중 매출액, 법인세비용차감전계속사업손실 요건은 신규상장일이 속하는 사업연도를 포함한 연속하는 5개 사업연도 동안 해당 요건을 적용받"
동구바이오제약,2018-02-13,코스닥,엔에이치투자증권(주),일반,일반,
엔지켐생명과학,2018-02-21,코스닥,,기술특례,기술평가특례,당사는 코스닥시장 상장규정 제2조 제31항에 따른 기술성장기업으로서 상장 후 경영실적 및 재무상태 관련 관리종목 지정 요건 중 일부에 대하여 일반기업 대비 완화된 기준을 적용받
오스테오닉,2018-02-22,코스닥,,기술특례,기술평가특례,당사가 벤처기업 특례 요건이 적용됨에도 기술성장기업 특례로 심사 승인을 통과한 이유는 당사의 기술적 우수성 및 이에 기반한 성장성을 인정받고자 기술특례를통하여 상장 승인을 득
린드먼아시아,2018-03-14,코스닥,키움증권(주),일반,일반,
에코마이스터,2018-03-15,코스닥,"대신증권(주),한화투자증권(주)",기술특례,기술평가특례,"""기술혁신형 중소기업' 인증 06 코스닥시장 기술성장기업 상장을 위한 기술평가신청 07 코스닥시장 기술성장기업 상장을 위한 기술평가등급 획득 07 ㈜에코마이스터 화전공장 설치(태웅 슬래그 재활용 운영 및 처리계약 체결) 08 한국거래소 코스닥시장 상장예비심사"
애경산업,2018-03-22,유가증권,대신증권(주),일반,일반,
케어랩스,2018-03-28,코스닥,한국투자증권(주),일반,일반,
위세아이텍,2018-04-02,코넥스,교보증권(주),(NULL),일반,
JTC,2018-04-06,코스닥,,일반,일반,
에스제이켐,2018-04-27,코스닥,해당없음(크라우드펀딩특례상장),(NULL),(문서없음),
다이노나,2018-05-08,코넥스,한국투자증권(주),(NULL),일반,
디피코,2018-05-16,코스닥,현대차증권(주),(NULL),(문서없음),
제노레이,2018-05-28,코스닥,한국투자증권(주),일반,일반,
세종메디칼,2018-05-29,코스닥,한국투자증권(주),일반,일반,
현대사료,2018-06-01,코스닥,신한투자증권 주식회사,일반,일반,
파워넷,2018-06-07,코스닥,DB증권주식회사,일반,일반,
에스엠비나,2018-06-25,코스닥,해당없음,(NULL),(문서없음),
EDGC,2018-06-26,코스닥,SK증권(주),일반,기술평가특례,"당사는 『코스닥시장 상장규정』제7조 제2항에 의하여 상장되는 기술성장기업으로 동 규정 제28조(관리종목) 제1항 제2호 및 제3호, 제38조(상장의 폐지) 제1항 제4호 및 제4의2호에 따라 관리종목 지정과 상장폐지 요건 중 매출액, 법인세비용차감전계속사업손실 요건은 신규상장일이 속하는 사업연도를 포함한 연속하는 5개 사업연도 동안 해당 요건을 적용받"
지앤이바이오텍,2018-06-29,코스닥,주식회사 아이엠증권,(NULL),(문서없음),
엘리비젼,2018-07-05,코스닥,주식회사 아이엠증권,(NULL),(문서없음),
SV인베스트먼트,2018-07-06,코스닥,미래에셋증권 주식회사,일반,일반,
아이큐어,2018-07-12,코스닥,키움증권(주),기술특례,기술평가특례,"외부 전문평가기관(2개 기관)으로부터 사전 기술평가를 받아야하며, 당사는 이크레더블(주)와 한국보건산업진흥원으로부터 'KRX 기술평가등급 A, BBB'를 득하였습니다. 상장예비심사를 청구하는 기업의 유형별 외형요건은 아래와 같이 일부 차이가 존재합니다. [코스닥"
테크트랜스,2018-07-13,코스닥,유안타증권(주),(NULL),(문서없음),
올릭스,2018-07-18,코스닥,엔에이치투자증권(주),기술특례,기술평가특례,"당사는 『코스닥시장 상장규정』제7조 제2항에 의하여 상장되는 기술성장기업으로 동 규정 제28조(관리종목) 제1항 제2호 및 제3호, 제38조(상장의 폐지) 제1항 제4호 및 제4의2호에 따라 관리종목 지정과 상장폐지 요건 중 매출액, 법인세비용차감전계속사업손실 요건은 신규상장일이 속하는 사업연도를 포함한 연속하는 5개 사업연도 동안 해당 요건을 적용받"
엠코르셋,2018-07-23,코스닥,대신증권(주),일반,일반,
한국유니온제약,2018-07-26,코스닥,DB증권주식회사,일반,일반,
롯데정보통신,2018-07-27,유가증권,미래에셋증권 주식회사,일반,일반,
티웨이항공,2018-08-01,유가증권,"신한투자증권 주식회사,대신증권(주)",일반,일반,
휴네시온,2018-08-02,코스닥,엔에이치투자증권(주),일반,일반,
에스에스알,2018-08-06,코스닥,하나증권주식회사,일반,일반,
디아이티,2018-08-07,코스닥,삼성증권(주),일반,일반,
엔케이맥스,2018-08-09,코스닥,키움증권(주),(NULL),(문서없음),
대유,2018-08-10,코스닥,KB증권(주),일반,일반,
더콘텐츠온,2018-08-13,코스닥,대신증권(주),(NULL),(문서없음),
리메드,2018-08-14,코넥스,한국투자증권(주),(NULL),이익미실현,"부정적인 영향을 미칠 수 있으니 투자에 유의하시기 바랍니다 . 마. 공모가액 산출 관련 위험 당사는 「코스닥시장 상장규정」 제6조 제1항 제6호 나목 에 의한 이익미실현 요건에 충족하는 기업으로, 상장예비심사 외형요건 중 경영성과 요건을 면제 받았습니다. 또한 공모가액 산출 시 최근 사업연도 또는 분ㆍ반기"
바이오솔루션,2018-08-20,코스닥,한국투자증권(주),기술특례,기술평가특례,"회사: 이정선 대표이사, 윤정현 대표이사, 김동룡 이사, 윤은경 부장 3. 내용 1) 2018년 정기주주총회 안건 확인 2) 기술평가 등급 확인 및 상장 계획 검토 3) 상장 제도 변경안 검토 2018.04.11 상장예비심사청구서 제출 2018.06.14 코스닥시"
에이피티씨,2018-08-23,코스닥,대신증권(주),일반,일반,
오파스넷,2018-08-24,코스닥,,일반,일반,
액트로,2018-08-28,코스닥,키움증권(주),일반,일반,
디지캡,2018-09-07,코스닥,,일반,일반,
엔솔바이오,2018-09-10,코스닥,신한투자증권(주),(NULL),(문서없음),
명성티엔에스,2018-09-13,코스닥,KB증권(주),일반,일반,
우진아이엔에스,2018-09-14,유가증권,신영증권(주),일반,일반,
지티지웰니스,2018-09-21,코스닥,,일반,(문서없음),
크리스에프앤씨,2018-10-01,코스닥,KB증권(주),일반,일반,
하나제약,2018-10-02,유가증권,미래에셋증권 주식회사,일반,일반,
푸드나무,2018-10-04,코스닥,미래에셋증권 주식회사,일반,일반,
나우아이비캐피탈,2018-10-04,코스닥,신영증권(주),일반,일반,
에스퓨얼셀,2018-10-15,코스닥,한국투자증권(주),일반,일반,
로보티즈,2018-10-26,코스닥,미래에셋증권 주식회사,일반,기술평가특례,"서는 외부 전문평가기관(2개 기관)으로부터 사전 기술평가를 받아야하며, 당사는 이크레더블과 정보통신기술진흥센터로부터 'KRX 기술평가등급 A, A'를 득하였습니다. 아래와 같이 상장예비심사를 청구하는 기업의 유형별 외형요건은 아래와 같이 일부 차이가 존재합니다."
옵티팜,2018-10-26,코스닥,엔에이치투자증권(주),기술특례,기술평가특례,"성장특례를 적용받은 기업으로서 일반기업에 비해 완화된 상장심사요건을 적용 받았으며, 기술보증기금과 나이스디앤비로부터 'KRX 기술평가등급 A, BBB'를 득하였습니다. 당사는 현재 보유하고 있는 이종장기 기술 및 VLP백신 기술을 조기에 기술이전 등을 통하여 수"
엘앤씨바이오,2018-11-01,코스닥,한국투자증권(주),일반,일반,
노바텍,2018-11-02,코스닥,하나증권주식회사,일반,일반,
대보마그네틱,2018-11-06,코스닥,한국투자증권(주),일반,일반,
셀리버리,2018-11-09,코스닥,DB증권주식회사,기술특례(성장성),성장성/사업모델,당사는 코스닥시장 상장요건 중 상장주선인이 성장성을 평가하여 추천한 중소기업 에 해당하는
노바렉스,2018-11-14,코스닥,엔에이치투자증권(주),일반,일반,
디자인,2018-11-15,코스닥,대신증권(주),일반,일반,
아이엘사이언스,2018-11-16,코스닥,신영증권(주),(NULL),(문서없음),
디케이앤디,2018-11-20,코스닥,키움증권(주),일반,일반,
아주IB투자,2018-11-21,코스닥,미래에셋증권 주식회사,일반,일반,
파멥신,2018-11-21,코스닥,"KB증권(주),삼성증권(주)",일반,일반,
싸이토젠,2018-11-22,코스닥,키움증권(주),기술특례,일반,
디알젬,2018-11-22,코스닥,한국투자증권(주),일반,일반,
아시아나IDT,2018-11-23,유가증권,KB증권(주),일반,일반,
나라소프트,2018-11-23,코스닥,해당없음,(NULL),(문서없음),
티앤알바이오팹,2018-11-28,코스닥,키움증권(주),기술특례,기술평가특례,"를 적용받은 기업으로서 일반기업에 비해 완화된 상장심사요건을 적용 받았으며, 한국기업데이터와 나이스디앤비로부터 각각 'KRX 기술평가등급 A, A'를 득하였습니다. 당사는 현재 보유하고 있는 3D 바이오프린팅 플랫폼 기술 기반으로 제조한 생분해성 인공지지체의 적"
네오펙트,2018-11-28,코스닥,한국투자증권(주),일반,일반,
에이펙스인텍,2018-11-28,코스닥,아이비케이투자증권(주),(NULL),(문서없음),
남화산업,2018-11-29,코스닥,대신증권(주),일반,일반,
티로보틱스,2018-11-29,코스닥,키움증권(주),일반,일반,
엠아이텍,2018-11-29,코스닥,하나증권주식회사,일반,일반,
윙입푸드,2018-11-30,코스닥,,일반,일반,
비엔에프코퍼레이션,2018-11-30,코스닥,아이비케이투자증권(주),(NULL),(문서없음),
베스파,2018-12-03,코스닥,미래에셋증권 주식회사,일반,일반,
에코캡,2018-12-05,코스닥,IBK투자증권(주),일반,일반,
대유에이피,2018-12-07,코스닥,신영증권(주),일반,일반,
이노메트리,2018-12-12,코스닥,유진투자증권(주),일반,일반,
뉴트리,2018-12-13,코스닥,미래에셋증권 주식회사,일반,일반,
머큐리,2018-12-14,코스닥,미래에셋증권 주식회사,일반,일반,
전진바이오팜,2018-12-14,코스닥,미래에셋증권 주식회사,기술특례,기술평가특례,"평가기관(2개 기관)으로부터 기술평가를 받은 바 있습니다. 이와 관련하여 당사는 이크레더블과 나이스평가정보로부터 각각 KRX 기술평가등급 A 및 BBB를 득하였습니다. 당사는 천연소재를 활용하여 유해생물 퇴치산업의 새로운 시장을 개척하고자 하나, 국내의 제도 및"
에이비엘바이오,2018-12-19,코스닥,한국투자증권(주),기술특례,기술평가특례,018.07.26 I-MAB사와 기술도입 계약 체결 2018.07.30 TRIGR사와 기술이전 계약 체결 2018.08.20 기술평가 등급 획득 2018.09.05 2018년도 바이오 혁신성장기업 장관상 수상(산업자원부) 2018.09.10 IPO 상장예비심사청구
프로테옴텍,2018-12-19,코스닥,키움증권(주),(NULL),기술평가특례,"당사는 「코스닥시장 상장규정」 제30조 제1항에서 정하는 기술성장기업에 해당하고, 코스닥이전상장이므로 제88조에 따른 상장심사수수료 및 상장수수료 면제 대상에 해당합니다"
위지윅스튜디오,2018-12-20,코스닥,"엔에이치투자증권(주),삼성증권(주)",일반,일반,
디케이티,2018-12-21,코스닥,엔에이치투자증권(주),일반,일반,
테크엔,2018-12-21,코스닥,해당없음,(NULL),(문서없음),
유틸렉스,2018-12-24,코스닥,엔에이치투자증권(주),기술특례,기술평가특례,"당사는 『코스닥시장 상장규정』제7조 제2항에 의하여 상장되는 기술성장기업으로 동 규정 제38조(상장의 폐지) 제1항 제4호 및 제4의2호에 따라 상장폐지 요건 중 매출액, 법인세비용차감전계속사업손실 요건은 신규상장일이 속하는 사업연도를 포함한 연속하는 5개 사업연도 동안 해당 요건을 적용받"
비피도,2018-12-26,코스닥,한국투자증권(주),기술특례,기술평가특례,"부 전문평가기관(2개 기관)으로부터 사전 기술평가를 받아야하며, 당사는 한국과학기술정보연구원과 NICE평가정보로부터 'KRX 기술평가등급 A, A'를 득하였습니다. 상장예비심사를 청구하는 기업의 유형별 외형요건은 아래와 같이 일부 차이가 존재합니다. [코스닥시장"
지놈앤컴퍼니,2018-12-26,코넥스,한국투자증권(주),(NULL),기술평가특례,"시장규모 및 성장잠재력과 기술제품의 경쟁력 감안 시 전반적인 시장성은 양호한 수준인 것으로 평가됨. 이에 따라 동사의 최종 기술평가등급은 장래 환경변화에 다소 영향을 받을 수는 있으나 우수한 기술력을 보유한 BBB 수준으로 의견 제시함. &cr;한편, 상장예비"
에어부산,2018-12-27,유가증권,"미래에셋증권 주식회사,엔에이치투자증권(주)",일반,일반,
대원모방,2018-12-27,코스닥,해당없음,(NULL),(문서없음),
엘에이티,2018-12-28,코스닥,한국투자증권(주),(NULL),(문서없음),
웹케시,2019-01-25,코스닥,하나증권주식회사,일반,일반,
노랑풍선,2019-01-30,코스닥,"한국투자증권(주),KB증권(주)",일반,일반,
이노테라피,2019-02-01,코스닥,대신증권(주),기술특례,일반,
천보,2019-02-11,코스닥,하나증권주식회사,일반,일반,
우리금융지주,2019-02-13,유가증권,한국투자증권(주),일반,일반,
셀리드,2019-02-20,코스닥,삼성증권(주),기술특례,일반,
에코프로비엠,2019-03-05,코스닥,대신증권(주),일반,일반,
더블유게임즈,2019-03-12,유가증권,,일반,일반,
드림텍,2019-03-14,유가증권,엔에이치투자증권(주),일반,일반,
미래에셋벤처투자,2019-03-15,코스닥,KB증권(주),일반,일반,
이지케어텍,2019-03-22,코스닥,미래에셋증권 주식회사,일반,일반,
지노믹트리,2019-03-27,코스닥,,기술특례,기술평가특례,"외부 전문평가기관(2개 기관)으로부터 사전 기술평가를 받아야하며, 당사는 한국생명공학연구원과 이크레더블로부터 각각 'KRX 기술평가등급 A, A'를 득하였습니다. 상장예비심사를 청구하는 기업의 유형별 외형요건은 아래와 같이 일부 차이가 존재합니다. 구분 일반기"
현대오토에버,2019-03-28,유가증권,엔에이치투자증권(주),일반,일반,
아모그린텍,2019-03-29,코스닥,삼성증권(주),이익미실현,일반,
이노벡스,2019-04-12,코스닥,아이비케이투자증권(주),(NULL),(문서없음),
SNK,2019-05-07,코스닥,,일반,(문서없음),
다원넥스뷰,2019-05-21,코넥스,신한투자증권(주),(NULL),기술평가특례,"/서비스의 사업화 수준 , 제품 /서비스의 경쟁력을 감안 시 시장성은 보통 이상 수준으로 평가됨 . 이에 따라 동사의 최종 기술평가등급은 기술력이 동종기업 대비 다소 높고 기술환경변화에 보통의 영향을 받을 수 있는 수준이며 미래 성장 가능성이 양호한 수준인 B"
컴퍼니케이,2019-05-23,코스닥,엔에이치투자증권(주),일반,일반,
수젠텍,2019-05-28,코스닥,,기술특례,기술평가특례,당사는 코스닥시장 상장규정에 의거 전문평가기관이 당사의 기술 등을 평가하여 평가결과가 일정 등급 이상일 경우 적용 되는 기술성장기업 특례를 적용 받
포스코케미칼,2019-05-29,유가증권,,일반,(문서없음),
원바이오젠,2019-06-03,코스닥,교보증권(주),(NULL),(문서없음),
마이크로디지탈,2019-06-05,코스닥,하나증권주식회사,기술특례,일반,
까스텔바쟉,2019-06-10,코스닥,엔에이치투자증권(주),일반,일반,
압타바이오,2019-06-12,코스닥,"미래에셋증권 주식회사,삼성증권(주)",기술특례,기술평가특례,"당사는 『코스닥시장 상장규정 』제7조 제2항에 의하여 상장되는 기술성장기업으로 동 규정 제38조(상 장의 폐지) 제1항 제4호 및 제4의2호에 따라 상장폐지 요건 중 매출 액 요건은 신규상장일이 속하는 사업연도를 포함한 연속하는 5개 사업연도, 법인세비용차감전계속사업손실 요건은 신규상장일이 속하는 사업연도를 포함한 연속하는 3개 사업연도 동안 해당 요건을 "
티티씨디펜스,2019-06-27,코스닥,아이비케이투자증권(주),(NULL),(문서없음),
에이에프더블류,2019-07-01,코스닥,엔에이치투자증권(주),일반,일반,
펌텍코리아,2019-07-04,코스닥,한국투자증권(주),일반,일반,
펨토바이오메드,2019-07-10,코스닥,해당없음,(NULL),(문서없음),
아이스크림에듀,2019-07-11,코스닥,대신증권(주),일반,일반,
세틀뱅크,2019-07-12,코스닥,"신한투자증권 주식회사,한국투자증권(주)",일반,일반,
구스앤홈,2019-07-12,코스닥,해당없음,(NULL),(문서없음),
플리토,2019-07-17,코스닥,한국투자증권(주),기술특례,성장성/사업모델,"는 외부 전문평가기관(2개 기관)으로부터 사전에 사업모델평가를 받아야하며, 당사는 기술보증기금과 한국기업데이터로부터 'KRX 사업평가등급 A, A'를 득하였습니다. 상장예비심사를 청구하는 기업의 유형별 외형요건은 아래와 같이 일부 차이가 존재합니다. [ 코스닥시"
에이스토리,2019-07-19,코스닥,엔에이치투자증권(주),일반,일반,
대모,2019-07-24,코스닥,신한투자증권 주식회사,일반,일반,
윌링스,2019-07-25,코스닥,신영증권(주),일반,일반,
세경하이테크,2019-07-30,코스닥,키움증권(주),일반,일반,
슈프리마아이디,2019-08-01,코스닥,한국투자증권(주),일반,일반,
한국바이오젠,2019-08-01,코스닥,미래에셋증권 주식회사,일반,일반,
덕산테코피아,2019-08-02,코스닥,엔에이치투자증권(주),일반,일반,
코윈테크,2019-08-05,코스닥,미래에셋증권 주식회사,일반,일반,
케어룸의료산업,2019-08-05,코스닥,아이비케이투자증권(주),(NULL),(문서없음),
그린플러스,2019-08-07,코스닥,,일반,(문서없음),
레이,2019-08-08,코스닥,한국투자증권(주),일반,일반,
에스피시스템스,2019-08-14,코스닥,한국투자증권(주),일반,일반,
나노브릭,2019-08-19,코스닥,KB증권(주),기술특례,일반,
마니커에프앤지,2019-08-20,코스닥,유진투자증권(주),일반,일반,
네오크레마,2019-08-22,코스닥,키움증권(주),일반,일반,
아퓨어스,2019-09-03,코스닥,해당없음,(NULL),(문서없음),
한독크린텍,2019-09-05,코스닥,한국투자증권(주),일반,일반,
라닉스,2019-09-18,코스닥,한국투자증권(주),기술특례(성장성),성장성/사업모델,당사는 코스닥시장 상장요건 중 상장주선인이 성장성을 평가하여 추천한 중소기업에 해당하는
올리패스,2019-09-20,코스닥,"미래에셋증권 주식회사,키움증권(주)",기술특례(성장성),성장성/사업모델,당사는 코스닥시장 상장요건 중 상장주선인이 성장성을 평가하여 추천한 중소기업에 해당하는
엔지브이아이,2019-09-30,코스닥,(주)상상인증권,(NULL),(문서없음),
녹십자웰빙,2019-10-14,코스닥,하나증권주식회사,일반,일반,
아톤,2019-10-17,코스닥,"엔에이치투자증권(주),KB증권(주)",일반,일반,
라온피플,2019-10-18,코스닥,미래에셋증권 주식회사,일반,일반,
제이콘텐트리,2019-10-18,유가증권,,일반,(문서없음),
팜스빌,2019-10-22,코스닥,대신증권(주),일반,일반,
엔바이오니아,2019-10-24,코스닥,미래에셋증권 주식회사,기술특례,성장성/사업모델,"하여 아래 절차에 따라 한국거래소가 지정한 평가기관인 한국기업데이터와 기술보증기금으로부터 약 1개월간 평가를 받고, 'KRX 사업평가등급 A, A'를 득하였습니다.한편, 상장예비심사를 청구하는 기업의 유형별 외형요건은 아래와 같이 일부 차이가 존재합니다. [ 코"
케이엔제이,2019-10-25,코스닥,미래에셋증권 주식회사,일반,일반,
한국미라클피플사,2019-10-28,코스닥,아이비케이투자증권(주),(NULL),(문서없음),
캐리소프트,2019-10-29,코스닥,미래에셋증권 주식회사,기술특례,성장성/사업모델,"여 아래 절차에 따라 한국거래소가 지정한 평가기관인 한국기업데이터와 NICE평가정보로부터 약 1개월간 평가를 받고, 'KRX 사업평가등급 AA, A'를 득하였습니다. [기술성장기업 기술(또는 사업모델) 평가 절차] 기술평가절차_예투.jpg 기술평가절차. 평가기관"
지누스,2019-10-30,유가증권,엔에이치투자증권(주),일반,일반,
티라유텍,2019-10-31,코스닥,미래에셋증권 주식회사,일반,일반,
미디어젠,2019-11-05,코스닥,,기술특례,일반,
자이에스앤디,2019-11-06,유가증권,한국투자증권(주),일반,일반,
아이티엠반도체,2019-11-07,코스닥,KB증권(주),일반,일반,
라파스,2019-11-11,코스닥,DB증권주식회사,기술특례(성장성),성장성/사업모델,당사는 코스닥시장 상장요건 중 상장주선인이 성장성을 평가하여 추천한 중소기업에 해당하는
한화시스템,2019-11-13,유가증권,"한국투자증권(주),씨티그룹글로벌마켓증권(주),엔에이치투자증권(주)",일반,일반,
제테마,2019-11-14,코스닥,한국투자증권(주),이익미실현,이익미실현,"우 당사의 경영안정성이 저하될 위험이 존재합니다. 기타 투자위험 가. 공모가액 산출 관련 위험 당사는 「코스닥시장 상장규정」 제6조 제1항 제6호 나목 에 의한 이익미실현 요건에 충족하는 기업으로, 상장예비심사 외형요건 중 경영성과 요건을 면제 받았습니다. 또한 공모가액 산출 시 최근 사업연도 또는 분ㆍ반기"
에스제이그룹,2019-11-18,코스닥,"엔에이치투자증권(주),IBK투자증권(주)",일반,일반,
현대에너지솔루션,2019-11-19,유가증권,한국투자증권(주),일반,일반,
우양,2019-11-20,코스닥,미래에셋증권 주식회사,일반,일반,
코리아에셋투자증권,2019-11-20,코스닥,신영증권(주),일반,일반,
씨에스베어링,2019-11-21,코스닥,한국투자증권(주),일반,일반,
티움바이오,2019-11-22,코스닥,키움증권(주),기술특례,기술평가특례,"당사는 『코스닥시장 상장규정』제7조 제2항에 의하여 상장되는 기술성장기업으로 동 규정 제28조(관리종목) 제1항 제2호 및 제3호, 제38조(상장의 폐지) 제1항 제4호 및 제4의2호에 따라 관리종목 지정과 상장폐지 요건 중 매출액, 법인세비용차감전계속사업손실 요건은 신규상장일이 속하는 사업연도를 포함한 연속하는 5개 사업연도 동안 해당 요건을 적용받"
센트랄모텍,2019-11-25,유가증권,한국투자증권(주),일반,일반,
노터스,2019-11-27,코스닥,대신증권(주),일반,일반,
유엑스엔,2019-11-28,코스닥,키움증권(주),(NULL),(문서없음),
코리아센터,2019-11-29,코스닥,엔에이치투자증권(주),일반,일반,
진코스텍,2019-11-29,코스닥,하나증권(주),(NULL),(문서없음),
이도바이오,2019-12-02,코스닥,한화투자증권(주),(NULL),(문서없음),
리메드,2019-12-06,코스닥,,이익미실현,이익미실현,"부정적인 영향을 미칠 수 있으니 투자에 유의하시기 바랍니다 . 마. 공모가액 산출 관련 위험 당사는 「코스닥시장 상장규정」 제6조 제1항 제6호 나목 에 의한 이익미실현 요건에 충족하는 기업으로, 상장예비심사 외형요건 중 경영성과 요건을 면제 받았습니다. 또한 공모가액 산출 시 최근 사업연도 또는 분ㆍ반기"
노드메이슨,2019-12-06,코스닥,아이비케이투자증권(주),(NULL),(문서없음),
태웅로직스,2019-12-10,코스닥,"IBK투자증권(주),(주)비엔케이투자증권",일반,일반,
제이엘케이인스펙션,2019-12-11,코스닥,한국투자증권(주),기술특례,기술평가특례,당사는 코스닥시장 상장규정에 의거 전문평가기관이 당사의 기술 등을 평가하여 평가결과가 일정 등급 이상일 경우 적용 되는 기술성장기업 특례를 적용 받
신테카바이오,2019-12-17,코스닥,KB증권(주),기술특례(성장성),일반,
메드팩토,2019-12-19,코스닥,삼성증권(주),기술특례,기술평가특례,"당사는 『코스닥시장 상장규정』제7조 제2항에 의하여 상장되는 기술성장기업으로 동 규정 제28조(관리종목) 제1항 제2호 및 제3호, 제38조(상장의 폐지) 제1항 제4호 및 제4의2호에 따라 관리종목 지정과 상장폐지 요건 중 매출액 요건은 신규상장일이 속하는 사업연도를 포함한 연속하는 5개 사업연도, 법인세비용차감전계속사업손실 요건은 신규상장일이 속하는 사"
브릿지바이오,2019-12-20,코스닥,"대신증권(주),KB증권(주)",기술특례(성장성),성장성/사업모델,"당사는 코스닥시장 상장요건 중 상장주선인이 성장성을 평가하여 추천한 기술성장기업(성장성 특례상장)으로서, 통상 기술성장기업특례의 적용을 받"
메탈라이프,2019-12-24,코스닥,한국투자증권(주),일반,일반,
애드바이오텍,2019-12-24,코넥스,대신증권(주),(NULL),기술평가특례,"(소재부품장비 기술개발) 2020.12 중소벤처기업부 장관표창(벤처기업진흥 유공) 2020.12 코스닥시장 상장 추진을 위한 기술평가 등급 수령 (한국기업데이터A, 농업실용화재단BBB) 2021.02 지식재산 경영인증(특허청) 2021.04 글로벌 강소기업 선정("
피피아이,2019-12-26,코스닥,미래에셋증권 주식회사,일반,일반,
천랩,2019-12-26,코스닥,한국투자증권(주),기술특례(성장성),기술평가특례,"전문평가기관(2개 기관)으로부터 사전 기술평가를 받아야하며, 당사는 이크레더블 및 한국과학기술정보연구원으로부터 각각 'KRX 기술평가등급 AA, BBB'를 득하였습니다. 상장예비심사를 청구하는 기업의 유형별 외형요건은 아래와 같이 일부 차이가 존재합니다. [코스"
엔에스엠,2019-12-26,코스닥,키움증권(주),(NULL),(문서없음),
이앤에치,2019-12-27,코스닥,해당없음,(NULL),(문서없음),
위세아이텍,2020-02-10,코스닥,,일반,일반,
서남,2020-02-20,코스닥,한국투자증권(주),기술특례,기술평가특례,"시장 선점 및 점유율 확대를 위해 기술제품의 경쟁력을 지속 개선할 필요가 있음- 상기의 평가결과를 종합하여 볼 때, ㈜서남의 기술평가등급은 높은 수준의 기술력을 가진 기업 수준인 “A”에 해당하는 것으로 평가함 NICE평가정보 - (주)서남은 초전도, 나노 및"
레몬,2020-02-28,코스닥,미래에셋증권 주식회사,기술특례,기술평가특례,"절 차에 따라 한국거래소가 지정한 평가기관인 NICE평가정보와 한국전자통신연구원으로부터 약 1개월간 평가를 받고, 'KRX 기술평가등급 A, A'를 득 하였습니다. 한편, 상장예비심사를 청구하는 기업의 유형별 외형요건은 아래와 같이 일부 차이가 존재합니다. ["
켄코아에어로스페이스,2020-03-03,코스닥,엔에이치투자증권(주),이익미실현,이익미실현,"회하는 가격으로 보상받을 수 있는 위험이 존재합니다. 다. 공모가 산정방식의 한계에 따른 위험 당사는 「코스닥시장 상장규정」 제6조 제1항 제6호 나목 에 의한 이익미실현 요건에 충족하는 기업으로, 상장예비심사 외형요건 중 경영성과 요건을 면제 받았습니다. 또한 공모가액 산출 시 최근 사업연도 또는 분ㆍ반기"
제이앤티씨,2020-03-04,코스닥,"신한투자증권 주식회사,유진투자증권(주)",일반,일반,
서울바이오시스,2020-03-06,코스닥,KB증권(주),기술특례,일반,
플레이디,2020-03-12,코스닥,KB증권(주),일반,일반,
엔피디,2020-03-16,코스닥,유안타증권(주),일반,일반,
단디바이오,2020-04-24,코스닥,신한투자증권(주),(NULL),(문서없음),
이노진,2020-04-27,코넥스,아이비케이투자증권(주),(NULL),일반,
오션스톤,2020-05-07,코스닥,해당없음,(NULL),(문서없음),
드림씨아이에스,2020-05-22,코스닥,엔에이치투자증권(주),일반,일반,
에스씨엠생명과학,2020-06-17,코스닥,한국투자증권(주),기술특례,기술평가특례,". 이를 종합적으로 고려할 시, 동사는 우수한 기술력을 보유한 기업이나 장래의 환경변화에 다소 영향을 받을 수 있는 기업으로 기술평가등급 ‘BBB’로 의견 제시한다. &cr;한편, 상장예비심사를 청구하는 기업의 유형별 외형요건은 아래와 같이 일부 차이가 존재합니"
엘이티,2020-06-22,코스닥,미래에셋증권 주식회사,일반,일반,
무진메디,2020-06-24,코스닥,한국투자증권(주),(NULL),(문서없음),
젠큐릭스,2020-06-25,코스닥,,기술특례,기술평가특례,"당사는 『코스닥시장 상장규정』제7조 제2항에 의하여 상장되는 기술성장기업으로 동 규정 제28조(관리종목) 제1항 제2호 및 제3호, 제38조(상장의 폐지) 제1항 제4호 및 제4의2호에 따라 관리종목 지정과 상장폐지 요건 중 매출액 요건은 신규상장일이 속하는 사업연도를 포함한 연속하는 5개 사업연도, 법인세비용차감전계속사업손실 요건은 신규상장일이 속하는 사"
폭스소프트,2020-06-25,코스닥,해당없음,(NULL),(문서없음),
마크로밀엠브레인,2020-07-01,코스닥,엔에이치투자증권(주),일반,일반,
에스케이바이오팜,2020-07-02,유가증권,"엔에이치투자증권(주),씨티그룹글로벌마켓증권(주)",일반,일반,
위더스제약,2020-07-03,코스닥,"엔에이치투자증권(주),삼성증권(주)",일반,일반,
신도기연,2020-07-06,코스닥,한국투자증권(주),일반,일반,
소마젠,2020-07-13,코스닥,,기술특례,기술평가특례,"당사는 『코스닥시장 상장규정』제7조 제2항에 의하여 상장되는 기술성장기업으로 동 규정 제28조(관리종목) 제1항 제2호 및 제3호, 제38조(상장의 폐지) 제1항 제4호 및 제4의2호에 따라 관리종목 지정과 상장폐지 요건 중 매출액 요건은 신규상장일이 속하는 사업연도를 포함한 연속하는 5개 사업연도, 법인세비용차감전계속사업손실 요건은 신규상장일이 속하는 사"
에이프로,2020-07-16,코스닥,엔에이치투자증권(주),일반,일반,
티에스아이,2020-07-22,코스닥,,일반,이익미실현,"조 제1항 제6호의 경영성과 및 시장평가 등 요건 중 가.목의 수익성 또는 매출액 관련 요건을 충족하지 못하였으며, 이에 따라 나.목의 시장평가 또는 성장성 충족(이익미실현기업의 상장)에 관한 요건을 적용받아 금번 공모를 진행하고 있습니다. 당사는 기준시가총액 (공모가에 상장예정주식수를 곱한 금액) 이 300억원에 미달(확정공모"
바이오인프라생명과학,2020-07-22,코스닥,키움증권(주),(NULL),(문서없음),
솔트룩스,2020-07-23,코스닥,한국투자증권(주),기술특례(성장성),기술평가특례,"회사: 장우석 팀장, 신지웅 과장, 박세훈 과장, 최재혁 대리 - 발행회사: 이경일 대표이사, 권혁일 이사 3. 내용 (1) 기술평가 등급 확보에 따른 청구 등 향후 일정 점검 (2) 내부통제시스템 정비상황 점검 2019.12.16 ~ 2020.02.21 ■ 8차"
제놀루션,2020-07-24,코스닥,,기술특례,기술평가특례,"당사는 『코스닥시장 상장규정』제7조 제2항에 의하여 상장되는 기술성장기업으로 동 규정 제28조(관리종목) 제1항 제2호 및 제3호, 제38조(상장의 폐지) 제1항 제4호 및 제4의2호에 따라 관리종목 지정과 상장폐지 요건 중 매출액 요건은 신규상장일이 속하는 사업연도를 포함한 연속하는 5개 사업연도, 법인세비용차감전계속사업손실 요건은 신규상장일이 속하는 사"
더네이쳐홀딩스,2020-07-27,코스닥,한국투자증권(주),일반,일반,
엠투아이,2020-07-29,코스닥,미래에셋증권 주식회사,일반,일반,
이엔드디,2020-07-30,코스닥,,일반,(문서없음),
와이팜,2020-07-31,코스닥,엔에이치투자증권(주),일반,일반,
이루다,2020-08-06,코스닥,미래에셋증권 주식회사,일반,일반,
한국파마,2020-08-10,코스닥,미래에셋증권 주식회사,일반,일반,
영림원소프트랩,2020-08-12,코스닥,미래에셋증권 주식회사,일반,일반,
브랜드엑스코퍼레이션,2020-08-13,코스닥,"대신증권(주),삼성증권(주)",일반,일반,
미투젠,2020-08-18,코스닥,,일반,(문서없음),
데이드림엔터,2020-08-18,코스닥,KB증권(주),(NULL),(문서없음),
셀레믹스,2020-08-21,코스닥,대신증권(주),기술특례(성장성),기술평가특례,당사는 코스닥시장 상장요건 중 기술성장기업 중 ‘성장성추천’ 적용 기업으로 상장예비심사 승인을 득
아이디피,2020-08-24,코스닥,키움증권(주),일반,일반,
피엔케이,2020-09-09,코스닥,미래에셋증권 주식회사,일반,일반,
카카오게임즈,2020-09-10,코스닥,"한국투자증권(주),삼성증권(주)",일반,일반,
이오플로우,2020-09-14,코스닥,하나증권주식회사,기술특례(성장성),기술평가특례,업무 소개 - 성장성 특례제도를 통한 코스닥시장 상장 검토 (2) 성장성 특례제도 상장주선인 요건 검토 (3) 07월 05일 기술평가 등급 수령(한국기업데이터 : A) 2019.07.09 ~ 2019.07.12 ■ 2차 기업실사 1. 장소: 이오플로우㈜ 회의실 2
압타머사이언스,2020-09-16,코스닥,키움증권(주),기술특례(성장성),성장성/사업모델,당사는 코스닥시장 상장요건 중 상장주선인이 성장성을 평가하여 추천한 중소기업에 해당하는
핌스,2020-09-18,코스닥,DB증권주식회사,일반,일반,
비비씨,2020-09-21,코스닥,미래에셋증권 주식회사,일반,일반,
박셀바이오,2020-09-22,코스닥,하나증권주식회사,기술특례,기술평가특례,"평가대상기업은 의사 출신 공동창업자(이준행,이제중)가 국가연구과제 수행성과를 바탕으로 설립한 연구개발 중심의 바이오기업임. 기술평가등급은 A등급으로 높은 수준의 기술력을 가진 기업(장래 환경변화에 크게 영향을 받지 않을 수준)으로 평가됨.&cr;&cr;○ 동사"
비나텍,2020-09-23,코스닥,,일반,일반,
원방테크,2020-09-24,코스닥,미래에셋증권 주식회사,일반,일반,
넥스틴,2020-10-08,코스닥,KB증권(주),기술특례,기술평가특례,제조사의 국산화 정책과 세계 무역 동향 등을 고려할 경우 보유 기술력에 기반한 지속적인 수주 물량 확보 가능성이 높음에 따라 기술평가등급은 A 로 판단됨. &cr; 처. 주가의 일일가격제한폭 확대에 따른 가격변동 위험&cr; &cr;2015년 6월 15일부터 코
빅히트,2020-10-15,유가증권,"한국투자증권(주),제이피모간증권회사 서울지점,엔에이치투자증권(주)",일반,일반,
피플바이오,2020-10-19,코스닥,키움증권(주),기술특례,기술평가특례,"당사는 『코스닥시장 상장규정』제7조 제2항에 의하여 상장되는 기술성장기업으로 동 규정 제28조(관리종목) 제1항 제2호 및 제3호, 제38조(상장의 폐지) 제1항 제4호 및 제4의2호에 따라 관리종목 지정과 상장폐지 요건 중 매출액 요건은 신규상장일이 속하는 사업연도를 포함한 연속하는 5개 사업연도, 법인세비용차감전계속사업손실 요건은 신규상장일이 속하는 사"
미코바이오메드,2020-10-22,코스닥,,일반,(문서없음),
원포유,2020-10-23,코스닥,대신증권(주),(NULL),(문서없음),
바이브컴퍼니,2020-10-28,코스닥,한국투자증권(주),기술특례(성장성),기술평가특례,"모 및 성장잠재력과 기술제품의 경쟁력 을 감안 시 전반적인 시장성은 보통 이상 수준인 것으로 평가됨. 이에 따라 동사의 최종 기술평가등급은 높은 수준의 기술력을 가진 기업으로 장래 환경변화에 크게 영향을 받지 않을 수준인 A로 의견 제시함. &cr;한편, 코스닥"
센코,2020-10-29,코스닥,한국투자증권(주),기술특례,기술평가특례,"적으로 개발ㆍ생산하면서확보한 기술력을 바탕으로 해외 유수의 업체와 시장에서 경쟁하고 있는 점을 고려하여 종합적으로 판단할 때 기술평가등급은 [A]로 평가됨. &cr;한편, 상장예비심사를 청구하는 기업의 유형별 외형요건은 아래와 같이 일부 차이가 존재합니다.&cr"
위드텍,2020-10-30,코스닥,하나증권주식회사,일반,일반,
소룩스,2020-11-06,코스닥,미래에셋증권 주식회사,일반,일반,
교촌에프앤비,2020-11-12,유가증권,미래에셋증권 주식회사,일반,일반,
네패스아크,2020-11-17,코스닥,미래에셋증권 주식회사,일반,일반,
고바이오랩,2020-11-18,코스닥,"대신증권(주),삼성증권(주)",기술특례(성장성),기술평가특례,"당사는 기술성장기업으로 매출액 요건의 경우 신규상장일이 속하는 사업연도를 포함한 연속하는 5개 사업연도(상장일로부터 상장일이 속한 사업연도의 말일까지 기간이 3월미만인 경우에 는 그 다음 사업연도), 세전 이익 요건의 경우 신규상장일이 속하는 사업연도를 포함한 연속하는 3개 사업연도(상장일로부터 상장일이 속한 사업연도의 말일까지의 기간이 3월미만인 경우에는"
티앤엘,2020-11-20,코스닥,한국투자증권(주),일반,일반,
에이플러스에셋,2020-11-20,유가증권,"엔에이치투자증권(주),IBK투자증권(주)",일반,일반,
하나기술,2020-11-25,코스닥,하나증권주식회사,일반,일반,
제일전기공업,2020-11-26,코스닥,하나증권주식회사,일반,일반,
앱코,2020-12-02,코스닥,미래에셋증권 주식회사,일반,일반,
엔에프씨,2020-12-02,코스닥,삼성증권(주),일반,일반,
포인트모바일,2020-12-03,코스닥,하나증권주식회사,일반,일반,
클리노믹스,2020-12-04,코스닥,대신증권(주),기술특례(성장성),기술평가특례,당사는 코스닥시장 상장요건 중 기술성장기업 중 ‘성장성추천’ 적용 기업으로 상장예비심사 승인을 득
명신산업,2020-12-07,유가증권,"미래에셋증권 주식회사,현대차증권주식회사",일반,일반,
퀀타매트릭스,2020-12-09,코스닥,미래에셋증권 주식회사,기술특례,기술평가특례,"Susceptibility test (신속 항균제 감수성 검사) 개시(진료코드 발급) 2019.12 코스닥시장 상장을 위한 기술평가등급 “A” 획득 (기술보증기금, 한국기업데이터) 3. 자본금 변동사항 &cr; 가. 자본금 변동현황 &cr; (기준일 : 증권신"
엔젠바이오,2020-12-10,코스닥,삼성증권(주),기술특례,기술평가특례,"당사는 『코스닥시장 상장규정』제7조 제2항에 의하여 상장되는 기술성장기업으로 동 규정 제28조(관리종목) 제1항 제2호 및 제3호, 제38조(상장의 폐지) 제1항 제4호 및 제4의2호에 따라 관리종목 지정과 상장폐지 요건 중 매출액 요건은 신규상장일이 속하는 사업연도를 포함한 연속하는 5개 사업연도, 법인세비용차감전계속사업손실 요건은 신규상장일이 속하는 사"
인바이오,2020-12-11,코스닥,한국투자증권(주),일반,일반,
씨엔티드림,2020-12-11,코스닥,엔에이치투자증권(주),(NULL),(문서없음),
티엘비,2020-12-14,코스닥,DB증권주식회사,일반,일반,
에프앤가이드,2020-12-17,코스닥,,일반,일반,
알체라,2020-12-21,코스닥,신영증권(주),기술특례(성장성),성장성/사업모델,당사는 코스닥시장 상장요건 중 상장주선인이 성장성을 평가하여 추천한 중소기업에 해당하는
프리시젼바이오,2020-12-22,코스닥,한국투자증권(주),기술특례,기술평가특례,"당사는 코스닥시장 상장요건 중 전문평가기관의 기술 등에 대한 평가를 받아 A등급 이상을 취득하여 기술력과 성장성이 인정되는 기업인 기술성장기업(기술 특례상장)으로서, 2020년 10월 26일 상장예비심사 승인을 득"
석경에이티,2020-12-23,코스닥,한국투자증권(주),기술특례,기술평가특례,시장규모 및 성장잠재력과 기술제품의 경쟁력을 감안 시 전반적인 시장성은 보통 수준인 것으로 평가됨. 이에 따라 동사의 최종 기술평가등급은 높은 수준의 기술력을 가진 기업으로 장래 환경변화에 크게 영향을 받지 않을 수준인 A로 의견 제시함. 기술보증기금 BBB
지놈앤컴퍼니,2020-12-23,코스닥,,기술특례,기술평가특례,"시장규모 및 성장잠재력과 기술제품의 경쟁력 감안 시 전반적인 시장성은 양호한 수준인 것으로 평가됨. 이에 따라 동사의 최종 기술평가등급은 장래 환경변화에 다소 영향을 받을 수는 있으나 우수한 기술력을 보유한 BBB 수준으로 의견 제시함. &cr;한편, 상장예비"
루트락,2020-12-24,코스닥,신한투자증권(주),(NULL),(문서없음),
에이스캠퍼,2020-12-29,코스닥,해당없음,(NULL),(문서없음),
나우코스,2020-12-30,코스닥,한화투자증권(주),(NULL),(문서없음),
엔비티,2021-01-21,코스닥,미래에셋증권 주식회사,기술특례,성장성/사업모델,"해서는 외부 전문평가기관(2개 기관)으로부터 사전에 사업모델평가를 받아야하며, 당사는 이크레더블과 나이스디앤비로부터 'KRX 사업평가등급 A, A'를 득하였습니다. 상장예비심사를 청구하는 기업의 유형별 외형요건은 아래와 같이 일부 차이가 존재합니다.&cr; ["
선진뷰티사이언스,2021-01-27,코스닥,"신한투자증권 주식회사,삼성증권(주)",일반,일반,
모비릭스,2021-01-28,코스닥,한국투자증권(주),일반,일반,
씨앤투스성진,2021-01-28,코스닥,미래에셋증권 주식회사,이익미실현,이익미실현,"조 제1항 제6호의 경영성과 및 시장평가 등 요건 중 가.목의 수익성 또는 매출액 관련 요건을 충족하지 못하였으며, 이에 따라 나.목의 시장평가 또는 성장성 충족(이익미실현기업의 상장)에 관한 요건을 적용받아 금번 공모를 진행하고 있습니다. 당사는 기준시가총액(공모가에 상장예정주식수를 곱한 금액)이 300억원에 미달(확정공모가액"
핑거,2021-01-29,코스닥,대신증권(주),일반,일반,
솔루엠,2021-02-02,유가증권,"미래에셋증권 주식회사,KB증권(주)",일반,일반,
레인보우로보틱스,2021-02-03,코스닥,"대신증권(주),미래에셋증권 주식회사",기술특례(성장성),기술평가특례,모 및 성장잠재력 과 기술제품의 경쟁력을 감안 시 전반적인 시장성은 보통 이상 수준인 것으로 평가됨. 이에 따라 동사의 최종 기술평가등급은 높은 수준의 기술력을 가진 기업으로 장래 환경변화에 크게 영향을 받지 않을 수준인 A로 의견 제시함. 한국생산기술연구원 A
와이더플래닛,2021-02-03,코스닥,한국투자증권(주),기술특례,성장성/사업모델,"서는 외부 전문평가기관(2개 기관)으로부터 사전에 사업모델평가를 받아야하며, 당사는 이크레더블과 한국기업데이터로부터 'KRX 사업평가등급 A, A'를 득하였습니다. &cr; [ 전문평가기관의 종합의견 ] 구 분 평가등급 종 합 의 견 이크레더블 A ■ ㈜와이더플"
아이퀘스트,2021-02-05,코스닥,미래에셋증권 주식회사,일반,일반,
피비파마,2021-02-05,유가증권,,일반,(문서없음),
피엔에이치테크,2021-02-16,코스닥,,기술특례,기술평가특례,"2 공통층재료 상용화 진행 2015.07 특허재료(정공수송층) 양산시작 2015.10 진천 공장 완공 및 가동 2015.11 기술평가등급 2곳 모두 ""A""획득(한국기업데어타 & 기술보증기금) 2016.04 기관투자유치- 아주 IB외 3개기관 (31.8억원) 20"
오로스테크놀로지,2021-02-24,코스닥,키움증권(주),일반,기술평가특례,"규모 확충 및 글로벌화 역량 확보를 위한 노력이 필요&cr;&cr;- 상기의 평가결과를 종합하여 볼 때, ㈜오로스테크놀로지의 기술평가 등급은 높은 수준의 기술력을 가진 기업인 ""A"" 로 평가됨 나. 희망공모가 산정방식의 한계에 따른 위험 &cr; &cr;당사의 희"
씨이랩,2021-02-24,코스닥,,기술특례,기술평가특례,"당사는 코스닥시장 상장요건 중 전문평가기관의 기술 등에 대한 평가를 받아 A등급 이상을 취득하여 기술력과 성장성이 인정되는 기업인 기술성장기업(기술 특례상장)으로서, 2020년 11월 26일 상장예비심사 승인을 득"
유일에너테크,2021-02-25,코스닥,신영증권(주),일반,일반,
뷰노,2021-02-26,코스닥,"미래에셋증권 주식회사,삼성증권(주)",기술특례,기술평가특례,"며 국내외에서 매출이 발생하고 있다는 점, 그리고 의료 정보 관련 시장이 성장기에 있는 가능성이 큰 시장인 점 등을 감안하여 기술평가등급을 A로 평가함. 나이스디앤비 A 주식회사 뷰노 이하 동사 는 201 4 년 12 월 설립된 외감 중 소기업으로 응용 소프 트"
나노씨엠에스,2021-03-09,코스닥,키움증권(주),기술특례,기술평가특례,"면서, 우수한 기술력을 바탕으로 해외 적용시장 확대를 위해 적극적인 영업을 수행하고 있는 점을 고려하여 종합적으로 판단할 때 기술평가등급은 [A]로 평가됨 &cr;한편, 상장예비심사를 청구하는 기업의 유형별 외형요건은 아래와 같이 일부 차이가 존재합니다.&cr;"
프레스티지바이오로직스,2021-03-11,코스닥,"미래에셋증권 주식회사,유안타증권(주)",기술특례(성장성),성장성/사업모델,당사는 코스닥시장 상장요건 중 상장주선인이 성장성을 평가하여 추천한 중소기업에 해당하는
싸이버원,2021-03-11,코스닥,키움증권(주),일반,일반,
네오이뮨텍,2021-03-16,코스닥,,기술특례,기술평가특례,"당사는 「코스닥시장 상장규정」제7조제2항에 의하여 상장되는 기술성장기업으로 동 규정 제28조(관리종목)제1항제2호 및 제3호, 제38조(상장의 폐지)제1항제4호 및 제4의2호에 따라 관리종목 지정과 상장폐지 요건 중 매출액 요건은 신규상장일이 속하는 사업연도를 포함한 연속하는 5개 사업연도, 법인세비용차감전계속사업손실 요건은 신규상장일이 속하는 사업연도를 "
바이오다인,2021-03-17,코스닥,대신증권(주),이익미실현,이익미실현,"자께서는 유의하시기 바랍니다. &cr; 사. 공모가 산정방식의 한계에 따른 위험 &cr;&cr;당사는 「코스닥시장 상장규정」 제6조 제1항 제6호 나목 에 의한 이익미실현 요건에 충족하는 기업으로, 상장예비심사 외형요건 중 경영성과 요건을 면제 받았습니다. 또한 공모가액 산출 시 최근 사업연도 또는 분ㆍ반기"
SK바이오사이언스,2021-03-18,유가증권,엔에이치투자증권(주),일반,일반,
라이프시맨틱스,2021-03-23,코스닥,한국투자증권(주),기술특례,성장성/사업모델,스닥시장 상장요건 중 전문평가기관의 사업모델 등에 대한 평가를 받아 A등급 이상을 취득하여 기술력과 성장성이 인정되는 기업인 기술성장기업(사업모델기업)입니다. 통상 기술성장기업특례를 적용 받아 상장예비심사를 청구하는 기업은 사업의 성과가본격화되기 전이기 때문에 안정적인
자이언트스텝,2021-03-24,코스닥,한국투자증권(주),기술특례,성장성/사업모델,"전문평가기관(2개 기관)으로부터 사전에 기술평가를 받아야하며, 당사는 한국기업데이터와 한국산업기술평가관리원으로부터 'KRX 사업평가등급 A, BBB'를 득하였습니다. &cr; [ 전문평가기관의 종합의견 ] 구 분 평가등급 종 합 의 견 한국기업데이터 A ■ ㈜"
제노코,2021-03-24,코스닥,DB증권주식회사,기술특례,기술평가특례,"확보해 기술진입장벽을 구축할 가능성이 높으며, 제품 경쟁력 및 품질 경쟁력을 일정 수준 이상 갖추고 있는 것으로 판단되는 바 기술평가등급을 'BBB'로 평가함. &cr;기술성장기업 상장특례 적용 기업은 코스닥시장 상장예비심사 청구 시 벤처기업의 외형요건 중 경영"
엔시스,2021-04-01,코스닥,미래에셋증권 주식회사,일반,일반,
해성티피씨,2021-04-21,코스닥,한국투자증권(주),기술특례,기술평가특례,"당사는 코스닥시장 상장요건 중 전문평가기관의 기술 등에 대한 평가를 받아 A등급 이상을 취득하여 기술력과 성장성이 인정되는 기업인 기술성장기업(기술 특례상장)으로서, 2021년 02월 18일 상장예비심사 승인을 득"
이삭엔지니어링,2021-04-21,코스닥,신한투자증권 주식회사,일반,일반,
쿠콘,2021-04-28,코스닥,"삼성증권(주),하나증권주식회사",일반,일반,
SK아이이테크놀로지,2021-05-11,유가증권,"미래에셋증권 주식회사,제이피모간증권회사 서울지점",일반,일반,
에이치피오,2021-05-14,코스닥,대신증권(주),일반,일반,
씨앤씨인터내셔널,2021-05-17,코스닥,엔에이치투자증권(주),일반,일반,
샘씨엔에스,2021-05-20,코스닥,대신증권(주),기술특례,기술평가특례,"당사는 상기 소재·부품 전문기업에 대한 상장지원방안 및 기술성장기업에 대한 특례 요건을 적 용 받아 2021년 1월 5일 코스닥시장 상장예비심사를 청구하였으며, 2021년 4월 8일 상장예비심사 승인을 득"
삼영에스앤씨,2021-05-21,코스닥,미래에셋증권 주식회사,기술특례(성장성),성장성/사업모델,당사는 코스닥시장 상장요건 중 상장주선인이 성장성을 평가하여 추천한 중소기업에해당하는
제주맥주,2021-05-26,코스닥,대신증권(주),이익미실현,이익미실현,"께서는 유의하시기 바랍니다. &cr; (바) 공모가 산정방식의 한계에 따른 위험&cr; &cr;당사는 「코스닥시장 상장규정」 제6조 제1항 제6호 나목 에 의한 이익미실현 요건에 충족하는기업으로, 상장예비심사 외형요건 중 경영성과 요건을 면제 받았습니다. 또한 공모가액 산출 시 최근 사업연도 또는 분ㆍ반기"
진시스템,2021-05-26,코스닥,삼성증권(주),기술특례(성장성),기술평가특례,전문평가기관의 평가내역] 구분 평가기관 평가대상기술명 평가결과 진단일 기술기반기업 한국기업데이터㈜ 현장 분자진단 플랫폼 기술 기술평가등급 A 20.10.15 ㈜이크레더블 신속 현장 분자진단 플랫폼 개발 기술 기술평가등급 A 20.10.15 '한국기업데이터㈜' 종
에이디엠코리아,2021-06-03,코스닥,하나증권주식회사,일반,일반,
이성씨엔아이,2021-06-04,코스닥,교보증권(주),(NULL),(문서없음),
엘비루셈,2021-06-11,코스닥,"한국투자증권(주),KB증권(주)",일반,일반,
라온테크,2021-06-17,코스닥,,일반,(문서없음),
이노뎁,2021-06-18,코스닥,iM증권,일반,일반,
타임기술,2021-06-24,코스닥,한국투자증권(주),(NULL),(문서없음),
아모센스,2021-06-25,코스닥,신한투자증권 주식회사,기술특례,기술평가특례,"노하우를 축적한 기술로 경쟁업체 대비 두께 개선, 충전효율 향상, 맞춤 설계 등의 기술적 경쟁력을 가지고 있다고 판단되는 바 기술평가등급을 'A'로 평가함. &cr;한편, 상장예비심사를 청구하는 기업의 유형별 외형요건은 아래와 같이 일부 차이가 존재합니다.&cr"
엠씨넥스,2021-07-06,유가증권,,일반,(문서없음),
오비고,2021-07-13,코스닥,엔에이치투자증권(주),기술특례,기술평가특례,시장 규모 및 성장잠재력과 기술제품의 경쟁력을 감안 시 전반적인 시장성은 보통 수준인 것으로 평가됨. 이에 따라 동사의 최종 기술평가등급은 높은 수준의 기술력을 가진 기업으로 장래 환경변화에 크게 영향을 받지 않을 수준인 A로 의견 제시함. 이크레더블 AA 동사
에스디바이오센서,2021-07-16,유가증권,"한국투자증권(주),엔에이치투자증권(주)",일반,일반,
큐라클,2021-07-22,코스닥,삼성증권(주),기술특례,기술평가특례,의 시장규모 및 성장잠재력과 기술제품의 경쟁력 감안 시 전반적인 시장성은 보통 이상 수준으로 평가함. 이에 따라 동사의 최종 기술평가등급은 장래 환경변화에 크게 영향을 받지 않으며 높은 수준의 기술력을 가진 기업으로 A 수준으로 의견 제시함 [최근 3개년 요약손
맥스트,2021-07-27,코스닥,하나증권주식회사,기술특례,기술평가특례,"당사는 코스닥시장 상장요건 중 전문평가기관의 기술 등에 대한 평가를 받아 각각 A, BBB 등급 이상을 취득한 기술력과 성장성이 인정되는 기업인 기술성장기업(기술 특례상장)으로서, 2021년 05월 20일 상장예비심사 승인을 득"
에브리봇,2021-07-28,코스닥,,일반,일반,
카카오뱅크,2021-08-06,유가증권,"KB증권(주),CS증권 서울지점",일반,일반,
HK이노엔,2021-08-09,코스닥,"한국투자증권(주),제이피모간증권회사 서울지점,삼성증권(주)",일반,일반,
PI첨단소재,2021-08-09,유가증권,,일반,(문서없음),
크래프톤,2021-08-10,유가증권,미래에셋증권 주식회사,일반,일반,
원티드랩,2021-08-11,코스닥,한국투자증권(주),기술특례(성장성),성장성/사업모델,당사는 코스닥시장 상장요건 중 상장주선인이 성장성을 평가하여 추천한 중소기업에 해당하는
플래티어,2021-08-12,코스닥,KB증권(주),일반,일반,
엠로,2021-08-13,코스닥,,일반,일반,
딥노이드,2021-08-17,코스닥,KB증권(주),기술특례,기술평가특례,"당사는 코스닥시장 상장규정에 의거 전문평가기관이 당사의 기술 등을 평가하여, 평가결과가 일정 등급 이상일 경우 적용되는 기술성장기업 특례를 적용 받"
한컴라이프케어,2021-08-17,유가증권,미래에셋증권 주식회사,일반,일반,
브레인즈컴퍼니,2021-08-19,코스닥,키움증권(주),일반,일반,
롯데렌탈,2021-08-19,유가증권,"한국투자증권(주),엔에이치투자증권(주)",일반,일반,
아주스틸,2021-08-20,유가증권,미래에셋증권 주식회사,일반,일반,
바이젠셀,2021-08-25,코스닥,"대신증권(주),KB증권(주)",기술특례,기술평가특례,"전략이 필요한 것으로 사료됨. 동사는 우수한 기술력을 보유하고 있으나, 장래의 환경변화에 다소 영향을 받을 수 있는 기업으로 기술평가등급 [BBB]로 의견을 제시함 이와 같이 당사는 외부평가 기관으로부터 기술평가특례 상장 기준에 부합하는 결과를 수령하였으나, 이"
일진하이솔루스,2021-09-01,유가증권,"미래에셋증권 주식회사,삼성증권(주)",일반,일반,
에이비온,2021-09-08,코스닥,,기술특례,기술평가특례,어 성장성은 높은 수준으로 판단된다. 동사는 높은 수준의 기술력을 보유하고 장래의 환경변화에 크게 영향을 받지 않을 기업으로 기술평가등급[A]로 의견을 제시한다.&cr; SCI평가정보 BBB ○ 에이비온(주)(이하 '동사')의 핵심기술은 비소세포성폐암(Non-s
와이엠텍,2021-09-10,코스닥,KB증권(주),일반,일반,
현대중공업,2021-09-17,유가증권,"한국투자증권(주),CS증권 서울지점,미래에셋증권 주식회사",일반,일반,
바이오플러스,2021-09-27,코스닥,키움증권(주),일반,일반,
프롬바이오,2021-09-28,코스닥,엔에이치투자증권(주),이익미실현,이익미실현,"조 제1항 제6호의 경영성과 및 시장평가 등 요건 중 가.목의 수익성 또는 매출액 관련 요건을 충족하지 못하였으며, 이에 따라 나.목의 시장평가 또는 성장성 충족(이익미실현기업의 상장)에 관한 요건을 적용받아 금번 공모를 진행하고 있습니다. 당사는 상장 이후에도 적자를 시현할 가능성이 존재하며, 적자가 지속될 경우 재무구조가 악"
실리콘투,2021-09-29,코스닥,"미래에셋증권 주식회사,삼성증권(주)",일반,일반,
에스앤디,2021-09-29,코스닥,,일반,일반,
아스플로,2021-10-07,코스닥,미래에셋증권 주식회사,일반,일반,
원준,2021-10-07,코스닥,엔에이치투자증권(주),일반,일반,
씨유테크,2021-10-08,코스닥,대신증권(주),일반,일반,
케이카,2021-10-13,유가증권,"엔에이치투자증권(주),골드만삭스증권 서울지점",일반,일반,
토마토시스템,2021-10-14,코넥스,교보증권(주),(NULL),일반,
지아이텍,2021-10-21,코스닥,미래에셋증권 주식회사,일반,일반,
차백신연구소,2021-10-22,코스닥,삼성증권(주),기술특례,기술평가특례,"련이 필요한 것으로 판단된다. 동사는 우수한 기술력을 보유하고 있으나, 장래의 환경변화에 다소 영향을 받을 수 있는 기업으로 기술평가 등급 [BBB]로 의견을 제시한다. &cr;이와 같이 당사는 외부평가 기관으로부터 기술평가특례 상장 기준에 부합하는 결과를 통보"
젬,2021-10-22,코스닥,해당없음,(NULL),(문서없음),
아이패밀리에스씨,2021-10-28,코스닥,삼성증권(주),일반,일반,
리파인,2021-10-29,코스닥,KB증권(주),일반,일반,
지앤비에스엔지니어링,2021-10-29,코스닥,삼성증권(주),일반,일반,
엔켐,2021-11-01,코스닥,"신한투자증권 주식회사,대신증권(주)",일반,일반,
피코그램,2021-11-03,코스닥,IBK투자증권(주),일반,일반,
카카오페이,2021-11-03,유가증권,"삼성증권(주),골드만삭스증권 서울지점,제이피모간증권회사 서울지점",일반,일반,
지니너스,2021-11-08,코스닥,대신증권(주),기술특례,기술평가특례,"당사는 「코스닥시장 상장규정」제7조 제2항에 의하여 상장되는 기술성장기업으로 동 규정 제28조(관리종목) 제1항 제2호 및 제3호, 제38조(상장의 폐지) 제1항 제4호 및 제4호의2호에 따라 관리종목 지정과 상장폐지 요건 중 매출액 요건은 신규상장일이 속하는 사업연도를 포함한 연속하는 5개 사업연도, 법인세비용차감전계속사업손실 요건은 신규상장일이 속하는 "
비트나인,2021-11-10,코스닥,하나증권주식회사,기술특례,기술평가특례,모 및 성장잠재력과 기술제품의 경쟁력을 감안 시 전반적인 시장성은 보통 이상 수준인 것으로 평가됨 . 이에 따라 동사의 최종 기술평가등급은 높은 수준 의 기술력을 가진 기업으로 장래 환경변화에 크게 영향을 받지 않을 수준인 A 로 의견 제시함&cr; 이크레더블
디어유,2021-11-10,코스닥,한국투자증권(주),이익미실현,이익미실현,"조 제1항 제6호의 경영성과 및 시장평가 등 요건 중 가.목의 수익성 또는 매출액 관련 요건을 충족하지 못하였으며, 이에 따라 나.목의 시장평가 또는 성장성 충족(이익미실현기업의 상장)에 관한 요건을 적용받아 금번 공모를 진행하고 있습니다. 당사는 2021년 반기 기준 영업이익 및 당기순이익이 흑자전환되었으나, 향후 상장 이후에"
지오엘리먼트,2021-11-11,코스닥,엔에이치투자증권(주),기술특례,기술평가특례,당사는 코스닥시장 상장규정에 의거 전문평가기관이 당사의 기술 등을 평가하여 평가결과가 일정 등급 이상일 경우 적용되는 기술성장기업 특례를 적용 받
아이티아이즈,2021-11-11,코스닥,신한투자증권 주식회사,일반,일반,
트윔,2021-11-17,코스닥,대신증권(주),일반,일반,
바이옵트로,2021-11-18,코스닥,,일반,일반,
알비더블유,2021-11-22,코스닥,미래에셋증권 주식회사,일반,일반,
마인즈랩,2021-11-23,코스닥,"엔에이치투자증권(주),하나증권주식회사",기술특례,일반,
켈스,2021-11-30,코스닥,키움증권(주),(NULL),(문서없음),
툴젠,2021-12-10,코스닥,,기술특례,기술평가특례,"㈜라트바이오 2021.08 CRISPR 유전자가위 기술 관련 License-out ㈜젬크로 2021.09 기술특례상장을 위한 기술평가 등급 획득 SCI평가정보: A, 농업기술실용화재단: A 2021.11 한국거래소 상장예비심사 승인 - 주) 상기 CRISPR 유전"
제이엠멀티,2021-12-13,코스닥,아이비케이투자증권(주),(NULL),(문서없음),
예스피치,2021-12-14,코스닥,한국투자증권(주),(NULL),(문서없음),
케이티비네트워크,2021-12-16,코스닥,한국투자증권(주),일반,일반,
래몽래인,2021-12-30,코스닥,,일반,(문서없음),
오토앤,2022-01-20,코스닥,미래에셋증권 주식회사,일반,일반,
코스텍시스템,2022-01-21,코스닥,대신증권(주),(NULL),(문서없음),
케이옥션,2022-01-24,코스닥,신영증권(주),이익미실현,일반,
애드바이오텍,2022-01-24,코스닥,,기술특례,기술평가특례,"(소재부품장비 기술개발) 2020.12 중소벤처기업부 장관표창(벤처기업진흥 유공) 2020.12 코스닥시장 상장 추진을 위한 기술평가 등급 수령 (한국기업데이터A, 농업실용화재단BBB) 2021.02 지식재산 경영인증(특허청) 2021.04 글로벌 강소기업 선정("
LG에너지솔루션,2022-01-27,유가증권,"KB증권(주),모간스탠리인터내셔날증권회사 서울지점",일반,일반,
스코넥,2022-02-04,코스닥,신영증권(주),기술특례,기술평가특례,"의 시장규모 및 성장잠재력과 기술제품의 경쟁력 감안 시 전반적인 시장성은 보통 수준인 것으로 평가됨. 이에 따라 동사의 최종 기술평가등급은 장래 환경변화에 다소 영향을 받을 수는 있으나 우수한 기술력을 보유한 A 수준으로 의견 제시함 &cr;한편, 상장예비심사를"
이지트로닉스,2022-02-04,코스닥,엔에이치투자증권(주),기술특례,기술평가특례,로 판매하고 있는 점과 DC 배전 및 폐배터리 재활용 컨버터 등의 기술을 꾸준히 개발하고 있는 점 등을 종합적으로 고려할 때 기술평가등급은 [A]로 평가됨. 기술성장기업 상장특례 적용 기업은 코스닥시장 상장예비심사 청구 시 벤처기업의 외형요건 중 경영성과 요건
아셈스,2022-02-07,코스닥,한국투자증권(주),일반,일반,
나래나노텍,2022-02-08,코스닥,미래에셋증권 주식회사,일반,일반,
인카금융서비스,2022-02-16,코스닥,,일반,일반,
바이오에프디엔씨,2022-02-21,코스닥,DB증권주식회사,기술특례,기술평가특례,"것으로 사료된다.&cr;&cr;동사는 우수한 기술력을 보유하고 있으나, 장래의 환경변화에 다소 영향을 받을 수 있는 기업으로 기술평가등급 [BBB]로 의견을 제시함. &cr;한편, 코스닥시장 상장을 위해 상장예비심사를 청구하는 기업의 유형별 주요 외형요건은 아래"
퓨런티어,2022-02-23,코스닥,"신한투자증권 주식회사,유안타증권(주)",기술특례,기술평가특례,"규모 및 성장잠재력과 기술제품의 경쟁력을 감안 시 전반적인 시장성은 보통 이상 수준인 것으로 평가됨. 이에 따라 동사의 최종 기술평가등급은 높은 수준의 기술력을 가진 기업으로 장래 환경변화에 크게 영향을 받지 않을 수준인 A로 의견 제시함. 한편, 상장예비심사를"
브이씨,2022-02-24,코스닥,한국투자증권(주),일반,일반,
스톤브릿지벤처스,2022-02-25,코스닥,"KB증권(주),삼성증권(주)",일반,일반,
풍원정밀,2022-02-28,코스닥,대신증권(주),기술특례,기술평가특례,"당사는 코스닥시장 상장요건 중 전문평가기관으로부터 기술 등에 대한 평가를 받아 A 등급 이상을 취득하여 기술력과 성장성이 인정되는 기업인 기술성장기업(기술특례상장)으로서, 2021년 12월 16일 상장예비심사 승인을 득"
비씨엔씨,2022-03-03,코스닥,엔에이치투자증권(주),일반,일반,
노을,2022-03-03,코스닥,"한국투자증권(주),삼성증권(주)",기술특례,기술평가특례,의 시장규모 및 성장잠재력과 기술제품의 경쟁력 감안 시 전반적인 시장성은 보통 수준인 것으로 평가됨. 이에 따라 동사의 최종 기술평가등급은 장래 환경변화에 크게 영향을 받지 않을 높은 수준의 기술력을 보유한 A 수준으로 의견 제시함. 이크레더블 A 동사는 핵심
모아데이타,2022-03-10,코스닥,하나증권주식회사,기술특례,기술평가특례,"당사는 기술성장기업(기술 특례상장) 적용 기업으로서 매출액 요건의 경우 신규상장 예정일이 속하는 사업연도인 2022년도를 포함한 연속하는 5개 사업연도 (2026년도까지), 법인세비용차감전계속사업손실 요건의 경우 신규상장 예정일이 속하는 사업연도를 포함한 연속하는 3개 사업연도(2024년도까지)에 대해서는 해당 요건을 적용받"
유일로보틱스,2022-03-18,코스닥,한국투자증권(주),일반,일반,
공구우먼,2022-03-23,코스닥,미래에셋증권 주식회사,일반,일반,
세아메카닉스,2022-03-24,코스닥,신한투자증권 주식회사,일반,일반,
지투파워,2022-04-01,코스닥,"한국투자증권(주),KB증권(주)",일반,일반,
포바이포,2022-04-28,코스닥,미래에셋증권 주식회사,일반,일반,
대명에너지,2022-05-16,코스닥,"한국투자증권(주),삼성증권(주)",일반,일반,
가온칩스,2022-05-20,코스닥,대신증권(주),일반,일반,
청담글로벌,2022-06-03,코스닥,"대신증권(주),KB증권(주)",일반,일반,
코나솔,2022-06-15,코스닥,한국투자증권(주),(NULL),(문서없음),
범한퓨얼셀,2022-06-17,코스닥,"한국투자증권(주),엔에이치투자증권(주)",일반,일반,
비플라이소프트,2022-06-20,코스닥,,기술특례,기술평가특례,"당사는 코스닥시장 상장요건 중 전문평가기관의 기술 등에 대한 평가를 받아 2개 기관(한국기업데이터, 나이스평가정보)으로부터 A, BBB 등급을 취득한 기술력과 성장성이 인정되는 기업인 기술성장기업(기술 특례상장)으로서, 2022년 04월 07일 상장예비심사 승인을 득"
위니아에이드,2022-06-23,코스닥,신한투자증권 주식회사,일반,일반,
보로노이,2022-06-24,코스닥,"한국투자증권(주),미래에셋증권 주식회사",기술특례,기술평가특례,"당사는 코스닥시장 상장요건 중 기술성장특례 요건, 특히 시장평가 우수기업 기술평가 절차 간소화를 적용 받"
레이저쎌,2022-06-24,코스닥,삼성증권(주),기술특례,기술평가특례,성장잠재력과 기술제품의 경쟁력 을 감안 시 전반적인 시장성은 보통 이상 수준인 것으로 평가됨 .&cr;&cr;O 동사의 최종기술평가등급은 높은 수준의 기술력을 가진 기업으로 장래 환경변화에 크게 영향을 받지 않을 수준인 A 로 의견 제시함 &cr; 당사가 수령
넥스트칩,2022-07-01,코스닥,대신증권(주),기술특례,기술평가특례,"당사는 기술성장기업으로서 매출액 요건의 경우 신규상장일이 속하는 사업연도를 포함한 연속하는 5개 사업연도(상장일로부터 상장일이 속한 사업연도의 말일까지 기간이 3월미만인 경우에는 그 다음 사업연도), 세전이익 요건의 경우 신규상장일이 속하는 사업연도를 포함한 연속하는 3개 사업연도(상장일로부터 상장일이 속한 사엽연도의 말일까지의 기간이 3월미만인 경우에는 "
코난테크놀로지,2022-07-07,코스닥,한국투자증권(주),기술특례,기술평가특례,"모 및 성장잠재력과 기술제품의 경쟁력 을 감안 시 전반적인 시장성은 보통 이상 수준인 것으로 평가됨. 이에 따라 동사의 최종 기술평가등급은 장래 환경변화에 크게 영향을 받지 않을 수준의 높은 기술력을 가진 A 수준으로 의견 제시함 한편, 코스닥시장 상장을 위해"
영창케미칼,2022-07-14,코스닥,하나증권주식회사,기술특례,기술평가특례,". 현재 동사의 핵심기술의 기술적, 사업적 우위성 측면과 반도체 소재의 국산화 기술이라는 점을 고려하여 종합적으로 판단할 때 기술평가등급은 [A]로 평가된다. SCI&cr;평가정보 A 1. 기술성 영창케미칼 주식회사(이하 '동사')는 고성능 반도체 패턴용 공정소"
HPSP,2022-07-15,코스닥,엔에이치투자증권(주),일반,일반,
바스칸바이오제약,2022-07-20,코스닥,아이비케이투자증권(주),(NULL),(문서없음),
루닛,2022-07-21,코스닥,엔에이치투자증권(주),기술특례,일반,
퓨쳐메디신,2022-07-27,코스닥,엔에이치투자증권(주),(NULL),(문서없음),
성일하이텍,2022-07-28,코스닥,"대신증권(주),KB증권(주)",이익미실현,이익미실현,"유의하시기 바랍니다.&cr;&cr; 마. 공모가 산정방식의 한계에 따른 위험&cr; &cr;당사는 「코스닥시장 상장규정」 제28조 제1항 제2호 나목 에 의한 이익미실현 요건에 충족하는기업으로, 상장예비심사 외형요건 중 수익성 및 매출액 요건을 면제 받았습니다. 또한 공모가액 산출 시 최근 사업연도 또는"
에이프릴바이오,2022-07-28,코스닥,엔에이치투자증권(주),기술특례,기술평가특례,을 종합적으로 고려할 시 동사는 우수한 기술력을 보유한 기업이나 장래의 환경변화에 상당한 영향을 받을 수있는기업으로 판단되어 기술평가등급[BBB]로 의견을 제시함. 【 최근 3개년 요약 손익계산서 】 (단위: 백만원) 과목 2019년&cr;(제7기) 2020년&
아이씨에이치,2022-07-29,코스닥,삼성증권(주),기술특례,기술평가특례,"로 판단됨. 결론적으로 동사는 높은 수준의 기술력을 보유하고 장래의 환경변화에 크게 영향을 받지 않을 기업으로 판단되는 바, 기술평가등급[A]로 의견을 제시함. 당사가 수령한 A등급은 기술기반기업 전문평가의 평가등급 체계 및 등급별 정의에 의하면 높은 수준의 기"
수산인더스트리,2022-08-01,유가증권,삼성증권(주),일반,일반,
새빗켐,2022-08-04,코스닥,한국투자증권(주),일반,일반,
에이치와이티씨,2022-08-09,코스닥,신영증권(주),일반,일반,
대성하이텍,2022-08-22,코스닥,신한투자증권 주식회사,일반,일반,
쏘카,2022-08-22,유가증권,미래에셋증권 주식회사,일반,일반,
오픈엣지테크놀로지,2022-09-26,코스닥,삼성증권(주),기술특례,일반,
티엘엔지니어링,2022-09-27,코스닥,유안타증권(주),(NULL),(문서없음),
알피바이오,2022-09-29,코스닥,한국투자증권(주),일반,일반,
더블유씨피,2022-09-30,코스닥,"신한투자증권 주식회사,KB증권(주)",이익미실현,이익미실현,"서비스를 제공받은 사실이 없습니다.(주9) 정정 전 바. 공모가 산정방식의 한계에 따른 위험 당사는 「코스닥시장 상장규정」 제28조 제1항 제2호 나목 에 의한 이익미실현 요건에 충족하는기업으로, 상장예비심사 외형요건 중 수익성 및 매출액 요건을 면제 받았습니다. 또한 공모가액 산출 시 최근 사업연도 또는"
선바이오,2022-10-05,코스닥,,기술특례(성장성),기술평가특례,"평가기관 평가대상기술명 평가결과 평가일 성장성 기반기업 기술보증기금 다양한 PEG유도체 소재, PEGylation 핵심기술 기술평가등급 AA 21.05.10 한국기업데이터 생체고분자 PEG 유도체 소재, PEGylation 기술 응용제품 기술평가등급 A 20."
이노룰스,2022-10-07,코스닥,엔에이치투자증권(주),일반,일반,
모델솔루션,2022-10-07,코스닥,KB증권(주),일반,일반,
오에스피,2022-10-14,코스닥,대신증권(주),일반,일반,
에스비비테크,2022-10-17,코스닥,미래에셋증권 주식회사,기술특례,기술평가특례,"해 2021년 9월 6일 기술평가를 신청하였으며, 한국거래소가 지정한 전문평가기관 나이스디앤비로부터 2021년 10월 18일 기술평가등급 A등급을 수령하였습니다. 상장규정상 기술성장기업으로서 기술특례상장 요건을 기준으로 상장예비심사 신청(청구)을 하기 위해서는"
탑머티리얼,2022-10-18,코스닥,한국투자증권(주),일반,일반,
샤페론,2022-10-19,코스닥,엔에이치투자증권(주),기술특례,기술평가특례,"가능성이 논의될 수 있을 것으로 판단됨. 동사는 차별화된 우수한 기술력을 보유하고 있고, 높은 성장 가능성을 보유한 기업으로 기술평가등급[A]로 의견을 제시함. 이와 같이 당사는 외부평가 기관으로부터 기술평가특례 상장 기준에 부합하는 결과를 통보 받았으나, 이러"
핀텔,2022-10-20,코스닥,대신증권(주),기술특례,기술평가특례,"증을 바탕으로 스마트시티 교통, 보안 분야 시장에서 국내 유수의 업체들과 경쟁하고 있는 점을 고려하여 종합적으로 판단할 때, 기술평가등급은 [A]로 평가됨 한국산업기술 평가관리원 BBB 신청사는 6개의 세부 요소기술들을 통해 영상품질 손실이 없으면서도 고화질 동"
플라즈맵,2022-10-21,코스닥,미래에셋증권 주식회사,기술특례,기술평가특례,"당사는 기술성장기업으로서 매출액 요건의 경우 신규상장일이 속하는 사업연도(상장 후 사업연도말까지 3월 미만인 경우 다음 사업연도)를 포함한 연속하는 5개 사업연도, 세전이익 요건의 경우 신규상장일이 속하는 사업연도(상장 후 사업연도말까지 3월 미만인 경우 다음 사업연도)를 포함한 연속하는 3개 사업연도에 대해서는 해당 요건을 적용받"
탈로스,2022-10-24,코스닥,DB증권(주),(NULL),(문서없음),
산돌,2022-10-27,코스닥,KB증권(주),일반,일반,
저스템,2022-10-28,코스닥,미래에셋증권 주식회사,일반,일반,
큐알티,2022-11-02,코스닥,미래에셋증권 주식회사,일반,일반,
LX세미콘,2022-11-03,유가증권,,일반,(문서없음),
뉴로메카,2022-11-04,코스닥,대신증권(주),기술특례,기술평가특례,"회사 기술성평가를 위한 2차 현장실사 (기술보증기금, 이크레더블) 21.11.16 뉴로메카 본사 1) 상장예비심사신청을 위한 기술평가 등급수령(기술보증기금, 이크레더블) 2) 사업계획에 따른 영업 진행 현황 검토 3) 상장요건 충족을 위한 사전 준비사항 검토 21"
제이아이테크,2022-11-04,코스닥,미래에셋증권 주식회사,일반,일반,
디티앤씨알오,2022-11-11,코스닥,키움증권(주),일반,일반,
윤성에프앤씨,2022-11-14,코스닥,미래에셋증권 주식회사,이익미실현,이익미실현,"조 제1항 제2호의 경영성과 및 시장평가 등 요건 중 가.목의 수익성 또는 매출액 관련 요건을 충족하지 못하였으며, 이에 따라 나.목의 시장평가 또는 성장성 충족(이익미실현기업의 상장)에 관한 요건을 적용받아 금번 공모를 진행하고 있습니다. 다만, 확정공모시가총액이 상장요건에서 정하는 시가총액 기준보다 낮게 결정되거나 공모수량이"
티쓰리,2022-11-17,코스닥,미래에셋증권 주식회사,일반,일반,
티에프이,2022-11-17,코스닥,IBK투자증권(주),일반,기술평가특례,"기술에 의한 향후 미래 성장가능성이 높으며, 미래 수익창출 가능성이 높은 기업으로 평가되었습니다. 동사가 수령한 평가결과 및 기술평가등급 체계 및 등급별 정의는 아래와 같습니다. 번호 인증/허가명 인증/허가 내용 평가결과 발행일자 발행기관 1 기술평가 우수기업인"
엔젯,2022-11-18,코스닥,미래에셋증권 주식회사,기술특례,기술평가특례,"당사는 기술성장기업으로 매출액 요건의 경우 신규상장일이 속하는 사업연도를 포함한 연속하는 5개 사업연도, 세전이익 요건의 경우 신규상장일이 속하는 사업연도를 포함한 연속하는 3개 사업연도에 대해서는 해당 요건을 적용받"
유비온,2022-11-18,코스닥,,일반,일반,
인벤티지랩,2022-11-22,코스닥,한국투자증권(주),기술특례,기술평가특례,"의 시장규모 및 성장잠재력과 기술제품의 경쟁력을 감안할 시 전반적인 시장성은 보통 수준으로 평가됨. 이에 따라, 동사의 최종 기술평가등급은 장래 환경변화에 다소 영향을 받을 수는 있으나 우수한 기술력을 보유한 BBB 수준으로 의견을 제시함. 이와 같이 당사는 외"
펨트론,2022-11-24,코스닥,하나증권주식회사,일반,일반,
에이아이더뉴트리진,2022-11-29,코스닥,아이비케이투자증권(주),(NULL),(문서없음),
아하,2022-11-30,코스닥,하나증권(주),(NULL),(문서없음),
SAMG엔터,2022-12-06,코스닥,엔에이치투자증권(주),기술특례,성장성/사업모델,"수준의 사업성을 가진 기업이며, 자체 보유한 사업경쟁력에 기반하여 장래 환경변화에 크게 영향을 받지 않을 수준으로 판단되어 사업평가등급 [A]로 의견을 제시함. 【전문평가의 평가항목 중 사업모델기업 평가표】 구분 (대분류) 평가항목 (중분류) 주요 평가 사항"
애니메디솔루션,2022-12-21,코스닥,신한투자증권(주),(NULL),(문서없음),
마이크로엔엑스,2022-12-21,코스닥,교보증권(주),(NULL),(문서없음),
바이오노트,2022-12-22,유가증권,"한국투자증권(주),엔에이치투자증권(주)",일반,일반,
지에프씨생명과학,2022-12-23,코넥스,대신증권(주),(NULL),일반,
카이바이오텍,2022-12-23,코스닥,해당없음,(NULL),(문서없음),
타이드,2022-12-28,코스닥,한화투자증권(주),(NULL),(문서없음),
아이오바이오,2022-12-28,코스닥,키움증권(주),(NULL),(문서없음),
한주라이트메탈,2023-01-19,코스닥,"미래에셋증권 주식회사,현대차증권주식회사",일반,일반,
티이엠씨,2023-01-19,코스닥,한화투자증권(주),기술특례,기술평가특례,스코기술투자㈜ 계열 펀드 투자 유치 (2차) 2022.05 한화투자증권 외 투자 유치 2022.06 상장특례 기술평가 완료 (기술평가등급: A) 3. 자본금 변동사항 당사의 자본금 변동사항은 년도별로 각각 다음과 같습니다.2020년도 변동사유는 2020년 2월
태양3C,2023-01-26,코스닥,키움증권(주),(NULL),(문서없음),
지슨,2023-01-26,코넥스,키움증권(주),(NULL),일반,
미래반도체,2023-01-27,코스닥,신한투자증권 주식회사,일반,일반,
오브젠,2023-01-30,코스닥,한국투자증권(주),기술특례,기술평가특례,"민석 주임 - 상장예정법인: 이형인 대표이사, 전배문 사내이사, 유용희 사내이사, 김홍구 전무, 전배중 상무 3. 내용 1) 기술평가 등급 확보에 따른 신청 등 향후 일정 점검 2) 제3자배정 유상증자 관련 준비/진행상황 점검 2022.04.15~2022.05.2"
삼기이브이,2023-02-03,코스닥,대신증권(주),일반,일반,
스튜디오미르,2023-02-07,코스닥,미래에셋증권 주식회사,일반,일반,
꿈비,2023-02-09,코스닥,키움증권(주),일반,일반,
샌즈랩,2023-02-15,코스닥,키움증권(주),기술특례,기술평가특례,당사는 「코스닥시장 상장규정」 제30조 제1항에서 정하는 기술성장기업으로서 상장심사수수료 및 상장수수료 면제 대상에 해당합니다
제이오,2023-02-16,코스닥,한국투자증권(주),기술특례,기술평가특례,"시장규모 및 성장잠재력과 기술제품의 경쟁력을 감안 시 전반적인 시장성은 보통 이상 수준으로 평가됨. 이에 따라 동사의 최종 기술평가등급은 높은 수준의 기술력을 가진 기업으로 장래 환경변화에 크게 영향을 받지 않을 수준인 A로 의견 제시함. 한편, 상장예비심사를"
이노진,2023-02-20,코스닥,,일반,일반,
바이오인프라,2023-03-02,코스닥,DB증권주식회사,일반,일반,
나노팀,2023-03-03,코스닥,한국투자증권(주),일반,일반,
자람테크놀로지,2023-03-07,코스닥,신영증권(주),기술특례,기술평가특례,"당사는 코스닥시장 상장요건 중 전문평가기관의 기술 등에 대한 평가를 받아 A 등급 이상을 취득한 기술성장기업(기술특례상장)으로서, 2022년 9월 29일 상장예비심사 승인을 득"
금양그린파워,2023-03-13,코스닥,삼성증권(주),일반,일반,
LB인베스트먼트,2023-03-29,코스닥,미래에셋증권 주식회사,일반,일반,
지아이이노베이션,2023-03-30,코스닥,"엔에이치투자증권(주),하나증권주식회사,삼성증권(주)",기술특례,기술평가특례,"당사는 기술성장기업으로서 매출액 요건의 경우 신규상장일이 속하는 사업연도(상장 후 사업연도말까지 3월 미만인 경우 다음 사업연도)를 포함한 연속하는 5개 사업연도, 세전이익 요건의 경우 신규상장일이 속하는 사업연도(상장 후 사업연도말까지 3월 미만인 경우 다음 사업연도)를 포함한 연속하는 3개 사업연도에 대해서는 해당 요건을 적용받"
SK오션플랜트,2023-04-19,유가증권,,일반,일반,
노보믹스,2023-04-19,코스닥,대신증권(주),(NULL),(문서없음),
마이크로투나노,2023-04-26,코스닥,한국투자증권(주),기술특례,기술평가특례,"당사는 코스닥시장 상장요건 중 전문평가기관의 기술 등에 대한 평가를 받아 A 등급 이상을 취득한 기술성장기업(기술특례상장)으로서, 2023년 02월 23일 상장예비심사 승인을 득"
토마토시스템,2023-04-27,코스닥,,일반,일반,
에스바이오메딕스,2023-05-04,코스닥,미래에셋증권 주식회사,기술특례,기술평가특례,"당사는 기술성장기업으로서 매출액 요건의 경우 신규상장일이 속하는 사업연도(상장 후 사업연도말까지 3월 미만인 경우 다음 사업연도)를 포함한 연속하는 5개 사업연도, 세전이익 요건의 경우 신규상장일이 속하는 사업연도(상장 후 사업연도말까지 3월 미만인 경우 다음 사업연도)를 포함한 연속하는 3개 사업연도에 대해서는 해당 요건을 적용받"
삼미금속,2023-05-16,코넥스,아이비케이투자증권(주),(NULL),일반,
트루엔,2023-05-17,코스닥,미래에셋증권 주식회사,일반,일반,
큐라켐,2023-05-18,코스닥,아이비케이투자증권(주),(NULL),(문서없음),
씨유박스,2023-05-19,코스닥,"신한투자증권 주식회사,SK증권(주)",기술특례,기술평가특례,"당사는 코스닥시장 상장요건 중 전문평가기관의 기술 등에 대한 평가를 받아 A등급 이상을 취득하여 기술력과 성장성이 인정되는 기업인 기술성장기업(기술 특례상장)으로서, 2023년 2월 2일 상장예비심사 승인을 득"
모니터랩,2023-05-19,코스닥,미래에셋증권 주식회사,기술특례,기술평가특례,"당사는 기술성장기업(기술특례상장) 적용 기업으로서 매출액 요건의 경우 신규상장 예정일이 속하는 사업연도인 2023년도를 포함한 연속하는 5개 사업연도 (2027년도까지), 법인세비용차감전계속사업손실 요건의 경우 신규상장 예정일이 속하는 사업연도를 포함한 연속하는 3개 사업연도(2025년도까지)에 대해서는 해당 요건을 적용받"
기가비스,2023-05-24,코스닥,삼성증권(주),일반,일반,
진영,2023-06-01,코스닥,iM증권,일반,일반,
나라셀라,2023-06-02,코스닥,신영증권(주),일반,일반,
마녀공장,2023-06-08,코스닥,한국투자증권(주),일반,일반,
큐라티스,2023-06-15,코스닥,"대신증권(주),신영증권(주)",기술특례,기술평가특례,"전망됨.상기 내용을 모두 고려할 시, 동사는 우수한 기술력을 보유했으나 장래의 환경변화에 다소 영향을 받을 기업으로 판단되어 기술평가등급 [BBB]의 의견을 제시함. [전문평가의 평가등급 체계 및 등급별 정의] 평가등급 등급별 정의 AAA 최고의 기술력을 가진"
프로테옴텍,2023-06-16,코스닥,,기술특례,기술평가특례,"당사는 「코스닥시장 상장규정」 제30조 제1항에서 정하는 기술성장기업에 해당하고, 코스닥이전상장이므로 제88조에 따른 상장심사수수료 및 상장수수료 면제 대상에 해당합니다"
비에이치,2023-06-20,유가증권,,일반,(문서없음),
가이아코퍼레이션,2023-06-20,코스닥,키움증권(주),(NULL),(문서없음),
시큐센,2023-06-29,코스닥,,기술특례,일반,
알멕,2023-06-30,코스닥,엔에이치투자증권(주),이익미실현,이익미실현,"조 제1항 제2호의 경영성과 및 시장평가 등 요건 중 가.목의 수익성 또는 매출액 관련 요건을 충족하지 못하였으며, 이에 따라 나.목의 시장평가 또는 성장성 충족(이익미실현기업의 상장)에 관한 요건을 적용받아 금번 공모를 진행하고 있습니다. 다만, 확정공모 시가총액이 상장요건에서 정하는 시가총액 기준보다 낮게 결정되거나 공모수량"
오픈놀,2023-06-30,코스닥,하나증권주식회사,기술특례,성장성/사업모델,"과가 본격화되기 전인 경우가 많습니다.당사는 직무역량 중심의 커리어 교육 및 채용 플랫폼인 미니인턴 플랫폼에 대해 코스닥시장 기술성장특례(사업모델 기업) 요건을 기반으로 상장을 추진하기 위해, 2022년 5월 기술평가를 신청하였으며, 2022년 7월 한국거래소가 지정한"
이브이파킹서비스,2023-07-05,코스닥,해당없음,(NULL),(문서없음),
이노시뮬레이션,2023-07-06,코스닥,하나증권주식회사,기술특례,기술평가특례,"레코드 현황, 투자비용, 기간을 고려할 시 장래 환경변화에 대응할 수 있는 높은 수준의 기술력을 가진 기업으로 판단되는 바, 기술평가 등급 [A]로 의견을 제시함. NICE디앤비 A ㈜이노시뮬레이션(이하 동사)는 2000년 5월에 설립된 외감 중소기업으로，XR(E"
필에너지,2023-07-14,코스닥,미래에셋증권 주식회사,일반,일반,
센서뷰,2023-07-19,코스닥,삼성증권(주),기술특례,기술평가특례,"유일의 업체로서, 세계 RF 연결 솔루션 시장에서 세계 유수의 업체들과 경쟁하고 있는 점을 고려하여 종합적으로 판단할 때, 기술평가등급은 [A]로 평가됨. 환경변화에 크게 영향을 받지 않을 기업으로 판단되는 바, 기술평가등급[A]로 의견을 제시함. 당사가 수령"
아이엠지티,2023-07-19,코스닥,미래에셋증권(주),(NULL),(문서없음),
와이랩,2023-07-20,코스닥,한국투자증권(주),기술특례(성장성),성장성/사업모델,당사는 코스닥시장 상장요건 중 상장주선인이 성장성을 평가하여 추천한 중소기업에 해당하는
뷰티스킨,2023-07-24,코스닥,DB증권주식회사,일반,일반,
버넥트,2023-07-26,코스닥,대신증권(주),기술특례,기술평가특례,"기업으로 평가함.상기 내용을 모두 고려할 시, 동사는 우수한 기술력을 보유했으며, 미래 성장성이 예상되는 기업으로 판단되어 기술평가등급[A]의 의견을 제시함. 한국기술신용평가 A 동사는 서울특별시 용산구에 위치한 중소 기업으로 응용 소프트웨어 개발 및 공급업을"
길교이앤씨,2023-07-26,코스닥,SK증권(주),(NULL),(문서없음),
에이엘티,2023-07-27,코스닥,미래에셋증권 주식회사,일반,일반,
파로스아이바이오,2023-07-27,코스닥,한국투자증권(주),기술특례,기술평가특례,"것으로 전망됨. 상기 내용을 모두 고려할 시, 동사는 우수한 기술력을 보유했으며, 미래 성장성이 예상되는 기업으로 판단되어 기술평가등급 [A]의 의견을 제시함. 기술보증기금 BBB ㈜파로스아이바이오는 희귀·난치성 질환에 대한 치료제 개발 전문기업으로, 빅데이터"
에피바이오텍,2023-07-31,코스닥,한국투자증권(주),(NULL),(문서없음),
시지트로닉스,2023-08-03,코스닥,유안타증권(주),기술특례,기술평가특례,"당사는 기술성장기업으로서 매출액 요건의 경우 신규상장일이 속하는 사업연도(상장 후 사업연도말까지 3월 미만인 경우 다음 사업연도)를 포함한 연속하는 5개 사업연도, 세전이익 요건의 경우 신규상장일이 속하는 사업연도(상장 후 사업연도말까지 3월 미만인 경우 다음 사업연도)를 포함한 연속하는 3개 사업연도에 대해서는 해당 요건을 적용 받"
엠아이큐브솔루션,2023-08-04,코스닥,한국투자증권(주),일반,일반,
파두,2023-08-07,코스닥,"한국투자증권(주),엔에이치투자증권(주)",기술특례,기술평가특례,성 관련 자문 및 검토 한국거래소 기술평가 신청 2022.06.15 한국거래소 코스닥시장 기술성특례상장을 위한 기술평가 신청 기술평가 등급 수령 2022.09.16 기술평과 결과 수령(이크레더블 AA / 한국전자통신연구원 A) 기업실사 5차 2022.11.24 1
NICE평가정보,2023-08-08,유가증권,,일반,(문서없음),
큐리옥스바이오시스템즈,2023-08-10,코스닥,키움증권(주),기술특례,기술평가특례,당사는 「코스닥시장 상장규정」 제30조 제1항에서 정하는 기술성장기업으로서 상장심사수수료 및 상장수수료 면제 대상에 해당합니다
코츠테크놀로지,2023-08-10,코스닥,한국투자증권(주),일반,일반,
빅텐츠,2023-08-17,코스닥,,일반,(문서없음),
넥스틸,2023-08-21,유가증권,하나증권주식회사,일반,일반,
스마트레이더시스템,2023-08-22,코스닥,대신증권(주),기술특례,기술평가특례,솔루션에 대한 설명- 현장 질의 응답 2022.11.25~2022.11.30 본사 회의실 1. 코스닥시장 기술특례상장을 위한 기술평가등급 수령- 기술평가 등급 확보에 따른 상장예비심사신청 일정 점검- 최근 기술성장기업 IPO 시장 동향 검토 2022.01.10~
시큐레터,2023-08-24,코스닥,대신증권(주),기술특례,기술평가특례,"당사는 기술성장기업(기술특례상장) 적용 기업으로서 매출액 요건의 경우 신규상장 예정일이 속하는 사업연도인 2023년도를 포함한 연속하는 5개 사업연도 (2027년도까지), 법인세비용차감전계속사업손실 요건의 경우 신규상장 예정일이 속하는 사업연도를 포함한 연속하는 3개 사업연도(2025년도까지)에 대해서는 해당 요건을 적용받"
한국피아이엠,2023-08-30,코넥스,아이비케이투자증권(주),(NULL),일반,
인스웨이브시스템즈,2023-09-25,코스닥,신영증권(주),일반,일반,
밀리의서재,2023-09-27,코스닥,미래에셋증권 주식회사,기술특례,일반,
한싹,2023-10-04,코스닥,KB증권(주),일반,일반,
두산로보틱스,2023-10-05,유가증권,"한국투자증권(주),CS증권 서울지점,KB증권(주),엔에이치투자증권(주),미래에셋증권 주식회사",일반,일반,
레뷰코퍼레이션,2023-10-06,코스닥,삼성증권(주),일반,일반,
아이엠티,2023-10-10,코스닥,유안타증권(주),기술특례,기술평가특례,당사는「코스닥시장 상장규정」 제30조제1항에서 정하는 기술성장기업으로서 면제 대상에 해당합니다
바이오텐,2023-10-13,코스닥,아이비케이투자증권(주),(NULL),(문서없음),
퓨릿,2023-10-18,코스닥,미래에셋증권 주식회사,일반,일반,
신성에스티,2023-10-19,코스닥,미래에셋증권 주식회사,일반,일반,
에스엘에스바이오,2023-10-20,코스닥,,기술특례(성장성),일반,
워트,2023-10-26,코스닥,키움증권(주),일반,일반,
미쥬,2023-10-26,코스닥,아이비케이투자증권(주),(NULL),(문서없음),
퀄리타스반도체,2023-10-27,코스닥,한국투자증권(주),기술특례,기술평가특례,"한 국내 유일의 업체로서, 세계 인터페이스 시장에서 세계 유수의 업체들과 경쟁하고 있는 점을 고려하여 종합적으로 판단할 때, 기술평가등급은 [A]로 평가됨. [전문평가의 평가등급 체계 및 등급별 정의] 평가등급 등급별 정의 AAA 최고의 기술력을 가진 기업 (성"
유진테크놀로지,2023-11-02,코스닥,엔에이치투자증권(주),일반,일반,
유투바이오,2023-11-02,코스닥,,일반,일반,
쏘닉스,2023-11-07,코스닥,KB증권(주),기술특례,일반,
큐로셀,2023-11-09,코스닥,"미래에셋증권 주식회사,삼성증권(주)",기술특례,기술평가특례,"원가경쟁력을 가질 수 있을 것으로 예상됨. 위와 같은 당사의 기술적 차별성과 경쟁력, 시장현황 등을 종합적으로 고려한 결과, 기술평가등급을 A 등급(높은 수준의 기술력을 가진 기업)으로 평가함. 기술보증기금 BBB 신청기업은 CAR-T 항암치료제의 주요 문제점("
비아이매트릭스,2023-11-09,코스닥,IBK투자증권(주),일반,일반,
메가터치,2023-11-09,코스닥,엔에이치투자증권(주),일반,일반,
컨텍,2023-11-09,코스닥,대신증권(주),기술특례,기술평가특례,"3차 기업실사 1. 장소: 주식회사 컨텍 회의실 2. 참석자: 신청회사, 대표주관회사 3. 내용 1) 상장예비심사신청을 위한 기술평가 등급수령(한국발명진흥회, 한국기업데이터) 2) 사업계획에 따른 영업 진행 현황 검토 3) 상장요건 충족을 위한 사전 준비사항 검토"
에스와이스틸텍,2023-11-13,코스닥,KB증권(주),일반,일반,
에이직랜드,2023-11-13,코스닥,삼성증권(주),일반,일반,
캡스톤파트너스,2023-11-15,코스닥,엔에이치투자증권(주),일반,일반,
프로젠,2023-11-15,코스닥,하나증권(주),(NULL),(문서없음),
에코프로머티,2023-11-17,유가증권,"미래에셋증권 주식회사,엔에이치투자증권(주)",일반,일반,
스톰테크,2023-11-20,코스닥,iM증권,일반,일반,
에코아이,2023-11-21,코스닥,KB증권(주),일반,일반,
동인기연,2023-11-21,유가증권,엔에이치투자증권(주),일반,일반,
그린리소스,2023-11-24,코스닥,엔에이치투자증권(주),기술특례,기술평가특례,"일의 업체로서, 세계 식각 장비 부품 코팅 시장에서 세계 유수의 업체들과 경쟁하고 있는 점을 고려하여 종합적으로 판단할 때, 기술평가등급은 [A]로 평가됨 이크레더블 BBB 동사는 도장 및 기타 피막처리업을 영위하는 직원 수 44명의 벤처기업(외감)이며, 평가대"
한선엔지니어링,2023-11-24,코스닥,대신증권(주),일반,일반,
에이에스텍,2023-11-28,코스닥,미래에셋증권 주식회사,일반,일반,
에이텀,2023-12-01,코스닥,하나증권주식회사,기술특례,기술평가특례,"매출 성장에 큰 효과가 있을 것으로 판단됨. 상술한 바와 같이, 동사의 기술적 차별성과 경쟁력, 시장현황을 종합하여, 동사의 기술평가등급을 A 등급(높은 수준의 기술력을 가진 기업)으로 평가함. [전문평가의 평가등급 체계 및 등급별 정의] 평가등급 등급별 정의"
와이바이오로직스,2023-12-05,코스닥,유안타증권(주),기술특례,기술평가특례,당사는「코스닥시장 상장규정」 제30조제1항에서 정하는 기술성장기업으로서 면제 대상에 해당합니다
케이엔에스,2023-12-06,코스닥,신영증권(주),일반,일반,
LS머트리얼즈,2023-12-12,코스닥,"KB증권(주),키움증권(주)",일반,일반,
블루엠텍,2023-12-13,코스닥,"키움증권(주),하나증권주식회사",이익미실현,이익미실현,"조 제1항 제6호의 경영성과 및 시장평가 등 요건 중 가.목의 수익성 또는 매출액 관련 요건을 충족하지 못하였으며, 이에 따라 나.목의 시장평가 또는 성장성 충족(이익미실현기업의 상장)에 관한 요건을 적용받아 금번 공모를 진행하고 있습니다. 당사의 재무실적은 2023년 이후에도 적자를 시현할 가능성이 존재하며, 적자가 지속될 경"
DS단석,2023-12-22,유가증권,"엔에이치투자증권(주),KB증권(주)",일반,일반,
포스코DX,2024-01-02,유가증권,,일반,(문서없음),
세븐브로이맥주,2024-01-17,코스닥,키움증권(주),(NULL),(문서없음),
우진엔텍,2024-01-24,코스닥,KB증권(주),일반,일반,
HB인베스트먼트,2024-01-25,코스닥,엔에이치투자증권(주),일반,일반,
현대힘스,2024-01-26,코스닥,미래에셋증권 주식회사,일반,일반,
포스뱅크,2024-01-29,코스닥,하나증권주식회사,일반,일반,
엘앤에프,2024-01-29,유가증권,,일반,일반,
이닉스,2024-02-01,코스닥,삼성증권(주),일반,일반,
스튜디오삼익,2024-02-06,코스닥,DB증권주식회사,일반,일반,
케이웨더,2024-02-22,코스닥,엔에이치투자증권(주),기술특례,성장성/사업모델,"준으로 판단되며, 경영역량과 개발역량을 감안 시 동사의 자원인프라도 상당 히 양호한 수준으로 평가됨. 이에 따라 동사의 최종 사업평가등급은 우수한 사업성을 보유하고 있으나, 장래의 환경변화에 다소 영향을 받을 수 있는 수준인 BBB로 의견 제시함. 【전문평가의"
코셈,2024-02-23,코스닥,키움증권(주),기술특례,기술평가특례,"당사는 기술성장기업(기술 특례상장) 적용 기업으로서 매출액 요건의 경우 신규상장 예정일이 속하는 사업연도와 그 이후 5개 사업연도, 법인세비용차감전계속사업손실 요건의 경우 신규상장 예정일이 속하는 사업연도와 그 이후 3개 사업연도에 대해서는 해당 요건을 적용받"
이에이트,2024-02-23,코스닥,한화투자증권(주),기술특례,기술평가특례,"당사는 기술성장기업으로서 매출액 요건의 경우 신규상장일이 속하는 사업연도(상장 후 사업연도말까지 3월 미만인 경우 다음 사업연도)를 포함한 연속하는 5개 사업연도, 세전이익 요건의 경우 신규상장일이 속하는 사업연도(상장 후 사업연도말까지 3월 미만인 경우 다음 사업연도)를 포함한 연속하는 3개 사업연도에 대해서는 해당 요건을 적용받"
에이피알,2024-02-27,유가증권,"신한투자증권 주식회사,하나증권주식회사",일반,일반,
케이엔알시스템,2024-03-07,코스닥,"엔에이치투자증권(주),DB증권주식회사",기술특례,기술평가특례,년 온기 실적 검토 2) 적정주식수 확보를 위한 액면분할 실시 기업실사 10차 2023.03.21 ~2023.03.22 1) 기술평가등급 수령에 따른 상장예비심사신청 초도 미팅 기업실사 11차 2023.05.10 1) FY2023 반기 예상실적 검토 2) 상장예
오상헬스케어,2024-03-13,코스닥,엔에이치투자증권(주),일반,일반,
삼현,2024-03-21,코스닥,한국투자증권(주),기술특례,기술평가특례,", 한국기술신용평가로부터 ""스마트 액추에이터 및 스마트 파워유닛 설계 제조 기술""에 대해 평가받았으며, 각각 A, A 등급의 기술평가 등급을 통보 받았습니다. 그러나 이러한 전문기관의 기술평가 결과가 회사의 성장성과 향후 실적을 보장하는 것은 아닙니다. 통상 기술"
엔젤로보틱스,2024-03-26,코스닥,엔에이치투자증권(주),기술특례,일반,
아이엠비디엑스,2024-04-03,코스닥,미래에셋증권 주식회사,기술특례,기술평가특례,"7차 기업실사 2023.05.10. - 기술평가 신청(SCI평가정보, 한국평가데이터) 8차 기업실사 2023.06.23. - 기술평가 등급 수령(SCI평가정보: A, 한국평가데이터: A) 9차 기업실사 2023.06.26 미래에셋증권 본사 기업공개를 위한 사전준비"
제일엠앤에스,2024-04-30,코스닥,KB증권(주),이익미실현,일반,
디앤디파마텍,2024-05-02,코스닥,한국투자증권(주),기술특례,기술평가특례,"전문평가 기관의 평가를 받아 기술력과 성장성을 인정받는 일련의 절차와는 무관하며, 나아가 금번 전문평가기관의 의견이 기존의 기술평가 등급이 유효하지 않다는 것을 의미하거나 해당 기관의 기존 의견을 소급하는 것 또한 아니라는 것을 투자자께서는 유의하여 주시기 바랍"
민테크,2024-05-03,코스닥,KB증권(주),기술특례,기술평가특례,"당사는 「코스닥시장 상장규정」제30조제1항에 의하여 상장되는 기술성장기업으로 동 규정 제53조(관리종목) 제1항제1호 및 제2호, 제54조(상장의 폐지) 제1항제3호 및 제4호에 따라 관리종목 지정과 상장폐지 요건 중 매출액 요건은 신규상장일이 속하는 사업연도를 포함한 연속하는 5개 사업연도, 법인세비용차감전계속사업손실 요건은 신규상장일이 속하는 사업연도를"
코칩,2024-05-07,코스닥,한국투자증권(주),일반,일반,
HD현대마린솔루션,2024-05-08,유가증권,"신한투자증권 주식회사,하나증권주식회사,유비에스증권 리미티드 서울지점,CS증권 서울지점,제이피모간증권회사 서울지점,KB증권(주)",일반,일반,
아이씨티케이,2024-05-17,코스닥,엔에이치투자증권(주),기술특례,기술평가특례,"당사는 기술성장기업으로 동 규정 제53조(관리종목) 제1항 제1호 및 제2호, 제54조(상장의 폐지) 제1항 제3호 및 제4호 에 따라 관리종목 지정과 상장폐지 요건 중 매출액 요건은 신규상장일이 속하는 사업연도를 포함한 연속하는 5개 사업연도, 법인세비용차감전계속사업손실 요건은 신규상장일이 속하는 사업연도를 포함한 연속하는 3개 사업연도 동안 해당 요건을"
노브랜드,2024-05-23,코스닥,삼성증권(주),일반,일반,
그리드위즈,2024-06-14,코스닥,삼성증권(주),일반,일반,
라메디텍,2024-06-17,코스닥,대신증권(주),기술특례,기술평가특례,": 김경순 본부장 , 김정헌 팀장 , 정창언 책임 , 박경근 책임 , 이진욱 선임 3. 내용 (1) 상장예비심사신청을 위한 기술평가 등급수령 (이크레더블 , 한국기술신용평가 ) (2) DD 체크리스트 작성 및 수정 (3) 상장예비심사신청서 작성 및 수정 25 2"
씨어스테크놀로지,2024-06-19,코스닥,한국투자증권(주),기술특례,기술평가특례,"/ 서비스의 사업화 수준 , 제품 / 서비스의 경쟁력을 감안 시 시장성은 양호한 수준으로 평가됨 . 이에 따라 동사의 최종 기술평가등급은 기술력이 동종기업 대비 높고 기술환경변화에 제한적으로 영향을 받을 수 있는 수준이며 미래 성장 가능성이 높은 수준인 A 로"
파라다이스,2024-06-24,유가증권,,일반,일반,
한중엔시에스,2024-06-24,코스닥,,기술특례,기술평가특례,"제품 / 서비스의 사업화 수준 , 제품 / 서비스의 경쟁력을 감안시 시장성은 보통 수준으로 평가됨 . 이에 따라 동사의 최종 기술평가등급은 기술력이 동종기업과 동등하고 기술환경변화에 보통 이상의 영향을 받을 수 있는 수준이며 미래 성장가능성이 다소 낮은 수준인"
에스오에스랩,2024-06-25,코스닥,한국투자증권(주),기술특례,기술평가특례,"제품 / 서비스의 사업화 수준 , 제품 / 서비스의 경쟁력을 감안하면 보통 이상 수준으로 평가됨 . 이에 따라 동사의 최 종 기술평가등급은 기술력이 동종기업 대비 높고 , 기술환경변화에 제한적으로 영향을 받을 수 있는 수준이며 미 래 성장 가능성이 높은 수준인"
하이젠알앤엠,2024-06-27,코스닥,한국투자증권(주),일반,일반,
에이치브이엠,2024-06-28,코스닥,엔에이치투자증권(주),기술특례,기술평가특례,"당사는 기술성장기업(기술 특례상장) 적용 기업으로서 매출액 요건의 경우 신규상장 예정일이 속하는 사업연도와 그 이후 5개 사업연도, 법인세비용차감전계속사업손실 요건의 경우 신규상장 예정일이 속하는 사업연도와 그 이후 3개 사업연도에 대해서는 해당 요건을 적용받"
팡스카이,2024-06-28,코스닥,키움증권(주),(NULL),(문서없음),
이노스페이스,2024-07-02,코스닥,미래에셋증권 주식회사,기술특례,기술평가특례,"평가 - 기술관련 예비심사 전략 수립 2) 상장예비심사 신청서 작성 안내 9차 기업실사 2023.10.13 이노스페이스 본사 기술평가 등급 수령(평가기관 2곳 각각 A,A수령) 10차 기업실사 2023.10.16. 이노스페이스 본사 1) 2022년 3분기 예상 실"
하스,2024-07-03,코스닥,삼성증권(주),기술특례,기술평가특례,"SCI 평가정보 로부터 ""리튬 디실리케이트 결정화 유리 소재 미세구조 제어기술""에 대해 평가받았으며, 각각 A, A 등급의 기술평가 등급을 통보받았습니다. 그러나 이러한 전문기관의 기술평가 결과가 회사의 성장성과 향후 실적을 보장하는 것은 아닙니다. 통상 기술성"
시프트업,2024-07-11,유가증권,"한국투자증권(주),제이피모간증권회사 서울지점,엔에이치투자증권(주)",일반,일반,
엑셀세라퓨틱스,2024-07-15,코스닥,대신증권(주),기술특례,기술평가특례,기술력이 동종기업 대비 높고 기술환경변화에 제한적으로 영향을 받을 수 있는 수준이며 미래성장 가능성이 높은 기업으로 판단되어 기술평가등급 ‘A’를 제시한다 . B 사 BBB 평가대상기술은 세포유전자 치료제의 필수소재인 세포배양용 배지의 선정 및 제조에 관한 것이
산일전기,2024-07-29,유가증권,미래에셋증권 주식회사,일반,일반,
피앤에스미캐닉스,2024-07-31,코스닥,키움증권(주),기술특례,기술평가특례,"평가정보, 한국발명진흥회로부터 보행재활훈련 로봇시스템 관련 5가지 핵심기술에 대한 기술성 평가받았으며, 각각 A, A 등급의 기술평가 등급을 통보받았습니다. 그러나 이러한 전문기관의 기술평가 결과가 회사의 성장성과 향후 실적을 보장하는 것은 아닙니다. 통상 기술성"
아이빔테크놀로지,2024-08-06,코스닥,삼성증권(주),기술특례,기술평가특례,"를 신청하였으며, 평가기관으로 한국발명진흥회와 기술보증기금을 지정받았습니다. 이후 2023년 8월 9일 동 기관들로부터 각각 기술평가등급 A등급 및 BBB등급을 취득하여 상장예비심사를 신청하였습니다. [ 전문평가기관의 종합의견 ] 평가등급 종 합 의 견 A -"
뱅크웨어글로벌,2024-08-12,코스닥,미래에셋증권 주식회사,기술특례,일반,
유라클,2024-08-16,코스닥,키움증권(주),일반,일반,
전진건설로봇,2024-08-19,유가증권,미래에셋증권 주식회사,일반,일반,
넥스트바이오메디컬,2024-08-20,코스닥,한국투자증권(주),기술특례,기술평가특례,력이 동종기업 대비 높고 기술환경변화에 제한 적으로 영향을 받을 수 있는 수준이며 미래 성장 가능성이 높은 기업으로 판단되어 기술평가등급 “A”를 제시한다. 평가기관 2 ㈜넥스트바이오메디컬(이하 '동사')는 2014년 8월 내시경용 지혈재 제조 및 판매 등을 목
케이쓰리아이,2024-08-20,코스닥,하나증권주식회사,기술특례,기술평가특례,"시 매출의 탑 수상 (100 억 ) 2023.12 산업통상자원부 장관 표창 「 가상 . 증강현실 산업 공로 」 2023.12 기술평가등급 획득(A, BBB) 2024.06 코스닥 상장 예비심사 승인 3. 자본금 변동사항 가. 자본금 변동추이 (단위: 주, 원)"
티디에스팜,2024-08-21,코스닥,한국투자증권(주),일반,일반,
M83,2024-08-22,코스닥,신영증권(주),일반,일반,
이엔셀,2024-08-23,코스닥,엔에이치투자증권(주),기술특례,기술평가특례,력이 동종기업 대비 높고 기술환경변화에 제한 적으로 영향을 받을 수 있는 수준이며 미래 성장 가능성이 높은 기업으로 판단되어 기술평가등급 “A”를 제시한다. 주1) 2023년 06월 23일 기술평가결과서 수령시 당사는 각 평가기관별 종합의견을 익명으로 수령하였기
아이스크림미디어,2024-08-30,코스닥,삼성증권(주),일반,일반,
아이언디바이스,2024-09-23,코스닥,대신증권(주),기술특례,기술평가특례,"2) 대표주관회사 : 김경순 본부장 , 김정헌 팀장 , 김경훈 과장 , 박상진 과장 3. 내용 (1) 상장예비심사신청을 위한 기술평가 등급수령 (NICE 평가정보 , 기술보증기금 ) (2) 사업계획에 따른 영업 진행 현황 검토 (3) 상장요건 충족을 위한 사전 준"
제닉스,2024-09-30,코스닥,신영증권(주),일반,일반,
셀비온,2024-10-16,코스닥,대신증권(주),기술특례,기술평가특례,"당사는 기술성장기업으로서 매출액 요건의 경우 신규상장일이 속하는 사업연도(상장 후 사업연도말까지 3월 미만인 경우 다음 사업연도)를 포함한 연속하는 5개 사업연도, 세전이익 요건의 경우 신규 상장일이 속하는 사업연도(상장 후 사업연도말까지 3월 미만인 경우 다음 사업연도)를 포함한 연속하는 3개 사업연도에 대해서는 해당 요건을 적용받"
와이제이링크,2024-10-18,코스닥,KB증권(주),일반,일반,
인스피언,2024-10-18,코스닥,한국투자증권(주),일반,일반,
루미르,2024-10-21,코스닥,엔에이치투자증권(주),기술특례,기술평가특례,동종기업 대비 높고 기술환경변화에 eogo 보통의 영향을 받을 수 있는 수준으로 미래 성장 가능성이 양호한 기업으로 판단되어 기술평가등급 “BBB”를 제시한다. 【전문평가의 평가항목 중 기술기반기업 평가사항】 구분 (대분류) 평가항목 (중분류) 주요 평가 사항
한켐,2024-10-22,코스닥,신영증권(주),일반,일반,
씨메스,2024-10-24,코스닥,"유진투자증권(주),삼성증권(주)",기술특례,기술평가특례,", NICE평가정보로부터 ""3차원 검사 장비 및 고정밀 지능형 로봇자동화 솔루션""에 대해 평가받았으며, AA, BBB 등급의 기술평가 등급을 통보받았습니다. 그러나 이러한 전문기관의 기술평가 결과가 회사의 성장성과 향후 실적을 보장하는 것은 아닙니다. 한편, 기술"
웨이비스,2024-10-25,코스닥,대신증권(주),기술특례,기술평가특례,"~ 25년 12월) 2023.08~09 Series E 투자 146억원 유치 2023.10 상장예비심사 청구를 위한 KRX 기술평가 등급 A 획득 (한국평가데이터, 기술보증기금) 2024.07 김정곤 CEO 사임 (단독 대표이사: 한민석) 3. 자본금 변동사항"
에이치엔에스하이텍,2024-10-25,코스닥,,일반,일반,
클로봇,2024-10-28,코스닥,미래에셋증권 주식회사,기술특례,일반,
타조엔터테인먼트,2024-10-30,코스닥,아이비케이투자증권(주),(NULL),(문서없음),
성우,2024-10-31,코스닥,한국투자증권(주),일반,일반,
탑런토탈솔루션,2024-11-01,코스닥,KB증권(주),일반,일반,
에이럭스,2024-11-01,코스닥,한국투자증권(주),일반,일반,
에이치이엠파마,2024-11-05,코스닥,신한투자증권 주식회사,기술특례,기술평가특례,", 제품/서비스의 사업화 수준, 제품/서비스의 경쟁력을 감안 시 시장성은 보통 이상 수준으로 평가됨. 이에 따라 동사의 최종 기술평가등급은 기술력이 동종기업 대비 높고 기술환경변화에 제한적으로 영향을 받을 수 있는 수준이며 미래 성장 가능성이 높은 A로 의견 제"
더본코리아,2024-11-06,유가증권,"한국투자증권(주),엔에이치투자증권(주)",일반,일반,
토모큐브,2024-11-07,코스닥,대신증권(주),기술특례,기술평가특례,"며, 평가기관으로 한국산업기술평가관리원과 나이스평가정보를 지정받았습니다. 이후 2023년 12월 18일 동 기관들로부터 각각 기술평가등급 A등급 및 A등급을 취득하여 상장예비심사를 신청하였습니다. [ 전문평가기관의 종합의견 ] 평가등급 종 합 의 견 A -신청사"
에어레인,2024-11-08,코스닥,신영증권(주),기술특례,기술평가특례,"당사는 기술성장기업 적용 기업으로서 매출액 요건의 경우 신규상장 예정일이 속하는 사업연도와 그 이후 5개 사업연도, 법인세비용차감전계속사업손실 요건의 경우 신규상장 예정일이 속하는 사업연도와 그 이후 3개 사업연도에 대해서는 해당 요건을 적용받"
노머스,2024-11-12,코스닥,대신증권(주),이익미실현,이익미실현,"조 제1항 제2호의 경영성과 및 시장평가 등 요건 중 가.목의 수익성 또는 매출액 관련 요건을 충족하지 못하였으며, 이에 따라 나.목의 시장평가 또는 성장성 충족(이익미실현기업의 상장)에 관한 요건을 적용받아 금번 공모를 진행하고 있습니다. 당사의 재무실적은 2024년 이후에도 적자를 시현할 가능성이 존재하며, 적자가 지속될 경"
닷밀,2024-11-13,코스닥,미래에셋증권 주식회사,일반,기술평가특례,술특허 취득을 완료하였으며 실감미디어 시뮬레이터와 미디어 서버를 자체 기술로 개발 및 상용화를 완료하였습니다. 당사는 투자용 기술평가등급에서 '매우 우수한 기술력과 성장잠재력이 우수한 시장을 바탕으로 미래 성장가능성이 매우 우수한 수준'의 등급인 TI-2등급을
쓰리빌리언,2024-11-14,코스닥,한국투자증권(주),기술특례,일반,
엠오티,2024-11-18,코스닥,한국투자증권(주),일반,일반,
에스켐,2024-11-18,코스닥,엔에이치투자증권(주),이익미실현,일반,
사이냅소프트,2024-11-19,코스닥,엔에이치투자증권(주),일반,일반,
위츠,2024-11-20,코스닥,신한투자증권 주식회사,일반,일반,
에이엠시지,2024-12-13,코스닥,대신증권(주),(NULL),(문서없음),
벡트,2024-12-16,코스닥,신한투자증권 주식회사,일반,일반,
엠앤씨솔루션,2024-12-16,유가증권,KB증권(주),일반,일반,
온코크로스,2024-12-18,코스닥,미래에셋증권 주식회사,기술특례,기술평가특례,"당사는 코스닥시장 상장요건 중 전문평가 기관인 NICE평가정보와 한국산업기술기획평가원로부터 당사의 기술 등에 대한 평가를 받아 A등급 및 A등급을 취득하여 기술력과 성장성이 인정되는 기업인 기술성장기업(기술특례상장)으로서, 2024년 09월 12일 상장예비심사 승인을 득"
온코닉테라퓨틱스,2024-12-19,코스닥,엔에이치투자증권(주),기술특례,기술평가특례,"당사는 코스닥시장 상장요건 중 전문평가 기관인 나이스평가정보와 한국발명진흥회로부터 당사의 기술 등에 대한 평가를 받아 2024년 1월 17일자로 1개사에게 A 등급, 다른 1개사에 BBB 등급을 취득하여 기술력과 성장성이 인정되는 기업인 기술성장기업(기술특례상장)으로서, 2024년 10월 10일 상장예비심사 승인을 득"
듀켐바이오,2024-12-20,코스닥,,일반,일반,
창대정밀,2024-12-23,코스닥,해당없음,(NULL),(문서없음),
유비씨,2024-12-23,코스닥,아이비케이투자증권(주),(NULL),(문서없음),
쓰리에이로직스,2024-12-24,코스닥,"신한투자증권 주식회사,미래에셋증권 주식회사",기술특례,기술평가특례,"호하다. NFC 기술의 신규 수요처가 계속 발굴되고 있는 점을 고려할 때 제품/서비스 확장가능성이 있다고 보여진다. 종합적인 기술평가등급은 'A'로 의견 제시한다. (출처: 이크레더블, 한국기술신용평가) [전문평가의 평가등급 체계 및 등급별 정의] 평가등급 등급"
파인메딕스,2024-12-26,코스닥,한국투자증권(주),기술특례,일반,
오션스바이오,2025-01-14,코스닥,교보증권(주),(NULL),(문서없음),
미트박스,2025-01-23,코스닥,미래에셋증권 주식회사,일반,일반,
와이즈넛,2025-01-24,코스닥,삼성증권(주),기술특례,기술평가특례,"재력, 제품/서비스의 사업화 수준, 제품/서비스의 경쟁력을 감안 시 시장성은 양호한 수준으로 판단됨. 이에 따라 동사의 최종 기술평가등급은 기술력이 동종기업 대비 높고 기술환경변화에 제한적으로 영향을 받을 수 있는 수준이며 미래 성장 가능성이 높은 수준인 A로"
데이원컴퍼니,2025-01-24,코스닥,"미래에셋증권 주식회사,삼성증권(주)",이익미실현,이익미실현,당사는 이익미실현 기업으로서 세전이익 요건의 경우 신규상장일이 속하는 사업연도를 포함한 연속하는 5개 사업연도(상장일부터 상장일이 속한 사업연도의 말일까지의 기간이 3월미만인 경우에는 그 다음 사업연도)에 대해서는 해당 요건을 적용받
아스테라시스,2025-01-24,코스닥,DB증권주식회사,일반,일반,
삼양엔씨켐,2025-02-03,코스닥,KB증권(주),일반,일반,
피아이이,2025-02-04,코스닥,삼성증권(주),일반,일반,
아이지넷,2025-02-04,코스닥,한국투자증권(주),기술특례(성장성),성장성/사업모델,못한 상황으로 평판이 악화될 수 있으며 그로 인해 플랫폼 활성화 및 매출 성장 또한 둔화될 가능성이 있습니다. 회사위험 가. 기술성장기업(사업모델기업) 상장요건 적용 및 관리종목 지정 관련 위험 당사는 코스닥시장 상장요건 중 상장주선인이 성장성을 평가하여 추천한 중소기업
LG씨엔에스,2025-02-05,유가증권,"KB증권(주),메릴린치인터내셔날엘엘씨증권 서울지점,모간스탠리인터내셔날증권회사 서울지점",일반,일반,
아이에스티이,2025-02-12,코스닥,KB증권(주),기술특례,기술평가특례,"당사는 기술성장기업으로서 매출액 요건의 경우 신규상장일이 속하는 사업연도(상장 후 사업연도말까지 3월 미만인 경우 다음 사업연도)를 포함한 연속하는 5개 사업연도, 세전이익 요건의 경우 신규 상장일이 속하는 사업연도(상장 후 사업연도말까지 3월 미만인 경우 다음 사업연도)를 포함한 연속하는 3개 사업연도에 대해서는 해당 요건을 적용받"
동방메디컬,2025-02-13,코스닥,엔에이치투자증권(주),일반,일반,
오름테라퓨틱,2025-02-14,코스닥,한국투자증권(주),기술특례,기술평가특례,력이 동종기업 대비 다소 높고 기술환경변화에 보통의 영향을 받을 수 있는 수준이며 미래성장 가능성이 양호한 기업으로 판단되어 기술평가등급 “BBB”를 제시한다. 주1) 기술평결과서 수령시 당사는 Vertex사와의 계약에 의해 거래 상대방을 밝힐 수 없어 이를 P
동국생명과학,2025-02-17,코스닥,"엔에이치투자증권(주),KB증권(주)",일반,일반,
모티브링크,2025-02-20,코스닥,미래에셋증권 주식회사,일반,일반,
위너스,2025-02-24,코스닥,미래에셋증권 주식회사,일반,일반,
엘케이켐,2025-02-25,코스닥,신영증권(주),일반,일반,
대진첨단소재,2025-03-06,코스닥,미래에셋증권 주식회사,일반,일반,
엠디바이스,2025-03-07,코스닥,삼성증권(주),이익미실현,이익미실현,"당사는 2023년 사업연도 당기순손실을 기록하였으며, 「코스닥시장 상장규정」 제28조 제1항 제2호에 따른 이익미실현기업 상장 요건(""테슬라 요건"")을 적용받"
서울보증보험,2025-03-14,유가증권,"미래에셋증권 주식회사,삼성증권(주)",일반,일반,
씨케이솔루션,2025-03-17,유가증권,엔에이치투자증권(주),일반,일반,
한텍,2025-03-20,코스닥,대신증권(주),일반,일반,
티엑스알로보틱스,2025-03-20,코스닥,"신한투자증권 주식회사,엔에이치투자증권(주)",일반,일반,
심플랫폼,2025-03-21,코스닥,KB증권(주),기술특례,기술평가특례,"국평가데이터로부터 ""산업용 데이터 수집/분석/예측을 위한 AIoT 적용/운영 기술""에 대해 평가받았으며, A, BBB 등급의 기술평가 등급을 통보받았습니다. 그러나 이러한 전문기관의 기술평가 결과가 회사의 성장성과 향후 실적을 보장하는 것은 아닙니다. 한편, 기술"
더즌,2025-03-24,코스닥,한국투자증권(주),일반,일반,
에이유브랜즈,2025-04-03,코스닥,한국투자증권(주),일반,일반,
한국피아이엠,2025-04-04,코스닥,,일반,일반,
쎄크,2025-04-28,코스닥,신영증권(주),기술특례,기술평가특례,"당사는 기술성장기업(혁신기술기업) 적용 기업으로서 매출액 요건의 경우 신규상장 예정일이 속하는 사업연도와 그 이후 5개 사업연도, 법인세비용차감전계속사업손실 요건의 경우 신규상장 예정일이 속하는 사업연도와 그 이후 3개 사업연도에 대해서는 해당 요건을 적용받"
나우로보틱스,2025-05-08,코스닥,"대신증권(주),iM증권",기술특례,기술평가특례,"기술인 '첨단 로봇 정밀 제어 및 로봇 토탈 솔루션 기술'에 대하여 기술평가를 신청하였으며, 2024년 06월 19일 수령한 기술평가등급 A등급 이상의 결과를 기반으로 상장예비심사를 신청하였습니다. [ 전문평가기관의 종합의견 ] 평가등급 종 합 의 견 A 1."
원일티엔아이,2025-05-09,코스닥,엔에이치투자증권(주),일반,일반,
오가노이드사이언스,2025-05-09,코스닥,한국투자증권(주),기술특례,기술평가특례,", 제품/서비스의 사업화 수준, 제품/서비스의 경쟁력을 감안 시 시장성은 보통 이상 수준으로 평가됨. 이에 따라 동사의 최종 기술평가등급은 기술력이 동종기업 대비 높고 기술환경변화에 제한적으로 영향을 받을 수 있는 수준이며 미래 성장 가능성이 높은 수준인 A로"
로킷헬스케어,2025-05-12,코스닥,SK증권(주),기술특례,기술평가특례,"당사는 기술성장특례(기술성장기업) 적용 기업으로서 매출액 요건의 경우 신규상장일이 속하는 사업연도를 포함한 연속하는 5개 사업연도(상장일부터 상장일이 속한 사업연도의 말일까지의 기간이 3개월 미만인 경우에는 그 다음 사업연도), 세전이익 요건의 경우 신규상장일이 속하는 사업연도를 포함한 연속하는 3개 사업연도(상장일부터 상장일이 속한 사업연도의 말일까지의 "
이뮨온시아,2025-05-19,코스닥,한국투자증권(주),기술특례,기술평가특례,"당사는 「코스닥시장 상장규정」제30조제1항에 의하여 상장되는 기술성장기업으로 동 규정 제53조(관리종목) 제1항제1호 및 제2호, 제54조(상장의 폐지) 제1항제3호 및 제4호에 따라 관리종목 지정과 상장폐지 요건 중 매출액 요건은 신규상장일이 속하는 사업연도를 포함한 연속하는 5개 사업연도, 법인세비용차감전계속사업손실 요건은 신규상장일이 속하는 사업연도를"
바이오비쥬,2025-05-20,코스닥,대신증권(주),일반,일반,
달바글로벌,2025-05-22,유가증권,미래에셋증권 주식회사,일반,일반,
인투셀,2025-05-23,코스닥,미래에셋증권 주식회사,기술특례,일반,
키스트론,2025-06-02,코스닥,신한투자증권 주식회사,일반,일반,
링크솔루션,2025-06-10,코스닥,신영증권(주),기술특례,기술평가특례,"당사는 기술성장기업 특례 적용 기업(혁신기술기업)으로서 매출액 요건의 경우 신규상장일이 속하는 사업연도(상장일부터 상장일이 속한 사업연도의 말일까지의 기간이 3개월 미만인 경우에는 그 다음 사업연도)를 포함한 연속하는 5개 사업연도, 세전이익 요건의 경우 신규상장일이 속하는 사업연도(상장일부터 상장일이 속한 사업연도의 말일까지의 기간이 3개월 미만인 경우에"
지씨지놈,2025-06-11,코스닥,삼성증권(주),기술특례,기술평가특례,"당사는 코스닥시장 상장요건 중 전문평가 기관인 한국평가데이터와 한국생명공학연구원로부터 당사의 기술 등에 대한 평가를 받아 A등급 및 A등급을 취득하여 기술력과 성장성이 인정되는 기업인 기술성장기업(기술특례상장)으로서, 2025년 3월 26일 상장예비심사 승인을 득"
지에프씨생명과학,2025-06-30,코스닥,,기술특례,일반,
뉴엔AI,2025-07-04,코스닥,엔에이치투자증권(주),기술특례,기술평가특례,"평가정보와 기술보증기금의 기술평가, 현장실사 및 PT를 진행하였습니다. 2024년 09월 11일에 양 평가기관으로부터 획득한 기술평가등급은 각각 'A', 'A' 입니다. 평가기관 평가대상기술명 평가결과 평가기간 나이스평가정보 1. AI기반 소비자 언어 이해 및"
싸이닉솔루션,2025-07-07,코스닥,대신증권(주),일반,일반,
아우토크립트,2025-07-15,코스닥,대신증권(주),기술특례,일반,
도우인시스,2025-07-23,코스닥,키움증권(주),일반,일반,
뉴로핏,2025-07-25,코스닥,미래에셋증권 주식회사,기술특례,일반,
엔알비,2025-07-28,코스닥,엔에이치투자증권(주),일반,일반,
프로티나,2025-07-29,코스닥,한국투자증권(주),기술특례,기술평가특례,"당사는 「코스닥시장 상장규정」제30조제1항에 의하여 상장되는 기술성장기업으로 동 규정 제53조(관리종목) 제1항제1호 및 제2호, 제54조(상장의 폐지) 제1항제3호 및 제4호에 따라 관리종목 지정과 상장폐지 요건 중 매출액 요건은 신규상장일이 속하는 사업연도를 포함한 연속하는 5개 사업연도, 법인세비용차감전계속사업손실 요건은 신규상장일이 속하는 사업연도를"
대한조선,2025-08-01,유가증권,"신영증권(주),KB증권(주),엔에이치투자증권(주)",일반,일반,
아이티켐,2025-08-07,코스닥,KB증권(주),이익미실현,이익미실현,"당사는 「코스닥시장 상장규정」상 이익미실현기업으로서 매출액 요건의 경우 신규상장일이 속하는 사업연도를 포함한 연속하는 5개 사업연도(상장일부터 상장일이 속한 사업연도의 말일까지의 기간이 3월미만인 경우에는 그 다음 사업연도), 세전이익 요건의 경우 신규상장일이 속하는 사업연도를 포함한 연속하는 5개 사업연도(상장일부터 상장일이 속한사업연도의 말일까지의 기간"
지투지바이오,2025-08-14,코스닥,미래에셋증권 주식회사,기술특례,기술평가특례,", 제품/서비스의 사업화 수준, 제품/서비스의 경쟁력을 감안 시 시장성은 보통 이상 수준으로 평가됨. 이에 따라 동사의 최종 기술평가등급은 기술력이 동종기업 대비 높고 기술환경변화에 제한적으로 영향을 받을 수 있는 수준이며 미래 성장 가능성이 높은 수준인 A로"
삼양컴텍,2025-08-18,코스닥,"신한투자증권 주식회사,엔에이치투자증권(주)",일반,일반,
에스엔시스,2025-08-19,코스닥,신한투자증권 주식회사,일반,일반,
한라캐스트,2025-08-20,코스닥,대신증권(주),일반,일반,
제이피아이헬스케어,2025-08-21,코스닥,키움증권(주),일반,일반,
그래피,2025-08-25,코스닥,"신한투자증권 주식회사,KB증권(주)",기술특례,일반,
본시스템즈,2025-09-08,코스닥,아이비케이투자증권(주),(NULL),(문서없음),
에스투더블유,2025-09-19,코스닥,대신증권(주),기술특례,기술평가특례,"당사는 기술성장기업 특례 적용 기업(혁신기술기업)으로서 매출액 요건의 경우 신규상장일이 속하는 사업연도(상장일부터 상장일이 속한 사업연도의 말일까지의 기간이 3개월 미만인 경우에는 그 다음 사업연도)를 포함한 연속하는 5개 사업연도, 세전이익 요건의 경우 신규상장일이 속하는 사업연도(상장일부터 상장일이 속한 사업연도의 말일까지의 기간이 3개월 미만인 경우에"
명인제약,2025-10-01,유가증권,KB증권(주),일반,일반,
노타,2025-11-03,코스닥,미래에셋증권 주식회사,기술특례,기술평가특례,"장에 진입하였으나, 후발 주자들의 진입이 예상되며, 제품/서비스의 확장가능성이 있어 제품/서비스 경쟁력이 적정하다. 종합적인 기술평가등급은 'A'로 의견 제시한다. 출처: 나이스평가정보, 한국기술신용평가 당사는 한국거래소에서 지정하는 전문평가기관의 평가항목에 따"
이노테크,2025-11-07,코스닥,KB증권(주),일반,일반,
큐리오시스,2025-11-13,코스닥,키움증권(주),기술특례,기술평가특례,"당사는 「코스닥시장 상장규정」제30조제1항에 의하여 상장되는 기술성장기업으로 동 규정 제53조(관리종목) 제1항제1호 및 제2호, 제54조(상장의 폐지) 제1항제3호 및 제4호에 따라 관리종목 지정과 상장폐지 요건 중 매출액 요건은 신규상장일이 속하는 사업연도를 포함한 연속하는 5개 사업연도, 법인세비용차감전계속사업손실 요건은 신규상장일이 속하는 사업연도를"
세나테크놀로지,2025-11-14,코스닥,"신한투자증권 주식회사,KB증권(주)",일반,일반,
그린광학,2025-11-17,코스닥,신영증권(주),기술특례,기술평가특례,"증가한 자본금: 86,957,000원 / 총 자본금: 5,023,133,500원 2025.04 한국거래소 지정 전문평가기관 기술평가등급 수취 (한국산업기술기획평가원 A, 한국기술신용평가 A) 2025.06 유상증자(보통주) * 증가한 주식수: 168,169주"
더핑크퐁컴퍼니,2025-11-18,코스닥,"미래에셋증권 주식회사,삼성증권(주)",일반,일반,
아이엘커누스,2025-11-18,코스닥,아이비케이투자증권(주),(NULL),(문서없음),
씨엠티엑스,2025-11-20,코스닥,미래에셋증권 주식회사,일반,일반,
비츠로넥스텍,2025-11-21,코스닥,엔에이치투자증권(주),기술특례,기술평가특례,"이 동종기업 대비 다소 높고 기술환경변화에 보통의 영향을 받을 수 있는 수준이며 미래 성장 가능성이 양호한 기업으로 판단되어 기술평가등급 'BBB’를 제시한다. 출처: 한국산업기술진흥원, 이크레더블 당사는 한국거래소에서 지정하는 전문평가기관의 평가항목에 따라 기"
아로마티카,2025-11-27,코스닥,신한투자증권 주식회사,일반,일반,
에임드바이오,2025-12-04,코스닥,미래에셋증권 주식회사,기술특례,기술평가특례,"보유하고 있어, 이는 동사 플랫폼 기술과 일부 파트너십 체계를 통해 지속적인 상업화 가능성을 확보한 것으로 판단된다. 따라서 기술평가 등급 [A]의 의견을 제시한다. 평가기관2 A 동사는 항체-약물 접합체(ADC, Antibody-Drug Conjugate) 전문"
테라뷰,2025-12-09,코스닥,,기술특례,기술평가특례,"가기관인 이크레더블, 한국평가데이터로부터 ""테라헤르츠 전자기파 발생 및 응용 검사장비""에 대해 평가받았으며, A, A 등급의 기술평가 등급을 통보받았습니다. 그러나 이러한 전문기관의 기술평가 결과가 회사의 성장성과 향후 실적을 보장하는 것은 아닙니다. 한편, 기술"
페스카로,2025-12-10,코스닥,"엔에이치투자증권(주),한화투자증권(주)",기술특례,일반,
이지스,2025-12-11,코스닥,엔에이치투자증권(주),기술특례,기술평가특례,"당사는 「코스닥시장 상장규정」제30조제1항에 의하여 상장되는 기술성장기업으로 동 규정 제53조(관리종목) 제1항제1호 및 제2호, 제54조(상장의 폐지) 제1항제3호 및 제4호에 따라 관리종목 지정과 상장폐지 요건 중 매출액 요건은 신규상장일이 속하는 사업연도를 포함한 연속하는 5개 사업연도, 법인세비용차감전계속사업손실 요건은 신규상장일이 속하는 사업연도를"
쿼드메디슨,2025-12-12,코스닥,엔에이치투자증권(주),기술특례,기술평가특례,"이 동종기업 대비 높고 기술환경변화에 제한적으로 영향을 받을 수 있는 수준이며 미래 성장가능성이 높은 것으로 판단되며, 이에 기술평가등급 ‘A’를 제시한다. 주1) 2025년 6월 5일 기술평가결과서 수령 시 당사는 각 평가기관별 종합의견을 익명으로 수령하였기"
티엠씨,2025-12-15,유가증권,미래에셋증권 주식회사,일반,일반,
아크릴,2025-12-16,코스닥,신한투자증권 주식회사,기술특례,일반,
나라스페이스테크놀로지,2025-12-17,코스닥,삼성증권(주),기술특례,기술평가특례,이 동종기업 대비 높고 기술환경변화에 대해 보통의 영향을 받을 수 잇는 수준으로 미래 성장 가능성이 양호한 기업으로 판단되어 기술평가등급 “BBB”를 제시한다. 주1) 2025년 3월 24일 기술평가결과서 수령시 당사는 각 평가기관의 결과서를 익명으로 수령하였기
알지노믹스,2025-12-18,코스닥,"엔에이치투자증권(주),삼성증권(주)",기술특례,일반,
삼진식품,2025-12-22,코스닥,대신증권(주),일반,일반,
엔더블유시,2025-12-22,코스닥,교보증권(주),(NULL),(문서없음),
리브스메드,2025-12-24,코스닥,"미래에셋증권 주식회사,삼성증권(주)",기술특례,기술평가특례,"당사는 기술성장기업 특례 적용 기업(혁신기술기업)으로서 매출액 요건의 경우 신규상장일이 속하는 사업연도(상장일부터 상장일이 속한 사업연도의 말일까지의 기간이 3개월 미만인 경우에는 그 다음 사업연도)를 포함한 연속하는 5개 사업연도, 세전이익 요건의 경우 신규상장일이 속하는 사업연도(상장일부터 상장일이 속한 사업연도의 말일까지의 기간이 3개월 미만인 경우에"
세미파이브,2025-12-29,코스닥,"삼성증권(주),유비에스증권 리미티드 서울지점",이익미실현,이익미실현,"당사는 2024 사업연도 당기순손실을 기록하였으며, 「코스닥시장 상장규정」 제28조 제1항 제2호에 따른 이익미실현기업 상장 요건(""테슬라 요건"")을 적용받"
덕양에너젠,2026-01-30,코스닥,"미래에셋증권 주식회사,엔에이치투자증권(주)",일반,일반,
케이뱅크,2026-03-05,유가증권,"엔에이치투자증권(주),삼성증권(주)",일반,일반,
에스팀,2026-03-06,코스닥,한국투자증권(주),일반,일반,
액스비스,2026-03-09,코스닥,미래에셋증권 주식회사,일반,일반,
카나프테라퓨틱스,2026-03-16,코스닥,한국투자증권(주),기술특례,기술평가특례,"술 관련 기밀사항, 영업 정보 등 민감한 내용은 제외하였습니다. 또한, 「코스닥시장 상장규정」 제30조에 따른 기술성장기업의 기술평가 등급에 대한주요 내용은 하기의 표와 같습니다. [전문평가의 평가등급 체계 및 등급별 정의] 평가등급 등급별 정의 AAA 최고의 기"
아이엠바이오로직스,2026-03-20,코스닥,"신한투자증권 주식회사,한국투자증권(주)",기술특례,기술평가특례,으로 사료된다. 따라서 동사는 플랫폼 기술과 일부 파트너십 체계를 통해 지속적인 상업화 가능성을 확보한 것으로 판단됨에 따라 기술평가등급 [A]의 의견을 제시한다. (주1) 2025년 7월 31일 기술평가결과서 수령시 당사는 각 평가기관별 종합의견을 익명으로 수
한패스,2026-03-25,코스닥,"한국투자증권(주),대신증권(주)",일반,일반,
메쥬,2026-03-26,코스닥,신한투자증권 주식회사,기술특례,일반,
리센스메디컬,2026-03-31,코스닥,"한국투자증권(주),KB증권(주)",기술특례,기술평가특례,"재력, 제품/서비스의 사업화 수준, 제품/서비스의 경쟁력을 감안 시 시장성은 양호한 수준으로 평가됨. 이에 따라 동사의 최종 기술평가등급은 기술력이 동종기업 대비 높고 기술환경변화에 제한적으로 영향을 받을 수 있는 수준이며 미래 성장 가능성이 높은 A로 의견 제"
인벤테라,2026-04-02,코스닥,"유진투자증권(주),엔에이치투자증권(주)",기술특례,기술평가특례,기술력이 동종기업 대비 높고 기술환경변화에 제한적으로 영향을 받을 수 있는 수준이며 미래 성장 가능성이 높은 기업으로 판단돼 기술평가등급 [A]를 제시한다. 평가기관 B BBB ㈜인벤테라(이하 동사)는 2018년에 설립된 의학 및 약학개발업(M70113)을 영위
에스테크엠,2026-04-27,코스닥,아이비케이투자증권(주),(NULL),(문서없음),
채비,2026-04-29,코스닥,"대신증권(주),하나증권주식회사,삼성증권(주),KB증권(주)",이익미실현,이익미실현,"당사는 「코스닥시장 상장규정」상 이익미실현기업으로서 매출액 요건의 경우 신규상장일이 속하는 사업연도를 포함한 연속하는 5개 사업연도, 법인세비용차감전계속사업손실 요건의 경우 신규상장일이 속하는 사업연도를 포함한 연속하는 5개 사업연도에 대해서는 해당 요건을 적용받"
코스모로보틱스,2026-05-11,코스닥,"유진투자증권(주),엔에이치투자증권(주)",기술특례,기술평가특례,"재력, 제품/서비스의 사업화 수준, 제품/서비스의 경쟁력을 감안 시 시장성은 양호한 수준으로 평가됨. 이에 따라 동사의 최종 기술평가등급은 BBB(기술력이 동종기업 대비 다소 높고 기술환경변화에 보통의 영향을 받을 수 있는 수준이며 미래 성장 가능성이 양호한 등"
폴레드,2026-05-14,코스닥,엔에이치투자증권(주),일반,일반,
마키나락스,2026-05-20,코스닥,미래에셋증권 주식회사,기술특례,기술평가특례,"기술력이 동종기업 대비 높고 기술환경변화에 제한적으로 영향을 받을 수 있는 수준이며 미래 성장 가능성이 높은 기업으로 판단돼 기술평가등급 'A' 를 제시한다. A등급 동사는 2017년 설립된 AI 모델 개발 및 운영을 위한 MLOps 솔루션 개발 기업으로, 초기"
피스피스스튜디오,2026-06-08,코스닥,"미래에셋증권 주식회사,엔에이치투자증권(주)",일반,일반,
져스텍,2026-06-29,코스닥,삼성증권(주),기술특례,기술평가특례,"재력, 제품/서비스의 사업화 수준, 제품/서비스의 경쟁력을 감안 시 시장성은 양호한 수준으로 판단됨. 이에 따라 동사의 최종 기술평가등급은 기술력이 동종기업 대비 다소 높고 기술환경변화에 보통의 영향을 받을 수 있는 수준이며 미래 성장 가능성이 양호한 수준인 B"
스트라드비젼,2026-06-30,코스닥,KB증권(주),기술특례,기술평가특례,"게 하드웨어 자유도와 모듈화 편의성을 제공합니다. 이러한 기술적 우위와 가격 경쟁력, 미래 성장 가능성을 종합적으로 고려하여 기술평가등급 ‘A’를 제시합니다. 평가기관2 BBB ㈜스트라드비젼은 2014년 9월 설립된 중소기업으로 [응용 소프트웨어 개발 및 공급업"
매드업,2026-07-01,코스닥,미래에셋증권 주식회사,이익미실현,기술평가특례,"메타(Meta) 파트너 어워즈 2021, '이노베이션 히어로(Innovation Hero)' 수상 2022.01 이크레더블 기술평가등급 우수 'TI3' 획득 2022.02 구글 프리미어 파트너 최고 등급 선정 2022.06 예비 유니콘 선정 2022.12 메타"
레몬헬스케어,2026-07-06,코스닥,KB증권(주),기술특례,일반,
