회사명,상장일,시장구분,트랙,판정근거,기존DB분류,대표주관회사,산업분류,확정공모가,공모금액_억원,시가총액_억원,기관경쟁률,확약비율,수익률_1M,수익률_6M,수익률_1Y
큐리언트,2016-02-29,코스닥,기술평가특례,body,일반,한국투자증권(주),바이오/헬스케어,21000,325.08,1274.95,709.15,35.24,110.0,118.6,13.8
로고스바이오,2016-11-03,코스닥,기술평가특례,body,기술특례,신한투자증권 주식회사,기계/장비,25500,180.56,1443.3,,,-30.2,-41.8,-50.4
신라젠,2016-12-06,코스닥,기술평가특례,body,기술특례,"엔에이치투자증권(주),하나증권주식회사,DB증권주식회사",바이오/헬스케어,15000,1500.0,15000.0,74.98,0.0,-15.0,-15.3,515.3
유바이오로직스,2017-01-24,코스닥,기술평가특례,body,기술특례,한국투자증권(주),바이오/헬스케어,6000,192.0,3581.1,31.09,0.0,-29.3,-17.2,25.8
카페24,2018-02-08,코스닥,이익미실현,body,이익미실현,"미래에셋증권 주식회사,유안타증권(주),한화투자증권(주)",IT/소프트웨어,57000,513.0,10260.0,672.71,42.9,56.3,180.7,96.8
아시아종묘,2018-02-12,코스닥,기술평가특례,body,일반,,소비재/유통,4500,42.75,450.0,239.52,4.39,-6.0,14.0,137.8
엔지켐생명과학,2018-02-21,코스닥,기술평가특례,body,기술특례,,바이오/헬스케어,56000,431.2,,258.68,13.25,101.6,60.0,71.2
오스테오닉,2018-02-22,코스닥,기술평가특례,body,기술특례,,바이오/헬스케어,,,14322.06,,,,,
에코마이스터,2018-03-15,코스닥,기술평가특례,body,기술특례,"대신증권(주),한화투자증권(주)",기계/장비,5200,69.68,697.28,15.54,0.0,16.0,147.1,36.3
EDGC,2018-06-26,코스닥,기술평가특례,body,일반,SK증권(주),바이오/헬스케어,6500,468.0,4680.0,,,-14.8,-24.4,0.1
아이큐어,2018-07-12,코스닥,기술평가특례,body,기술특례,키움증권(주),바이오/헬스케어,65000,780.0,50160.04,642.1,5.08,-33.1,-50.4,-53.2
올릭스,2018-07-18,코스닥,기술평가특례,body,기술특례,엔에이치투자증권(주),바이오/헬스케어,36000,432.0,4320.0,876.72,74.03,23.6,61.9,17.9
바이오솔루션,2018-08-20,코스닥,기술평가특례,body,기술특례,한국투자증권(주),바이오/헬스케어,29000,435.0,2374.41,174.79,5.04,60.3,53.4,-20.9
로보티즈,2018-10-26,코스닥,기술평가특례,body,일반,미래에셋증권 주식회사,기계/장비,14000,238.0,2380.0,958.6,39.8,21.1,34.3,-17.1
옵티팜,2018-10-26,코스닥,기술평가특례,body,기술특례,엔에이치투자증권(주),바이오/헬스케어,10000,294.59,2200.0,94.57,11.6,1.0,20.0,-3.5
셀리버리,2018-11-09,코스닥,성장성/사업모델,body,기술특례(성장성),DB증권주식회사,바이오/헬스케어,25000,285.0,2850.0,698.98,16.8,4.4,144.0,64.6
티앤알바이오팹,2018-11-28,코스닥,기술평가특례,body,기술특례,키움증권(주),바이오/헬스케어,18000,216.0,1533.63,101.9,1.0,-53.0,0.3,-44.2
전진바이오팜,2018-12-14,코스닥,기술평가특례,body,기술특례,미래에셋증권 주식회사,화학/소재,10000,50.0,500.0,14.69,27.2,-2.0,50.5,-27.5
에이비엘바이오,2018-12-19,코스닥,기술평가특례,body,기술특례,한국투자증권(주),바이오/헬스케어,15000,900.0,6795.5,60.08,10.99,12.3,92.0,31.3
유틸렉스,2018-12-24,코스닥,기술평가특례,body,기술특례,엔에이치투자증권(주),바이오/헬스케어,50000,363.5,3977.53,597.2,18.63,67.0,77.4,32.4
비피도,2018-12-26,코스닥,기술평가특례,body,기술특례,한국투자증권(주),소비재/유통,18000,73.8,906.1,74.62,0.0,31.1,61.4,31.1
지노믹트리,2019-03-27,코스닥,기술평가특례,body,기술특례,,바이오/헬스케어,,,104760.03,,,,,
다원넥스뷰,2019-05-21,코넥스,기술평가특례,body,(NULL),신한투자증권(주),기계/장비,,,,,,,,
수젠텍,2019-05-28,코스닥,기술평가특례,body,기술특례,,바이오/헬스케어,,,,,,,,
압타바이오,2019-06-12,코스닥,기술평가특례,body,기술특례,"미래에셋증권 주식회사,삼성증권(주)",바이오/헬스케어,30000,654.0,4030.77,856.41,35.1,-32.3,-34.2,-11.3
플리토,2019-07-17,코스닥,성장성/사업모델,body,기술특례,한국투자증권(주),IT/소프트웨어,26000,383.11,1231.06,1133.0,22.0,-15.8,-23.3,-47.5
라닉스,2019-09-18,코스닥,성장성/사업모델,body,기술특례(성장성),한국투자증권(주),반도체/디스플레이,6000,96.0,575.73,51.68,0.0,46.7,19.3,20.2
올리패스,2019-09-20,코스닥,성장성/사업모델,body,기술특례(성장성),"미래에셋증권 주식회사,키움증권(주)",바이오/헬스케어,20000,140.0,3382.72,11.07,0.4,-5.8,-52.2,-20.8
엔바이오니아,2019-10-24,코스닥,성장성/사업모델,body,기술특례,미래에셋증권 주식회사,소비재/유통,8200,91.02,910.2,425.8,3.8,-2.2,-33.0,-2.9
캐리소프트,2019-10-29,코스닥,성장성/사업모델,body,기술특례,미래에셋증권 주식회사,엔터/미디어/게임,9000,81.9,819.0,924.83,2.7,13.9,-44.8,-52.8
라파스,2019-11-11,코스닥,성장성/사업모델,body,기술특례(성장성),DB증권주식회사,화학/소재,20000,256.0,320.0,202.06,0.0,-24.0,-26.0,-0.5
제테마,2019-11-14,코스닥,이익미실현,body,이익미실현,한국투자증권(주),바이오/헬스케어,21000,201.6,1853.04,12.41,0.0,-9.1,31.9,128.6
티움바이오,2019-11-22,코스닥,기술평가특례,body,기술특례,키움증권(주),바이오/헬스케어,12000,300.0,2820.38,37.3,0.0,40.8,19.6,37.5
리메드,2019-12-06,코스닥,이익미실현,body,이익미실현,,바이오/헬스케어,,,,,,,,
제이엘케이인스펙션,2019-12-11,코스닥,기술평가특례,body,기술특례,한국투자증권(주),IT/소프트웨어,9000,180.0,1442.94,69.81,0.0,-10.3,-13.1,29.4
메드팩토,2019-12-19,코스닥,기술평가특례,body,기술특례,삼성증권(주),바이오/헬스케어,40000,604.4,12378.06,86.41,13.83,-1.1,188.0,420.5
브릿지바이오,2019-12-20,코스닥,성장성/사업모델,body,기술특례(성장성),"대신증권(주),KB증권(주)",바이오/헬스케어,60000,420.0,4065.03,,,-6.8,-28.7,-27.6
천랩,2019-12-26,코스닥,기술평가특례,body,기술특례(성장성),한국투자증권(주),바이오/헬스케어,40000,172.0,1571.1,51.11,0.0,-13.0,15.9,0.3
서남,2020-02-20,코스닥,기술평가특례,body,기술특례,한국투자증권(주),화학/소재,3100,108.5,671.57,1228.4,5.21,-40.2,13.9,18.4
레몬,2020-02-28,코스닥,기술평가특례,body,기술특례,미래에셋증권 주식회사,화학/소재,7200,295.2,5904.0,426.0,6.3,18.1,173.6,26.7
켄코아에어로스페이스,2020-03-03,코스닥,이익미실현,body,이익미실현,엔에이치투자증권(주),방산/우주항공,10000,131.4,1178.41,120.75,2.55,-40.1,-24.0,26.5
에스씨엠생명과학,2020-06-17,코스닥,기술평가특례,body,기술특례,한국투자증권(주),바이오/헬스케어,17000,306.0,2138.85,1032.17,7.7,52.9,104.1,86.5
젠큐릭스,2020-06-25,코스닥,기술평가특례,body,기술특례,,바이오/헬스케어,22700,181.6,227.0,77.03,0.0,-30.2,-22.7,0.9
소마젠,2020-07-13,코스닥,기술평가특례,body,기술특례,,바이오/헬스케어,11000,462.0,4620.0,69.46,0.0,54.1,65.0,24.1
티에스아이,2020-07-22,코스닥,이익미실현,body,일반,,기계/장비,,,14959.56,,,,,
솔트룩스,2020-07-23,코스닥,기술평가특례,body,기술특례(성장성),한국투자증권(주),IT/소프트웨어,25000,187.5,1279.68,528.17,5.58,14.2,40.0,24.6
제놀루션,2020-07-24,코스닥,기술평가특례,body,기술특례,,바이오/헬스케어,14000,112.0,1120.0,1161.09,21.36,123.9,86.4,164.6
셀레믹스,2020-08-21,코스닥,기술평가특례,body,기술특례(성장성),대신증권(주),바이오/헬스케어,20000,264.0,5280.0,1203.41,5.41,21.5,21.8,-3.8
이오플로우,2020-09-14,코스닥,기술평가특례,body,기술특례(성장성),하나증권주식회사,바이오/헬스케어,19000,266.0,5400.0,150.87,14.83,134.2,247.4,170.5
압타머사이언스,2020-09-16,코스닥,성장성/사업모델,body,기술특례(성장성),키움증권(주),바이오/헬스케어,25000,325.0,2231.53,830.32,3.27,-19.4,-8.4,0.8
박셀바이오,2020-09-22,코스닥,기술평가특례,body,기술특례,하나증권주식회사,바이오/헬스케어,30000,295.55,2310.0,94.18,11.68,-18.0,721.4,426.7
넥스틴,2020-10-08,코스닥,기술평가특례,body,기술특례,KB증권(주),기계/장비,75400,241.28,,30.25,23.3,5.2,211.7,123.1
피플바이오,2020-10-19,코스닥,기술평가특례,body,기술특례,키움증권(주),바이오/헬스케어,20000,100.0,1180.49,40.4,0.0,116.8,114.5,48.2
바이브컴퍼니,2020-10-28,코스닥,기술평가특례,body,기술특례(성장성),한국투자증권(주),IT/소프트웨어,28000,182.0,14560.02,1221.45,7.96,26.1,12.3,31.1
센코,2020-10-29,코스닥,기술평가특례,body,기술특례,한국투자증권(주),기계/장비,13000,209.56,37310.01,848.37,2.2,113.1,65.4,64.6
고바이오랩,2020-11-18,코스닥,기술평가특례,body,기술특례(성장성),"대신증권(주),삼성증권(주)",바이오/헬스케어,15000,300.0,2531.5,64.33,0.03,162.0,124.3,64.3
클리노믹스,2020-12-04,코스닥,기술평가특례,body,기술특례(성장성),대신증권(주),바이오/헬스케어,13900,274.15,1926.17,494.2,2.05,30.9,11.9,-15.8
퀀타매트릭스,2020-12-09,코스닥,기술평가특례,body,기술특례,미래에셋증권 주식회사,바이오/헬스케어,25500,435.29,61627.64,185.56,4.6,3.9,-47.5,-57.5
엔젠바이오,2020-12-10,코스닥,기술평가특례,body,기술특례,삼성증권(주),바이오/헬스케어,14000,342.16,1910.35,1006.96,3.33,90.4,42.9,5.0
알체라,2020-12-21,코스닥,성장성/사업모델,body,기술특례(성장성),신영증권(주),IT/소프트웨어,10000,200.0,4000.0,1315.61,3.88,234.5,219.0,227.0
프리시젼바이오,2020-12-22,코스닥,기술평가특례,body,기술특례,한국투자증권(주),바이오/헬스케어,12500,187.5,1441.0,1231.23,1.62,108.4,28.0,-4.8
지놈앤컴퍼니,2020-12-23,코스닥,기술평가특례,body,기술특례,,바이오/헬스케어,,,,,,,,
석경에이티,2020-12-23,코스닥,기술평가특례,body,기술특례,한국투자증권(주),화학/소재,10000,100.0,545.5,1390.29,6.68,218.5,102.0,94.5
엔비티,2021-01-21,코스닥,성장성/사업모델,body,기술특례,미래에셋증권 주식회사,기타,19000,158.08,1098.2,1425.3,10.7,23.9,40.8,44.5
씨앤투스성진,2021-01-28,코스닥,이익미실현,body,이익미실현,미래에셋증권 주식회사,소비재/유통,32000,512.0,5120.0,1010.02,1.7,-36.1,-35.8,-35.2
레인보우로보틱스,2021-02-03,코스닥,기술평가특례,body,기술특례(성장성),"대신증권(주),미래에셋증권 주식회사",기계/장비,10000,265.0,1855.0,1489.9,19.9,135.5,119.5,139.0
와이더플래닛,2021-02-03,코스닥,성장성/사업모델,body,기술특례,한국투자증권(주),IT/소프트웨어,16000,160.0,829.23,1449.22,9.59,53.1,59.4,7.2
피엔에이치테크,2021-02-16,코스닥,기술평가특례,body,기술특례,,화학/소재,,,,,,,,
오로스테크놀로지,2021-02-24,코스닥,기술평가특례,body,일반,키움증권(주),반도체/디스플레이,21000,399.0,3990.0,1260.0,37.12,136.0,50.7,16.2
씨이랩,2021-02-24,코스닥,기술평가특례,body,기술특례,,IT/소프트웨어,35000,227.5,2275.0,1371.37,12.97,12.3,299.7,31.7
뷰노,2021-02-26,코스닥,기술평가특례,body,기술특례,"미래에셋증권 주식회사,삼성증권(주)",바이오/헬스케어,21000,378.0,3780.0,1457.21,23.8,27.9,14.3,-52.5
나노씨엠에스,2021-03-09,코스닥,기술평가특례,body,기술특례,키움증권(주),화학/소재,20000,160.0,841.78,1295.75,6.65,-9.0,152.5,125.5
프레스티지바이오로직스,2021-03-11,코스닥,성장성/사업모델,body,기술특례(성장성),"미래에셋증권 주식회사,유안타증권(주)",바이오/헬스케어,12400,911.4,9114.0,369.91,6.5,4.0,18.1,-41.2
네오이뮨텍,2021-03-16,코스닥,기술평가특례,body,기술특례,,바이오/헬스케어,7500,1125.0,8100.0,1374.09,25.54,58.0,27.2,-6.5
바이오다인,2021-03-17,코스닥,이익미실현,body,이익미실현,대신증권(주),바이오/헬스케어,30000,300.0,3000.0,1364.85,8.8,90.3,40.3,-3.7
라이프시맨틱스,2021-03-23,코스닥,성장성/사업모델,body,기술특례,한국투자증권(주),IT/소프트웨어,12500,125.0,1276.67,1402.17,3.78,7.2,-6.4,-33.7
자이언트스텝,2021-03-24,코스닥,성장성/사업모델,body,기술특례,한국투자증권(주),엔터/미디어/게임,11000,154.0,1297.0,1691.65,24.42,351.8,614.6,721.8
제노코,2021-03-24,코스닥,기술평가특례,body,기술특례,DB증권주식회사,방산/우주항공,36000,176.4,1764.0,1452.49,22.15,55.6,79.7,115.7
해성티피씨,2021-04-21,코스닥,기술평가특례,body,기술특례,한국투자증권(주),화학/소재,13000,130.0,614.9,1508.95,16.05,60.0,60.0,31.5
샘씨엔에스,2021-05-20,코스닥,기술평가특례,body,기술특례,대신증권(주),반도체/디스플레이,6500,780.0,3263.0,1537.67,26.07,6.0,-6.8,-3.4
삼영에스앤씨,2021-05-21,코스닥,성장성/사업모델,body,기술특례(성장성),미래에셋증권 주식회사,기계/장비,11000,121.55,1215.5,1762.39,15.27,26.8,8.2,-20.5
제주맥주,2021-05-26,코스닥,이익미실현,body,이익미실현,대신증권(주),소비재/유통,3200,267.58,2675.8,1356.43,5.47,36.4,-14.2,-22.2
진시스템,2021-05-26,코스닥,기술평가특례,body,기술특례(성장성),삼성증권(주),바이오/헬스케어,20000,285.0,2850.0,934.07,1.5,-25.3,-44.8,-48.8
아모센스,2021-06-25,코스닥,기술평가특례,body,기술특례,신한투자증권 주식회사,IT/소프트웨어,12400,344.7,1388.81,116.79,2.57,10.1,31.9,19.8
오비고,2021-07-13,코스닥,기술평가특례,body,기술특례,엔에이치투자증권(주),IT/소프트웨어,14300,347.92,1720.74,1123.74,7.68,77.6,45.5,-26.9
큐라클,2021-07-22,코스닥,기술평가특례,body,기술특례,삼성증권(주),바이오/헬스케어,25000,533.33,5333.3,1219.27,7.23,99.0,-19.6,-23.2
맥스트,2021-07-27,코스닥,기술평가특례,body,기술특례,하나증권주식회사,IT/소프트웨어,15000,150.0,1500.0,1587.01,39.13,346.0,258.0,155.0
원티드랩,2021-08-11,코스닥,성장성/사업모델,body,기술특례(성장성),한국투자증권(주),IT/소프트웨어,35000,255.5,2468.1,1503.91,10.98,125.1,75.7,46.3
딥노이드,2021-08-17,코스닥,기술평가특례,body,기술특례,KB증권(주),IT/소프트웨어,42000,126.0,1260.0,1179.07,7.29,-4.2,-34.3,-57.0
바이젠셀,2021-08-25,코스닥,기술평가특례,body,기술특례,"대신증권(주),KB증권(주)",바이오/헬스케어,52700,994.17,9941.7,1271.21,13.61,-18.7,-53.1,-63.0
에이비온,2021-09-08,코스닥,기술평가특례,body,기술특례,,바이오/헬스케어,17000,387.6,,139.36,4.3,-0.6,-41.8,-42.5
프롬바이오,2021-09-28,코스닥,이익미실현,body,이익미실현,엔에이치투자증권(주),소비재/유통,18000,432.0,2547.9,85.71,1.45,-20.6,-49.1,-60.3
차백신연구소,2021-10-22,코스닥,기술평가특례,body,기술특례,삼성증권(주),바이오/헬스케어,11000,434.5,37078.95,206.23,1.93,-7.7,-31.1,-56.6
지니너스,2021-11-08,코스닥,기술평가특례,body,기술특례,대신증권(주),바이오/헬스케어,20000,400.0,2173.86,66.03,0.1,-36.7,-45.0,-63.6
비트나인,2021-11-10,코스닥,기술평가특례,body,기술특례,하나증권주식회사,IT/소프트웨어,11000,227.81,2278.1,1662.29,5.96,24.6,31.8,-38.8
디어유,2021-11-10,코스닥,이익미실현,body,이익미실현,한국투자증권(주),IT/소프트웨어,26000,858.0,8580.0,2001.11,37.46,172.3,73.7,-0.4
지오엘리먼트,2021-11-11,코스닥,기술평가특례,body,기술특례,엔에이치투자증권(주),기계/장비,10000,154.7,4641.0,1613.84,15.23,352.5,120.0,143.5
툴젠,2021-12-10,코스닥,기술평가특례,body,기술특례,,바이오/헬스케어,70000,700.0,,29.54,0.1,15.4,-7.4,-25.3
애드바이오텍,2022-01-24,코스닥,기술평가특례,body,기술특례,,바이오/헬스케어,,,49.48,,,,,
스코넥,2022-02-04,코스닥,기술평가특례,body,기술특례,신영증권(주),엔터/미디어/게임,13000,289.42,2894.2,1724.66,59.95,69.6,-2.3,9.6
이지트로닉스,2022-02-04,코스닥,기술평가특례,body,기술특례,엔에이치투자증권(주),2차전지/에너지,22000,435.6,1827.68,1343.51,2.94,-21.8,-33.2,-50.9
바이오에프디엔씨,2022-02-21,코스닥,기술평가특례,body,기술특례,DB증권주식회사,바이오/헬스케어,28000,364.0,2481.2,74.01,11.8,-30.9,-14.1,-35.6
퓨런티어,2022-02-23,코스닥,기술평가특례,body,기술특례,"신한투자증권 주식회사,유안타증권(주)",기계/장비,15000,240.0,2400.0,1535.42,11.08,37.3,77.0,42.3
풍원정밀,2022-02-28,코스닥,기술평가특례,body,기술특례,대신증권(주),반도체/디스플레이,15200,456.0,4560.0,1556.53,11.0,14.5,15.5,-32.5
노을,2022-03-03,코스닥,기술평가특례,body,기술특례,"한국투자증권(주),삼성증권(주)",바이오/헬스케어,10000,150.0,1950.0,31.5,0.0,-24.3,-30.2,-28.0
모아데이타,2022-03-10,코스닥,기술평가특례,body,기술특례,하나증권주식회사,IT/소프트웨어,20000,160.0,1600.0,114.19,0.87,-25.7,-34.5,56.2
비플라이소프트,2022-06-20,코스닥,기술평가특례,body,기술특례,,IT/소프트웨어,,,,111.05,0.76,,,
보로노이,2022-06-24,코스닥,기술평가특례,body,기술특례,"한국투자증권(주),미래에셋증권 주식회사",바이오/헬스케어,40000,520.0,14000.0,28.35,0.0,-5.8,-16.5,8.2
레이저쎌,2022-06-24,코스닥,기술평가특례,body,기술특례,삼성증권(주),기계/장비,16000,256.0,2560.0,1442.95,12.43,-17.2,-54.8,-33.8
넥스트칩,2022-07-01,코스닥,기술평가특례,body,기술특례,대신증권(주),반도체/디스플레이,13000,338.0,2574.0,1623.41,11.58,-5.0,-41.0,14.2
코난테크놀로지,2022-07-07,코스닥,기술평가특례,body,기술특례,한국투자증권(주),IT/소프트웨어,25000,300.0,2520.0,1482.6,7.07,3.4,9.4,175.2
영창케미칼,2022-07-14,코스닥,기술평가특례,body,기술특례,하나증권주식회사,화학/소재,18600,446.4,3720.0,1616.27,5.92,-25.3,-36.3,-27.2
성일하이텍,2022-07-28,코스닥,이익미실현,peer,이익미실현,"대신증권(주),KB증권(주)",화학/소재,50000,1335.0,10866.9,2269.68,38.66,130.2,93.6,153.4
에이프릴바이오,2022-07-28,코스닥,기술평가특례,body,기술특례,엔에이치투자증권(주),바이오/헬스케어,16000,207.36,1789.36,14.43,10.66,27.5,7.8,23.8
아이씨에이치,2022-07-29,코스닥,기술평가특례,body,기술특례,삼성증권(주),소비재/유통,34000,401.2,3519.0,57.28,12.47,-29.6,-40.5,-47.4
오픈엣지테크놀로지,2022-09-26,코스닥,이익미실현,peer,기술특례,삼성증권(주),IT/소프트웨어,10000,338.5,4650.0,44.25,15.85,-4.0,130.5,98.8
더블유씨피,2022-09-30,코스닥,이익미실현,peer,이익미실현,"신한투자증권 주식회사,KB증권(주)",2차전지/에너지,60000,4320.0,20217.91,33.28,4.24,-16.9,-28.3,-4.2
선바이오,2022-10-05,코스닥,기술평가특례,body,기술특례(성장성),,바이오/헬스케어,,,67.76,,,,,
에스비비테크,2022-10-17,코스닥,기술평가특례,body,기술특례,미래에셋증권 주식회사,기계/장비,12400,223.2,1488.0,1644.01,32.54,99.6,420.2,280.6
샤페론,2022-10-19,코스닥,기술평가특례,body,기술특례,엔에이치투자증권(주),바이오/헬스케어,5000,137.35,1184.23,26.0,5.47,61.4,23.0,-15.0
핀텔,2022-10-20,코스닥,기술평가특례,body,기술특례,대신증권(주),IT/소프트웨어,8900,178.0,1780.0,558.92,8.74,24.2,-18.0,-44.4
플라즈맵,2022-10-21,코스닥,기술평가특례,body,기술특례,미래에셋증권 주식회사,바이오/헬스케어,7000,123.97,1239.7,39.78,1.91,-2.0,-12.1,-28.3
뉴로메카,2022-11-04,코스닥,기술평가특례,body,기술특례,대신증권(주),기계/장비,16900,253.5,2535.0,1652.13,7.6,-6.2,78.1,73.7
윤성에프앤씨,2022-11-14,코스닥,이익미실현,peer,이익미실현,미래에셋증권 주식회사,화학/소재,49000,977.43,7477.4,67.49,0.14,-11.6,179.0,138.8
티에프이,2022-11-17,코스닥,기술평가특례,body,일반,IBK투자증권(주),반도체/디스플레이,10500,283.5,2835.0,1295.18,5.3,-20.9,-15.4,278.1
엔젯,2022-11-18,코스닥,기술평가특례,body,기술특례,미래에셋증권 주식회사,기계/장비,10000,210.0,1052.08,42.15,6.0,9.0,152.0,27.0
인벤티지랩,2022-11-22,코스닥,기술평가특례,body,기술특례,한국투자증권(주),바이오/헬스케어,12000,124.8,247.0,14.37,0.0,-15.4,-26.7,9.5
SAMG엔터,2022-12-06,코스닥,성장성/사업모델,body,기술특례,엔에이치투자증권(주),엔터/미디어/게임,17000,238.0,1650.4,,,86.2,58.5,33.8
티이엠씨,2023-01-19,코스닥,기술평가특례,body,기술특례,한화투자증권(주),화학/소재,28000,504.0,616.0,31.33,0.42,33.0,82.9,65.0
오브젠,2023-01-30,코스닥,기술평가특례,body,기술특례,한국투자증권(주),IT/소프트웨어,18000,139.67,6033.96,98.49,2.22,252.2,143.9,36.1
샌즈랩,2023-02-15,코스닥,기술평가특례,body,기술특례,키움증권(주),IT/소프트웨어,10500,388.5,1586.65,1325.79,1.41,57.7,-11.9,-4.2
제이오,2023-02-16,코스닥,기술평가특례,body,기술특례,한국투자증권(주),건설/인프라,13000,520.0,900.0,352.61,4.33,111.2,113.5,55.8
자람테크놀로지,2023-03-07,코스닥,기술평가특례,body,기술특례,신영증권(주),반도체/디스플레이,22000,204.6,1620.0,1702.43,11.42,119.5,34.5,105.0
지아이이노베이션,2023-03-30,코스닥,기술평가특례,body,기술특례,"엔에이치투자증권(주),하나증권주식회사,삼성증권(주)",바이오/헬스케어,13000,260.0,2600.0,26.7,0.23,52.3,96.9,94.5
마이크로투나노,2023-04-26,코스닥,기술평가특례,body,기술특례,한국투자증권(주),반도체/디스플레이,15500,155.0,641.28,1716.98,10.83,35.2,-14.6,-6.5
에스바이오메딕스,2023-05-04,코스닥,기술평가특례,body,기술특례,미래에셋증권 주식회사,바이오/헬스케어,18000,135.0,1350.0,854.29,1.94,-17.6,-59.3,103.9
씨유박스,2023-05-19,코스닥,기술평가특례,body,기술특례,"신한투자증권 주식회사,SK증권(주)",IT/소프트웨어,15000,225.0,1865.59,86.44,3.69,-18.2,-50.4,-61.8
모니터랩,2023-05-19,코스닥,기술평가특례,body,기술특례,미래에셋증권 주식회사,IT/소프트웨어,9800,196.0,1960.0,1715.41,6.06,16.9,-37.2,-36.7
큐라티스,2023-06-15,코스닥,기술평가특례,body,기술특례,"대신증권(주),신영증권(주)",바이오/헬스케어,4000,140.0,4200.0,52.89,0.0,13.0,-36.1,-67.9
프로테옴텍,2023-06-16,코스닥,기술평가특례,body,기술특례,,바이오/헬스케어,,,,94.1,21.25,,,
알멕,2023-06-30,코스닥,이익미실현,peer,이익미실현,엔에이치투자증권(주),화학/소재,50000,500.0,5000.0,1697.23,51.12,59.0,-6.9,-29.7
오픈놀,2023-06-30,코스닥,성장성/사업모델,body,기술특례,하나증권주식회사,IT/소프트웨어,10000,165.0,21916.1,510.36,0.58,-28.2,12.8,-40.6
이노시뮬레이션,2023-07-06,코스닥,기술평가특례,body,기술특례,하나증권주식회사,IT/소프트웨어,15000,135.0,1042.06,1869.47,5.98,-3.5,15.4,-47.5
센서뷰,2023-07-19,코스닥,기술평가특례,body,기술특례,삼성증권(주),화학/소재,4500,175.5,1755.0,1673.33,7.41,-8.9,26.5,-25.6
와이랩,2023-07-20,코스닥,성장성/사업모델,body,기술특례(성장성),한국투자증권(주),엔터/미디어/게임,9000,270.0,5563.6,1821.64,14.72,49.6,3.4,-9.6
버넥트,2023-07-26,코스닥,기술평가특례,body,기술특례,대신증권(주),IT/소프트웨어,16000,307.2,3072.0,1520.08,8.63,-28.2,-41.8,-69.9
파로스아이바이오,2023-07-27,코스닥,기술평가특례,body,기술특례,한국투자증권(주),바이오/헬스케어,14000,196.0,19650.12,303.31,1.32,12.5,2.1,-9.6
시지트로닉스,2023-08-03,코스닥,기술평가특례,body,기술특례,유안타증권(주),반도체/디스플레이,25000,225.0,1620.0,1703.85,5.62,-20.2,-49.1,-59.0
파두,2023-08-07,코스닥,기술평가특례,body,기술특례,"한국투자증권(주),엔에이치투자증권(주)",반도체/디스플레이,31000,1937.5,19375.0,362.9,21.87,36.9,-33.7,-44.5
큐리옥스바이오시스템즈,2023-08-10,코스닥,기술평가특례,body,기술특례,키움증권(주),바이오/헬스케어,13000,182.0,1041.43,191.61,2.63,393.9,162.3,216.1
스마트레이더시스템,2023-08-22,코스닥,기술평가특례,body,기술특례,대신증권(주),자동차/모빌리티,8000,177.6,1776.0,1813.42,6.98,148.1,71.6,-10.1
시큐레터,2023-08-24,코스닥,기술평가특례,body,기술특례,대신증권(주),IT/소프트웨어,12000,160.07,734.12,1544.73,3.14,101.3,-21.7,
아이엠티,2023-10-10,코스닥,기술평가특례,body,기술특례,유안타증권(주),기계/장비,14000,221.2,2212.0,753.5,22.2,58.2,53.9,-30.9
퀄리타스반도체,2023-10-27,코스닥,기술평가특례,body,기술특례,한국투자증권(주),반도체/디스플레이,17000,306.0,5307.03,818.52,22.25,26.5,86.8,-40.6
큐로셀,2023-11-09,코스닥,기술평가특례,body,기술특례,"미래에셋증권 주식회사,삼성증권(주)",바이오/헬스케어,20000,320.0,1224.51,20.88,4.74,20.3,64.8,47.0
컨텍,2023-11-09,코스닥,기술평가특례,body,기술특례,대신증권(주),IT/소프트웨어,22500,463.5,3168.47,198.93,1.24,-31.1,-13.2,-55.4
그린리소스,2023-11-24,코스닥,기술평가특례,body,기술특례,엔에이치투자증권(주),반도체/디스플레이,17000,278.8,2788.0,753.19,5.39,96.8,63.5,-22.6
에이텀,2023-12-01,코스닥,기술평가특례,body,기술특례,하나증권주식회사,기타,18000,117.0,1293.49,136.4,0.43,-1.9,-21.8,-67.4
와이바이오로직스,2023-12-05,코스닥,기술평가특례,body,기술특례,유안타증권(주),바이오/헬스케어,9000,135.0,1441.12,226.9,14.47,68.9,-2.2,-11.7
블루엠텍,2023-12-13,코스닥,이익미실현,peer,이익미실현,"키움증권(주),하나증권주식회사",소비재/유통,19000,266.0,2660.0,582.24,0.02,23.2,-30.5,-35.2
케이웨더,2024-02-22,코스닥,성장성/사업모델,body,기술특례,엔에이치투자증권(주),기계/장비,7000,70.0,704.66,1362.5,3.93,32.4,-40.0,-54.8
코셈,2024-02-23,코스닥,기술평가특례,body,기술특례,키움증권(주),기계/장비,16000,96.0,933.12,1267.6,10.04,45.9,-46.3,-56.8
이에이트,2024-02-23,코스닥,기술평가특례,body,기술특례,한화투자증권(주),IT/소프트웨어,20000,226.0,2260.0,630.64,2.35,7.2,-26.5,-77.0
케이엔알시스템,2024-03-07,코스닥,기술평가특례,body,기술특례,"엔에이치투자증권(주),DB증권주식회사",기계/장비,13500,284.04,1561.79,873.2,31.86,72.6,-39.0,-31.1
삼현,2024-03-21,코스닥,기술평가특례,body,기술특례,한국투자증권(주),자동차/모빌리티,30000,600.0,2117.17,649.11,10.64,16.2,-26.2,16.7
아이엠비디엑스,2024-04-03,코스닥,기술평가특례,body,기술특례,미래에셋증권 주식회사,바이오/헬스케어,13000,325.0,1858.98,865.73,4.5,30.3,34.8,-27.2
제일엠앤에스,2024-04-30,코스닥,이익미실현,peer,이익미실현,KB증권(주),기계/장비,22000,528.0,4536.81,645.91,5.49,-28.0,-50.9,
디앤디파마텍,2024-05-02,코스닥,기술평가특례,body,기술특례,한국투자증권(주),바이오/헬스케어,33000,363.0,3639.86,848.5,10.96,-13.6,32.3,80.3
민테크,2024-05-03,코스닥,기술평가특례,body,기술특례,KB증권(주),2차전지/에너지,10500,315.0,3150.0,946.72,4.23,-18.4,-41.4,-60.5
아이씨티케이,2024-05-17,코스닥,기술평가특례,body,기술특례,엔에이치투자증권(주),반도체/디스플레이,20000,394.0,2744.7,783.2,6.54,-39.1,-68.6,-22.8
라메디텍,2024-06-17,코스닥,기술평가특례,body,기술특례,대신증권(주),바이오/헬스케어,16000,207.68,1447.28,1115.44,9.93,2.4,-49.4,-49.8
씨어스테크놀로지,2024-06-19,코스닥,기술평가특례,body,기술특례,한국투자증권(주),바이오/헬스케어,17000,221.0,2187.2,1084.39,2.06,-24.5,-41.5,19.1
한중엔시에스,2024-06-24,코스닥,기술평가특례,body,기술특례,,2차전지/에너지,30000,480.0,2725.5,725.94,12.44,31.7,-25.8,-15.7
에스오에스랩,2024-06-25,코스닥,기술평가특례,body,기술특례,한국투자증권(주),자동차/모빌리티,11500,230.0,2069.08,1072.3,4.19,-33.0,5.7,24.4
에이치브이엠,2024-06-28,코스닥,기술평가특례,body,기술특례,엔에이치투자증권(주),화학/소재,18000,432.0,2210.11,837.2,0.0,-38.1,22.5,50.3
이노스페이스,2024-07-02,코스닥,기술평가특례,body,기술특례,미래에셋증권 주식회사,방산/우주항공,43300,575.89,4122.19,598.87,1.99,-44.6,-61.7,-61.5
하스,2024-07-03,코스닥,기술평가특례,body,기술특례,삼성증권(주),바이오/헬스케어,16000,289.6,1340.26,946.4,6.36,-21.5,-56.6,-48.9
엑셀세라퓨틱스,2024-07-15,코스닥,기술평가특례,body,기술특례,대신증권(주),바이오/헬스케어,10000,161.8,1137.16,1233.8,4.5,-38.0,-54.8,-68.7
피앤에스미캐닉스,2024-07-31,코스닥,기술평가특례,body,기술특례,키움증권(주),바이오/헬스케어,22000,297.0,1423.78,986.08,5.6,-38.9,-35.5,-40.9
아이빔테크놀로지,2024-08-06,코스닥,기술평가특례,body,기술특례,삼성증권(주),기계/장비,10000,223.4,1574.94,1011.5,0.49,-17.4,-51.4,-67.4
넥스트바이오메디컬,2024-08-20,코스닥,기술평가특례,body,기술특례,한국투자증권(주),바이오/헬스케어,29000,290.0,2390.09,356.95,2.18,37.2,82.4,89.7
케이쓰리아이,2024-08-20,코스닥,기술평가특례,body,기술특례,하나증권주식회사,IT/소프트웨어,15500,217.0,1214.21,239.23,1.03,-53.9,-66.8,-69.4
이엔셀,2024-08-23,코스닥,기술평가특례,body,기술특례,엔에이치투자증권(주),바이오/헬스케어,15300,239.72,1710.7,949.3,0.24,40.8,25.9,-33.2
아이언디바이스,2024-09-23,코스닥,기술평가특례,body,기술특례,대신증권(주),반도체/디스플레이,7000,210.0,992.83,1152.85,3.34,-27.0,-45.4,-47.9
셀비온,2024-10-16,코스닥,기술평가특례,body,기술특례,대신증권(주),바이오/헬스케어,15000,286.65,2009.45,1050.19,8.64,-12.7,22.5,18.1
루미르,2024-10-21,코스닥,기술평가특례,body,기술특례,엔에이치투자증권(주),방산/우주항공,12000,288.0,2303.82,13.1,0.14,-5.8,-26.8,-25.9
씨메스,2024-10-24,코스닥,기술평가특례,body,기술특례,"유진투자증권(주),삼성증권(주)",기계/장비,30000,780.0,7800.0,577.59,1.0,-47.1,-12.5,3.7
웨이비스,2024-10-25,코스닥,기술평가특례,body,기술특례,대신증권(주),반도체/디스플레이,15000,223.5,2106.05,1159.89,0.01,-47.5,-40.3,-44.5
에이치이엠파마,2024-11-05,코스닥,기술평가특례,body,기술특례,신한투자증권 주식회사,바이오/헬스케어,23000,160.31,1669.02,1220.68,0.29,-43.5,-8.0,24.6
토모큐브,2024-11-07,코스닥,기술평가특례,body,기술특례,대신증권(주),기계/장비,16000,320.0,2143.42,967.71,0.14,-21.3,29.1,168.8
에어레인,2024-11-08,코스닥,기술평가특례,body,기술특례,신영증권(주),기계/장비,23000,276.0,2477.8,1000.1,0.46,-53.2,-14.7,-20.4
노머스,2024-11-12,코스닥,이익미실현,peer,이익미실현,대신증권(주),엔터/미디어/게임,30200,341.26,3361.05,288.0,0.79,-34.9,-4.8,-19.5
닷밀,2024-11-13,코스닥,이익미실현,peer,일반,미래에셋증권 주식회사,엔터/미디어/게임,13000,156.0,1226.95,1082.35,0.22,-59.5,-48.2,-61.8
에스켐,2024-11-18,코스닥,이익미실현,peer,이익미실현,엔에이치투자증권(주),화학/소재,10000,195.0,806.31,283.9,0.82,-37.4,-50.8,-33.5
온코크로스,2024-12-18,코스닥,기술평가특례,body,기술특례,미래에셋증권 주식회사,바이오/헬스케어,7300,103.88,924.69,635.05,0.0,7.8,74.1,59.6
온코닉테라퓨틱스,2024-12-19,코스닥,기술평가특례,body,기술특례,엔에이치투자증권(주),바이오/헬스케어,13000,201.5,1504.03,198.96,3.72,13.5,79.2,476.6
쓰리에이로직스,2024-12-24,코스닥,기술평가특례,body,기술특례,"신한투자증권 주식회사,미래에셋증권 주식회사",반도체/디스플레이,11000,204.31,1059.39,129.1,0.0,-44.5,-34.6,-43.8
와이즈넛,2025-01-24,코스닥,기술평가특례,body,기술특례,삼성증권(주),IT/소프트웨어,17000,153.0,2238.98,64.85,0.32,-23.8,-16.9,-36.5
데이원컴퍼니,2025-01-24,코스닥,이익미실현,peer,이익미실현,"미래에셋증권 주식회사,삼성증권(주)",기타,13000,176.93,1813.58,114.98,0.0,-47.6,-52.5,-65.2
아이지넷,2025-02-04,코스닥,성장성/사업모델,body,기술특례(성장성),한국투자증권(주),IT/소프트웨어,7000,140.0,1098.27,1138.59,0.4,-53.6,-59.9,-71.1
아이에스티이,2025-02-12,코스닥,기술평가특례,body,기술특례,KB증권(주),반도체/디스플레이,11400,148.2,981.1,1148.16,1.69,10.1,-7.8,-4.8
오름테라퓨틱,2025-02-14,코스닥,기술평가특례,body,기술특례,한국투자증권(주),바이오/헬스케어,20000,500.0,4527.28,16.93,10.93,50.5,15.5,486.5
엠디바이스,2025-03-07,코스닥,이익미실현,peer,이익미실현,삼성증권(주),반도체/디스플레이,8350,105.21,1052.1,1366.65,4.9,9.2,26.7,221.6
심플랫폼,2025-03-21,코스닥,기술평가특례,body,기술특례,KB증권(주),IT/소프트웨어,15000,138.0,997.12,1213.84,0.31,7.5,-24.7,-46.7
쎄크,2025-04-28,코스닥,기술평가특례,body,기술특례,신영증권(주),기계/장비,15000,180.0,1323.83,1232.54,3.76,-14.1,-38.5,-5.5
나우로보틱스,2025-05-08,코스닥,기술평가특례,body,기술특례,"대신증권(주),iM증권",기계/장비,6800,170.0,893.87,1394.96,13.59,305.1,255.1,245.6
오가노이드사이언스,2025-05-09,코스닥,기술평가특례,body,기술특례,한국투자증권(주),바이오/헬스케어,21000,252.0,1165.29,1066.9,6.33,54.5,61.4,6.7
로킷헬스케어,2025-05-12,코스닥,기술평가특례,body,기술특례,SK증권(주),바이오/헬스케어,11000,171.6,1784.05,368.45,8.51,56.6,261.4,550.0
이뮨온시아,2025-05-19,코스닥,기술평가특례,body,기술특례,한국투자증권(주),바이오/헬스케어,3600,329.06,2297.15,897.45,8.22,50.3,58.9,58.9
링크솔루션,2025-06-10,코스닥,기술평가특례,body,기술특례,신영증권(주),기계/장비,23000,207.0,1335.48,1159.43,1.83,-24.9,63.5,90.0
지씨지놈,2025-06-11,코스닥,기술평가특례,body,기술특례,삼성증권(주),바이오/헬스케어,10500,420.0,4200.0,,,-16.8,-25.8,-47.0
뉴엔AI,2025-07-04,코스닥,기술평가특례,body,기술특례,엔에이치투자증권(주),IT/소프트웨어,15000,333.0,3330.0,,,108.7,14.7,-49.1
프로티나,2025-07-29,코스닥,기술평가특례,body,기술특례,한국투자증권(주),바이오/헬스케어,14000,210.0,1601.03,1199.2,8.11,11.0,495.0,
아이티켐,2025-08-07,코스닥,이익미실현,peer,이익미실현,KB증권(주),바이오/헬스케어,16100,322.0,2108.21,1157.98,23.83,21.3,126.7,
지투지바이오,2025-08-14,코스닥,기술평가특례,body,기술특례,미래에셋증권 주식회사,바이오/헬스케어,58000,522.0,3241.71,810.6,15.64,186.0,345.1,
에스투더블유,2025-09-19,코스닥,기술평가특례,body,기술특례,대신증권(주),IT/소프트웨어,13200,208.56,1459.7,1145.4,22.86,56.4,10.0,
노타,2025-11-03,코스닥,기술평가특례,body,기술특례,미래에셋증권 주식회사,IT/소프트웨어,9100,265.36,1956.57,1058.2,59.75,385.7,294.0,
큐리오시스,2025-11-13,코스닥,기술평가특례,body,기술특례,키움증권(주),기계/장비,22000,264.0,1692.21,1031.39,55.67,,146.4,
그린광학,2025-11-17,코스닥,기술평가특례,body,기술특례,신영증권(주),기계/장비,16000,320.0,1872.41,962.34,65.43,13.2,76.2,
비츠로넥스텍,2025-11-21,코스닥,기술평가특례,body,기술특례,엔에이치투자증권(주),방산/우주항공,6900,303.6,1999.37,1015.93,29.76,46.4,122.2,
에임드바이오,2025-12-04,코스닥,기술평가특례,body,기술특례,미래에셋증권 주식회사,바이오/헬스케어,11000,707.3,7321.73,671.98,74.22,410.0,151.8,
테라뷰,2025-12-09,코스닥,기술평가특례,body,기술특례,,기계/장비,8000,400.0,4000.0,,,,,
이지스,2025-12-11,코스닥,기술평가특례,body,기술특례,엔에이치투자증권(주),IT/소프트웨어,15000,225.0,1578.76,1109.86,6.31,-26.4,-69.7,
쿼드메디슨,2025-12-12,코스닥,기술평가특례,body,기술특례,엔에이치투자증권(주),바이오/헬스케어,15000,255.0,1763.16,1139.61,17.82,-11.1,-48.0,
나라스페이스테크놀로지,2025-12-17,코스닥,기술평가특례,body,기술특례,삼성증권(주),방산/우주항공,16500,283.8,1942.8,879.08,5.53,85.8,28.5,
리브스메드,2025-12-24,코스닥,기술평가특례,body,기술특례,"미래에셋증권 주식회사,삼성증권(주)",바이오/헬스케어,55000,1358.5,14255.86,231.87,17.12,13.1,-33.1,
세미파이브,2025-12-29,코스닥,이익미실현,peer,이익미실현,"삼성증권(주),유비에스증권 리미티드 서울지점",건설/인프라,24000,1296.0,8860.74,436.89,43.93,18.3,-13.5,
카나프테라퓨틱스,2026-03-16,코스닥,기술평가특례,body,기술특례,한국투자증권(주),바이오/헬스케어,20000,400.0,2697.91,962.1,76.1,86.5,,
아이엠바이오로직스,2026-03-20,코스닥,기술평가특례,body,기술특례,"신한투자증권 주식회사,한국투자증권(주)",바이오/헬스케어,26000,520.0,2887.2,839.23,76.01,135.4,,
리센스메디컬,2026-03-31,코스닥,기술평가특례,body,기술특례,"한국투자증권(주),KB증권(주)",바이오/헬스케어,11000,154.0,1233.47,1352.63,63.92,176.4,,
인벤테라,2026-04-02,코스닥,기술평가특례,body,기술특례,"유진투자증권(주),엔에이치투자증권(주)",바이오/헬스케어,16600,195.88,1422.64,1328.82,43.06,38.0,,
채비,2026-04-29,코스닥,이익미실현,body,이익미실현,"대신증권(주),하나증권주식회사,삼성증권(주),KB증권(주)",2차전지/에너지,12300,1107.0,6127.65,55.23,6.49,-11.7,,
코스모로보틱스,2026-05-11,코스닥,기술평가특례,body,기술특례,"유진투자증권(주),엔에이치투자증권(주)",바이오/헬스케어,6000,250.2,1961.98,1140.11,73.03,338.3,,
마키나락스,2026-05-20,코스닥,기술평가특례,body,기술특례,미래에셋증권 주식회사,IT/소프트웨어,15000,395.25,2738.31,1196.08,78.17,27.1,,
져스텍,2026-06-29,코스닥,기술평가특례,body,기술특례,삼성증권(주),2차전지/에너지,12500,200.0,1556.86,1294.99,47.2,,,
스트라드비젼,2026-06-30,코스닥,기술평가특례,body,기술특례,KB증권(주),IT/소프트웨어,12000,840.0,6660.41,381.3,2.77,,,
매드업,2026-07-01,코스닥,기술평가특례,body,이익미실현,미래에셋증권 주식회사,기타,8000,160.0,1513.62,1396.29,27.39,,,
