회사명,상장일,시장구분,재분류,기존분류,대표주관회사,산업분류,확정공모가,공모금액_억원,시가총액_억원,기관경쟁률,확약비율,수익률_1M,수익률_6M,수익률_1Y,근거문구
선바이오,2016-01-22,코넥스,기술평가특례,(NULL),하나증권(주),바이오/헬스케어,,,67.76,,,,,,"평가기관 평가대상기술명 평가결과 평가일 성장성 기반기업 기술보증기금 다양한 PEG유도체 소재, PEGylation 핵심기술 기술평가등급 AA 21.05.10 한국기업데이터 생체고분자 PEG 유도체 소재, PEGyla"
큐리언트,2016-02-29,코스닥,기술평가특례,일반,한국투자증권(주),바이오/헬스케어,21000,325.08,1274.95,709.15,35.24,110.0,118.6,13.8,당사는 코스닥시장 상장규정에 의한 기술성장기업으로서 신규상장일이 속하는 사업연도를 포함하여(상장일부터 상장일이 속한 사업연도의 말일까지의 기간이 3월 미만인 경우에는 그 다음 사업연도) 연속하는 3개 사업연도에 대해
오스테오닉,2016-05-04,코넥스,기술평가특례,(NULL),키움증권(주),바이오/헬스케어,,,14322.06,,,,,,당사가 벤처기업 특례 요건이 적용됨에도 기술성장기업 특례로 심사 승인을 통과한 이유는 당사의 기술적 우수성 및 이에 기반한 성장성을 인정받고자 기술특례를통하여 상장 승인을 득
지노믹트리,2016-07-19,코넥스,기술평가특례,(NULL),키움증권(주),바이오/헬스케어,,,104760.03,,,,,,"외부 전문평가기관(2개 기관)으로부터 사전 기술평가를 받아야하며, 당사는 한국생명공학연구원과 이크레더블로부터 각각 'KRX 기술평가등급 A, A'를 득하였습니다. 상장예비심사를 청구하는 기업의 유형별 외형요건은 아래"
피엔에이치테크,2016-08-16,코넥스,기술평가특례,(NULL),한국투자증권(주),화학/소재,,,,,,,,,"2 공통층재료 상용화 진행 2015.07 특허재료(정공수송층) 양산시작 2015.10 진천 공장 완공 및 가동 2015.11 기술평가등급 2곳 모두 ""A""획득(한국기업데어타 & 기술보증기금) 2016.04 기관투자유"
로고스바이오,2016-11-03,코스닥,기술평가특례,기술특례,신한투자증권 주식회사,기계/장비,25500,180.56,1443.3,,,-30.2,-41.8,-50.4,"해서는 외부 전문평가기관(2개 기관)으로부터 사전 기술평가를 받아야하며, 당사는 한국기업데이터와 기술보증기금으로부터 'KRX 기술평가등급 A'를 득하였습니다. 상장예비심사를 청구하는 기업의 유형별 외형요건은 아래와 "
수젠텍,2016-11-11,코넥스,기술평가특례,(NULL),한국투자증권(주),바이오/헬스케어,,,,,,,,,당사는 코스닥시장 상장규정에 의거 전문평가기관이 당사의 기술 등을 평가하여 평가결과가 일정 등급 이상일 경우 적용 되는 기술성장기업 특례를 적용 받
비플라이소프트,2016-11-16,코스닥,기술평가특례,(NULL),아이비케이투자증권(주),IT/소프트웨어,,,,111.05,0.76,,,,"당사는 코스닥시장 상장요건 중 전문평가기관의 기술 등에 대한 평가를 받아 2개 기관(한국기업데이터, 나이스평가정보)으로부터 A, BBB 등급을 취득한 기술력과 성장성이 인정되는 기업인 기술성장기업(기술 특례상장)으로"
신라젠,2016-12-06,코스닥,기술평가특례,기술특례,"엔에이치투자증권(주),하나증권주식회사,DB증권주식회사",바이오/헬스케어,15000,1500.0,15000.0,74.98,0.0,-15.0,-15.3,515.3,당사는 기술성장기업으로서 일반 코스닥 상장기업에 비하여 완화된 관리종목 지정기준을 적용 받
유바이오로직스,2017-01-24,코스닥,기술평가특례,기술특례,한국투자증권(주),바이오/헬스케어,6000,192.0,3581.1,31.09,0.0,-29.3,-17.2,25.8,"당사는 코스닥시장 상장규정 제2조 제31항에 의한 기술성장기업으로, 동 규정 제6조의 신규상장 심사요건 중 제1항 제4호의 자본상태 요건을 일부 완화 적용받"
티에스아이,2017-10-30,코넥스,이익미실현,(NULL),한국투자증권(주),기계/장비,,,14959.56,,,,,,"조 제1항 제6호의 경영성과 및 시장평가 등 요건 중 가.목의 수익성 또는 매출액 관련 요건을 충족하지 못하였으며, 이에 따라 나.목의 시장평가 또는 성장성 충족(이익미실현기업의 상장)에 관한 요건을 적용받아 금번 "
카페24,2018-02-08,코스닥,이익미실현,이익미실현,"미래에셋증권 주식회사,유안타증권(주),한화투자증권(주)",IT/소프트웨어,57000,513.0,10260.0,672.71,42.9,56.3,180.7,96.8,당사는 성장성 있는 기업이라면 생산기반 확충 등을 위한 투자가 지속되어 이익미실현(적자) 상태에 있더라도 코스닥 시장에 진입할 수 있도록 신설된 「코스닥시장 상장규정」 상 이익미실현기업 상장요건을 적용받
아시아종묘,2018-02-12,코스닥,기술평가특례,일반,,소비재/유통,4500,42.75,450.0,239.52,4.39,-6.0,14.0,137.8,"당사는 『코스닥시장 상장규정』제7조 제2항에 의하여 상장되는 기술성장기업으로 동 규정 제28조(관리종목) 제1항 제2호 및 제3호, 제38조(상장의 폐지) 제1항 제4호 및 제4의2호에 따라 관리종목 지정과 상장폐지"
엔지켐생명과학,2018-02-21,코스닥,기술평가특례,기술특례,,바이오/헬스케어,56000,431.2,,258.68,13.25,101.6,60.0,71.2,당사는 코스닥시장 상장규정 제2조 제31항에 따른 기술성장기업으로서 상장 후 경영실적 및 재무상태 관련 관리종목 지정 요건 중 일부에 대하여 일반기업 대비 완화된 기준을 적용받
오스테오닉,2018-02-22,코스닥,기술평가특례,기술특례,,바이오/헬스케어,,,14322.06,,,,,,당사가 벤처기업 특례 요건이 적용됨에도 기술성장기업 특례로 심사 승인을 통과한 이유는 당사의 기술적 우수성 및 이에 기반한 성장성을 인정받고자 기술특례를통하여 상장 승인을 득
에코마이스터,2018-03-15,코스닥,기술평가특례,기술특례,"대신증권(주),한화투자증권(주)",기계/장비,5200,69.68,697.28,15.54,0.0,16.0,147.1,36.3,"""기술혁신형 중소기업' 인증 06 코스닥시장 기술성장기업 상장을 위한 기술평가신청 07 코스닥시장 기술성장기업 상장을 위한 기술평가등급 획득 07 ㈜에코마이스터 화전공장 설치(태웅 슬래그 재활용 운영 및 처리계약 체"
EDGC,2018-06-26,코스닥,기술평가특례,일반,SK증권(주),바이오/헬스케어,6500,468.0,4680.0,,,-14.8,-24.4,0.1,"당사는 『코스닥시장 상장규정』제7조 제2항에 의하여 상장되는 기술성장기업으로 동 규정 제28조(관리종목) 제1항 제2호 및 제3호, 제38조(상장의 폐지) 제1항 제4호 및 제4의2호에 따라 관리종목 지정과 상장폐지"
아이큐어,2018-07-12,코스닥,기술평가특례,기술특례,키움증권(주),바이오/헬스케어,65000,780.0,50160.04,642.1,5.08,-33.1,-50.4,-53.2,"외부 전문평가기관(2개 기관)으로부터 사전 기술평가를 받아야하며, 당사는 이크레더블(주)와 한국보건산업진흥원으로부터 'KRX 기술평가등급 A, BBB'를 득하였습니다. 상장예비심사를 청구하는 기업의 유형별 외형요건은"
올릭스,2018-07-18,코스닥,기술평가특례,기술특례,엔에이치투자증권(주),바이오/헬스케어,36000,432.0,4320.0,876.72,74.03,23.6,61.9,17.9,"당사는 『코스닥시장 상장규정』제7조 제2항에 의하여 상장되는 기술성장기업으로 동 규정 제28조(관리종목) 제1항 제2호 및 제3호, 제38조(상장의 폐지) 제1항 제4호 및 제4의2호에 따라 관리종목 지정과 상장폐지"
리메드,2018-08-14,코넥스,이익미실현,(NULL),한국투자증권(주),바이오/헬스케어,,,,,,,,,"부정적인 영향을 미칠 수 있으니 투자에 유의하시기 바랍니다 . 마. 공모가액 산출 관련 위험 당사는 「코스닥시장 상장규정」 제6조 제1항 제6호 나목 에 의한 이익미실현 요건에 충족하는 기업으로, 상장예비심사 외형요"
바이오솔루션,2018-08-20,코스닥,기술평가특례,기술특례,한국투자증권(주),바이오/헬스케어,29000,435.0,2374.41,174.79,5.04,60.3,53.4,-20.9,"회사: 이정선 대표이사, 윤정현 대표이사, 김동룡 이사, 윤은경 부장 3. 내용 1) 2018년 정기주주총회 안건 확인 2) 기술평가 등급 확인 및 상장 계획 검토 3) 상장 제도 변경안 검토 2018.04.11 상"
로보티즈,2018-10-26,코스닥,기술평가특례,일반,미래에셋증권 주식회사,기계/장비,14000,238.0,2380.0,958.6,39.8,21.1,34.3,-17.1,"서는 외부 전문평가기관(2개 기관)으로부터 사전 기술평가를 받아야하며, 당사는 이크레더블과 정보통신기술진흥센터로부터 'KRX 기술평가등급 A, A'를 득하였습니다. 아래와 같이 상장예비심사를 청구하는 기업의 유형별 "
옵티팜,2018-10-26,코스닥,기술평가특례,기술특례,엔에이치투자증권(주),바이오/헬스케어,10000,294.59,2200.0,94.57,11.6,1.0,20.0,-3.5,"성장특례를 적용받은 기업으로서 일반기업에 비해 완화된 상장심사요건을 적용 받았으며, 기술보증기금과 나이스디앤비로부터 'KRX 기술평가등급 A, BBB'를 득하였습니다. 당사는 현재 보유하고 있는 이종장기 기술 및 V"
셀리버리,2018-11-09,코스닥,성장성/사업모델,기술특례(성장성),DB증권주식회사,바이오/헬스케어,25000,285.0,2850.0,698.98,16.8,4.4,144.0,64.6,당사는 코스닥시장 상장요건 중 상장주선인이 성장성을 평가하여 추천한 중소기업 에 해당하는
티앤알바이오팹,2018-11-28,코스닥,기술평가특례,기술특례,키움증권(주),바이오/헬스케어,18000,216.0,1533.63,101.9,1.0,-53.0,0.3,-44.2,"를 적용받은 기업으로서 일반기업에 비해 완화된 상장심사요건을 적용 받았으며, 한국기업데이터와 나이스디앤비로부터 각각 'KRX 기술평가등급 A, A'를 득하였습니다. 당사는 현재 보유하고 있는 3D 바이오프린팅 플랫폼"
전진바이오팜,2018-12-14,코스닥,기술평가특례,기술특례,미래에셋증권 주식회사,화학/소재,10000,50.0,500.0,14.69,27.2,-2.0,50.5,-27.5,평가기관(2개 기관)으로부터 기술평가를 받은 바 있습니다. 이와 관련하여 당사는 이크레더블과 나이스평가정보로부터 각각 KRX 기술평가등급 A 및 BBB를 득하였습니다. 당사는 천연소재를 활용하여 유해생물 퇴치산업의 
에이비엘바이오,2018-12-19,코스닥,기술평가특례,기술특례,한국투자증권(주),바이오/헬스케어,15000,900.0,6795.5,60.08,10.99,12.3,92.0,31.3,018.07.26 I-MAB사와 기술도입 계약 체결 2018.07.30 TRIGR사와 기술이전 계약 체결 2018.08.20 기술평가 등급 획득 2018.09.05 2018년도 바이오 혁신성장기업 장관상 수상(산업자
프로테옴텍,2018-12-19,코스닥,기술평가특례,(NULL),키움증권(주),바이오/헬스케어,,,,94.1,21.25,,,,"당사는 「코스닥시장 상장규정」 제30조 제1항에서 정하는 기술성장기업에 해당하고, 코스닥이전상장이므로 제88조에 따른 상장심사수수료 및 상장수수료 면제 대상에 해당합니다"
유틸렉스,2018-12-24,코스닥,기술평가특례,기술특례,엔에이치투자증권(주),바이오/헬스케어,50000,363.5,3977.53,597.2,18.63,67.0,77.4,32.4,"당사는 『코스닥시장 상장규정』제7조 제2항에 의하여 상장되는 기술성장기업으로 동 규정 제38조(상장의 폐지) 제1항 제4호 및 제4의2호에 따라 상장폐지 요건 중 매출액, 법인세비용차감전계속사업손실 요건은 신규상장일"
비피도,2018-12-26,코스닥,기술평가특례,기술특례,한국투자증권(주),소비재/유통,18000,73.8,906.1,74.62,0.0,31.1,61.4,31.1,"부 전문평가기관(2개 기관)으로부터 사전 기술평가를 받아야하며, 당사는 한국과학기술정보연구원과 NICE평가정보로부터 'KRX 기술평가등급 A, A'를 득하였습니다. 상장예비심사를 청구하는 기업의 유형별 외형요건은 아"
지놈앤컴퍼니,2018-12-26,코넥스,기술평가특례,(NULL),한국투자증권(주),바이오/헬스케어,,,,,,,,,시장규모 및 성장잠재력과 기술제품의 경쟁력 감안 시 전반적인 시장성은 양호한 수준인 것으로 평가됨. 이에 따라 동사의 최종 기술평가등급은 장래 환경변화에 다소 영향을 받을 수는 있으나 우수한 기술력을 보유한 BBB 
지노믹트리,2019-03-27,코스닥,기술평가특례,기술특례,,바이오/헬스케어,,,104760.03,,,,,,"외부 전문평가기관(2개 기관)으로부터 사전 기술평가를 받아야하며, 당사는 한국생명공학연구원과 이크레더블로부터 각각 'KRX 기술평가등급 A, A'를 득하였습니다. 상장예비심사를 청구하는 기업의 유형별 외형요건은 아래"
다원넥스뷰,2019-05-21,코넥스,기술평가특례,(NULL),신한투자증권(주),기계/장비,,,,,,,,,"/서비스의 사업화 수준 , 제품 /서비스의 경쟁력을 감안 시 시장성은 보통 이상 수준으로 평가됨 . 이에 따라 동사의 최종 기술평가등급은 기술력이 동종기업 대비 다소 높고 기술환경변화에 보통의 영향을 받을 수 있는 "
수젠텍,2019-05-28,코스닥,기술평가특례,기술특례,,바이오/헬스케어,,,,,,,,,당사는 코스닥시장 상장규정에 의거 전문평가기관이 당사의 기술 등을 평가하여 평가결과가 일정 등급 이상일 경우 적용 되는 기술성장기업 특례를 적용 받
압타바이오,2019-06-12,코스닥,기술평가특례,기술특례,"미래에셋증권 주식회사,삼성증권(주)",바이오/헬스케어,30000,654.0,4030.77,856.41,35.1,-32.3,-34.2,-11.3,당사는 『코스닥시장 상장규정 』제7조 제2항에 의하여 상장되는 기술성장기업으로 동 규정 제38조(상 장의 폐지) 제1항 제4호 및 제4의2호에 따라 상장폐지 요건 중 매출 액 요건은 신규상장일이 속하는 사업연도를 포
플리토,2019-07-17,코스닥,성장성/사업모델,기술특례,한국투자증권(주),IT/소프트웨어,26000,383.11,1231.06,1133.0,22.0,-15.8,-23.3,-47.5,"는 외부 전문평가기관(2개 기관)으로부터 사전에 사업모델평가를 받아야하며, 당사는 기술보증기금과 한국기업데이터로부터 'KRX 사업평가등급 A, A'를 득하였습니다. 상장예비심사를 청구하는 기업의 유형별 외형요건은 아"
라닉스,2019-09-18,코스닥,성장성/사업모델,기술특례(성장성),한국투자증권(주),반도체/디스플레이,6000,96.0,575.73,51.68,0.0,46.7,19.3,20.2,당사는 코스닥시장 상장요건 중 상장주선인이 성장성을 평가하여 추천한 중소기업에 해당하는
올리패스,2019-09-20,코스닥,성장성/사업모델,기술특례(성장성),"미래에셋증권 주식회사,키움증권(주)",바이오/헬스케어,20000,140.0,3382.72,11.07,0.4,-5.8,-52.2,-20.8,당사는 코스닥시장 상장요건 중 상장주선인이 성장성을 평가하여 추천한 중소기업에 해당하는
엔바이오니아,2019-10-24,코스닥,성장성/사업모델,기술특례,미래에셋증권 주식회사,소비재/유통,8200,91.02,910.2,425.8,3.8,-2.2,-33.0,-2.9,"하여 아래 절차에 따라 한국거래소가 지정한 평가기관인 한국기업데이터와 기술보증기금으로부터 약 1개월간 평가를 받고, 'KRX 사업평가등급 A, A'를 득하였습니다.한편, 상장예비심사를 청구하는 기업의 유형별 외형요건"
캐리소프트,2019-10-29,코스닥,성장성/사업모델,기술특례,미래에셋증권 주식회사,엔터/미디어/게임,9000,81.9,819.0,924.83,2.7,13.9,-44.8,-52.8,"여 아래 절차에 따라 한국거래소가 지정한 평가기관인 한국기업데이터와 NICE평가정보로부터 약 1개월간 평가를 받고, 'KRX 사업평가등급 AA, A'를 득하였습니다. [기술성장기업 기술(또는 사업모델) 평가 절차] "
라파스,2019-11-11,코스닥,성장성/사업모델,기술특례(성장성),DB증권주식회사,화학/소재,20000,256.0,320.0,202.06,0.0,-24.0,-26.0,-0.5,당사는 코스닥시장 상장요건 중 상장주선인이 성장성을 평가하여 추천한 중소기업에 해당하는
제테마,2019-11-14,코스닥,이익미실현,이익미실현,한국투자증권(주),바이오/헬스케어,21000,201.6,1853.04,12.41,0.0,-9.1,31.9,128.6,"우 당사의 경영안정성이 저하될 위험이 존재합니다. 기타 투자위험 가. 공모가액 산출 관련 위험 당사는 「코스닥시장 상장규정」 제6조 제1항 제6호 나목 에 의한 이익미실현 요건에 충족하는 기업으로, 상장예비심사 외형"
티움바이오,2019-11-22,코스닥,기술평가특례,기술특례,키움증권(주),바이오/헬스케어,12000,300.0,2820.38,37.3,0.0,40.8,19.6,37.5,"당사는 『코스닥시장 상장규정』제7조 제2항에 의하여 상장되는 기술성장기업으로 동 규정 제28조(관리종목) 제1항 제2호 및 제3호, 제38조(상장의 폐지) 제1항 제4호 및 제4의2호에 따라 관리종목 지정과 상장폐지"
리메드,2019-12-06,코스닥,이익미실현,이익미실현,,바이오/헬스케어,,,,,,,,,"부정적인 영향을 미칠 수 있으니 투자에 유의하시기 바랍니다 . 마. 공모가액 산출 관련 위험 당사는 「코스닥시장 상장규정」 제6조 제1항 제6호 나목 에 의한 이익미실현 요건에 충족하는 기업으로, 상장예비심사 외형요"
제이엘케이인스펙션,2019-12-11,코스닥,기술평가특례,기술특례,한국투자증권(주),IT/소프트웨어,9000,180.0,1442.94,69.81,0.0,-10.3,-13.1,29.4,당사는 코스닥시장 상장규정에 의거 전문평가기관이 당사의 기술 등을 평가하여 평가결과가 일정 등급 이상일 경우 적용 되는 기술성장기업 특례를 적용 받
메드팩토,2019-12-19,코스닥,기술평가특례,기술특례,삼성증권(주),바이오/헬스케어,40000,604.4,12378.06,86.41,13.83,-1.1,188.0,420.5,"당사는 『코스닥시장 상장규정』제7조 제2항에 의하여 상장되는 기술성장기업으로 동 규정 제28조(관리종목) 제1항 제2호 및 제3호, 제38조(상장의 폐지) 제1항 제4호 및 제4의2호에 따라 관리종목 지정과 상장폐지"
브릿지바이오,2019-12-20,코스닥,성장성/사업모델,기술특례(성장성),"대신증권(주),KB증권(주)",바이오/헬스케어,60000,420.0,4065.03,,,-6.8,-28.7,-27.6,"당사는 코스닥시장 상장요건 중 상장주선인이 성장성을 평가하여 추천한 기술성장기업(성장성 특례상장)으로서, 통상 기술성장기업특례의 적용을 받"
애드바이오텍,2019-12-24,코넥스,기술평가특례,(NULL),대신증권(주),바이오/헬스케어,,,49.48,,,,,,"(소재부품장비 기술개발) 2020.12 중소벤처기업부 장관표창(벤처기업진흥 유공) 2020.12 코스닥시장 상장 추진을 위한 기술평가 등급 수령 (한국기업데이터A, 농업실용화재단BBB) 2021.02 지식재산 경영인"
천랩,2019-12-26,코스닥,기술평가특례,기술특례(성장성),한국투자증권(주),바이오/헬스케어,40000,172.0,1571.1,51.11,0.0,-13.0,15.9,0.3,"전문평가기관(2개 기관)으로부터 사전 기술평가를 받아야하며, 당사는 이크레더블 및 한국과학기술정보연구원으로부터 각각 'KRX 기술평가등급 AA, BBB'를 득하였습니다. 상장예비심사를 청구하는 기업의 유형별 외형요건"
서남,2020-02-20,코스닥,기술평가특례,기술특례,한국투자증권(주),화학/소재,3100,108.5,671.57,1228.4,5.21,-40.2,13.9,18.4,"시장 선점 및 점유율 확대를 위해 기술제품의 경쟁력을 지속 개선할 필요가 있음- 상기의 평가결과를 종합하여 볼 때, ㈜서남의 기술평가등급은 높은 수준의 기술력을 가진 기업 수준인 “A”에 해당하는 것으로 평가함 NI"
레몬,2020-02-28,코스닥,기술평가특례,기술특례,미래에셋증권 주식회사,화학/소재,7200,295.2,5904.0,426.0,6.3,18.1,173.6,26.7,"절 차에 따라 한국거래소가 지정한 평가기관인 NICE평가정보와 한국전자통신연구원으로부터 약 1개월간 평가를 받고, 'KRX 기술평가등급 A, A'를 득 하였습니다. 한편, 상장예비심사를 청구하는 기업의 유형별 외형요"
켄코아에어로스페이스,2020-03-03,코스닥,이익미실현,이익미실현,엔에이치투자증권(주),방산/우주항공,10000,131.4,1178.41,120.75,2.55,-40.1,-24.0,26.5,"회하는 가격으로 보상받을 수 있는 위험이 존재합니다. 다. 공모가 산정방식의 한계에 따른 위험 당사는 「코스닥시장 상장규정」 제6조 제1항 제6호 나목 에 의한 이익미실현 요건에 충족하는 기업으로, 상장예비심사 외형"
에스씨엠생명과학,2020-06-17,코스닥,기술평가특례,기술특례,한국투자증권(주),바이오/헬스케어,17000,306.0,2138.85,1032.17,7.7,52.9,104.1,86.5,". 이를 종합적으로 고려할 시, 동사는 우수한 기술력을 보유한 기업이나 장래의 환경변화에 다소 영향을 받을 수 있는 기업으로 기술평가등급 ‘BBB’로 의견 제시한다. &cr;한편, 상장예비심사를 청구하는 기업의 유형"
젠큐릭스,2020-06-25,코스닥,기술평가특례,기술특례,,바이오/헬스케어,22700,181.6,227.0,77.03,0.0,-30.2,-22.7,0.9,"당사는 『코스닥시장 상장규정』제7조 제2항에 의하여 상장되는 기술성장기업으로 동 규정 제28조(관리종목) 제1항 제2호 및 제3호, 제38조(상장의 폐지) 제1항 제4호 및 제4의2호에 따라 관리종목 지정과 상장폐지"
소마젠,2020-07-13,코스닥,기술평가특례,기술특례,,바이오/헬스케어,11000,462.0,4620.0,69.46,0.0,54.1,65.0,24.1,"당사는 『코스닥시장 상장규정』제7조 제2항에 의하여 상장되는 기술성장기업으로 동 규정 제28조(관리종목) 제1항 제2호 및 제3호, 제38조(상장의 폐지) 제1항 제4호 및 제4의2호에 따라 관리종목 지정과 상장폐지"
티에스아이,2020-07-22,코스닥,이익미실현,일반,,기계/장비,,,14959.56,,,,,,"조 제1항 제6호의 경영성과 및 시장평가 등 요건 중 가.목의 수익성 또는 매출액 관련 요건을 충족하지 못하였으며, 이에 따라 나.목의 시장평가 또는 성장성 충족(이익미실현기업의 상장)에 관한 요건을 적용받아 금번 "
솔트룩스,2020-07-23,코스닥,기술평가특례,기술특례(성장성),한국투자증권(주),IT/소프트웨어,25000,187.5,1279.68,528.17,5.58,14.2,40.0,24.6,"회사: 장우석 팀장, 신지웅 과장, 박세훈 과장, 최재혁 대리 - 발행회사: 이경일 대표이사, 권혁일 이사 3. 내용 (1) 기술평가 등급 확보에 따른 청구 등 향후 일정 점검 (2) 내부통제시스템 정비상황 점검 2"
제놀루션,2020-07-24,코스닥,기술평가특례,기술특례,,바이오/헬스케어,14000,112.0,1120.0,1161.09,21.36,123.9,86.4,164.6,"당사는 『코스닥시장 상장규정』제7조 제2항에 의하여 상장되는 기술성장기업으로 동 규정 제28조(관리종목) 제1항 제2호 및 제3호, 제38조(상장의 폐지) 제1항 제4호 및 제4의2호에 따라 관리종목 지정과 상장폐지"
셀레믹스,2020-08-21,코스닥,기술평가특례,기술특례(성장성),대신증권(주),바이오/헬스케어,20000,264.0,5280.0,1203.41,5.41,21.5,21.8,-3.8,당사는 코스닥시장 상장요건 중 기술성장기업 중 ‘성장성추천’ 적용 기업으로 상장예비심사 승인을 득
이오플로우,2020-09-14,코스닥,기술평가특례,기술특례(성장성),하나증권주식회사,바이오/헬스케어,19000,266.0,5400.0,150.87,14.83,134.2,247.4,170.5,업무 소개 - 성장성 특례제도를 통한 코스닥시장 상장 검토 (2) 성장성 특례제도 상장주선인 요건 검토 (3) 07월 05일 기술평가 등급 수령(한국기업데이터 : A) 2019.07.09 ~ 2019.07.12 ■ 
압타머사이언스,2020-09-16,코스닥,성장성/사업모델,기술특례(성장성),키움증권(주),바이오/헬스케어,25000,325.0,2231.53,830.32,3.27,-19.4,-8.4,0.8,당사는 코스닥시장 상장요건 중 상장주선인이 성장성을 평가하여 추천한 중소기업에 해당하는
박셀바이오,2020-09-22,코스닥,기술평가특례,기술특례,하나증권주식회사,바이오/헬스케어,30000,295.55,2310.0,94.18,11.68,-18.0,721.4,426.7,"평가대상기업은 의사 출신 공동창업자(이준행,이제중)가 국가연구과제 수행성과를 바탕으로 설립한 연구개발 중심의 바이오기업임. 기술평가등급은 A등급으로 높은 수준의 기술력을 가진 기업(장래 환경변화에 크게 영향을 받지 "
넥스틴,2020-10-08,코스닥,기술평가특례,기술특례,KB증권(주),기계/장비,75400,241.28,,30.25,23.3,5.2,211.7,123.1,제조사의 국산화 정책과 세계 무역 동향 등을 고려할 경우 보유 기술력에 기반한 지속적인 수주 물량 확보 가능성이 높음에 따라 기술평가등급은 A 로 판단됨. &cr; 처. 주가의 일일가격제한폭 확대에 따른 가격변동 위
피플바이오,2020-10-19,코스닥,기술평가특례,기술특례,키움증권(주),바이오/헬스케어,20000,100.0,1180.49,40.4,0.0,116.8,114.5,48.2,"당사는 『코스닥시장 상장규정』제7조 제2항에 의하여 상장되는 기술성장기업으로 동 규정 제28조(관리종목) 제1항 제2호 및 제3호, 제38조(상장의 폐지) 제1항 제4호 및 제4의2호에 따라 관리종목 지정과 상장폐지"
바이브컴퍼니,2020-10-28,코스닥,기술평가특례,기술특례(성장성),한국투자증권(주),IT/소프트웨어,28000,182.0,14560.02,1221.45,7.96,26.1,12.3,31.1,모 및 성장잠재력과 기술제품의 경쟁력 을 감안 시 전반적인 시장성은 보통 이상 수준인 것으로 평가됨. 이에 따라 동사의 최종 기술평가등급은 높은 수준의 기술력을 가진 기업으로 장래 환경변화에 크게 영향을 받지 않을 
센코,2020-10-29,코스닥,기술평가특례,기술특례,한국투자증권(주),기계/장비,13000,209.56,37310.01,848.37,2.2,113.1,65.4,64.6,"적으로 개발ㆍ생산하면서확보한 기술력을 바탕으로 해외 유수의 업체와 시장에서 경쟁하고 있는 점을 고려하여 종합적으로 판단할 때 기술평가등급은 [A]로 평가됨. &cr;한편, 상장예비심사를 청구하는 기업의 유형별 외형요"
고바이오랩,2020-11-18,코스닥,기술평가특례,기술특례(성장성),"대신증권(주),삼성증권(주)",바이오/헬스케어,15000,300.0,2531.5,64.33,0.03,162.0,124.3,64.3,"당사는 기술성장기업으로 매출액 요건의 경우 신규상장일이 속하는 사업연도를 포함한 연속하는 5개 사업연도(상장일로부터 상장일이 속한 사업연도의 말일까지 기간이 3월미만인 경우에 는 그 다음 사업연도), 세전 이익 요건"
클리노믹스,2020-12-04,코스닥,기술평가특례,기술특례(성장성),대신증권(주),바이오/헬스케어,13900,274.15,1926.17,494.2,2.05,30.9,11.9,-15.8,당사는 코스닥시장 상장요건 중 기술성장기업 중 ‘성장성추천’ 적용 기업으로 상장예비심사 승인을 득
퀀타매트릭스,2020-12-09,코스닥,기술평가특례,기술특례,미래에셋증권 주식회사,바이오/헬스케어,25500,435.29,61627.64,185.56,4.6,3.9,-47.5,-57.5,"Susceptibility test (신속 항균제 감수성 검사) 개시(진료코드 발급) 2019.12 코스닥시장 상장을 위한 기술평가등급 “A” 획득 (기술보증기금, 한국기업데이터) 3. 자본금 변동사항 &cr; 가."
엔젠바이오,2020-12-10,코스닥,기술평가특례,기술특례,삼성증권(주),바이오/헬스케어,14000,342.16,1910.35,1006.96,3.33,90.4,42.9,5.0,"당사는 『코스닥시장 상장규정』제7조 제2항에 의하여 상장되는 기술성장기업으로 동 규정 제28조(관리종목) 제1항 제2호 및 제3호, 제38조(상장의 폐지) 제1항 제4호 및 제4의2호에 따라 관리종목 지정과 상장폐지"
알체라,2020-12-21,코스닥,성장성/사업모델,기술특례(성장성),신영증권(주),IT/소프트웨어,10000,200.0,4000.0,1315.61,3.88,234.5,219.0,227.0,당사는 코스닥시장 상장요건 중 상장주선인이 성장성을 평가하여 추천한 중소기업에 해당하는
프리시젼바이오,2020-12-22,코스닥,기술평가특례,기술특례,한국투자증권(주),바이오/헬스케어,12500,187.5,1441.0,1231.23,1.62,108.4,28.0,-4.8,"당사는 코스닥시장 상장요건 중 전문평가기관의 기술 등에 대한 평가를 받아 A등급 이상을 취득하여 기술력과 성장성이 인정되는 기업인 기술성장기업(기술 특례상장)으로서, 2020년 10월 26일 상장예비심사 승인을 득"
석경에이티,2020-12-23,코스닥,기술평가특례,기술특례,한국투자증권(주),화학/소재,10000,100.0,545.5,1390.29,6.68,218.5,102.0,94.5,시장규모 및 성장잠재력과 기술제품의 경쟁력을 감안 시 전반적인 시장성은 보통 수준인 것으로 평가됨. 이에 따라 동사의 최종 기술평가등급은 높은 수준의 기술력을 가진 기업으로 장래 환경변화에 크게 영향을 받지 않을 수
지놈앤컴퍼니,2020-12-23,코스닥,기술평가특례,기술특례,,바이오/헬스케어,,,,,,,,,시장규모 및 성장잠재력과 기술제품의 경쟁력 감안 시 전반적인 시장성은 양호한 수준인 것으로 평가됨. 이에 따라 동사의 최종 기술평가등급은 장래 환경변화에 다소 영향을 받을 수는 있으나 우수한 기술력을 보유한 BBB 
엔비티,2021-01-21,코스닥,성장성/사업모델,기술특례,미래에셋증권 주식회사,기타,19000,158.08,1098.2,1425.3,10.7,23.9,40.8,44.5,"해서는 외부 전문평가기관(2개 기관)으로부터 사전에 사업모델평가를 받아야하며, 당사는 이크레더블과 나이스디앤비로부터 'KRX 사업평가등급 A, A'를 득하였습니다. 상장예비심사를 청구하는 기업의 유형별 외형요건은 아"
씨앤투스성진,2021-01-28,코스닥,이익미실현,이익미실현,미래에셋증권 주식회사,소비재/유통,32000,512.0,5120.0,1010.02,1.7,-36.1,-35.8,-35.2,"조 제1항 제6호의 경영성과 및 시장평가 등 요건 중 가.목의 수익성 또는 매출액 관련 요건을 충족하지 못하였으며, 이에 따라 나.목의 시장평가 또는 성장성 충족(이익미실현기업의 상장)에 관한 요건을 적용받아 금번 "
레인보우로보틱스,2021-02-03,코스닥,기술평가특례,기술특례(성장성),"대신증권(주),미래에셋증권 주식회사",기계/장비,10000,265.0,1855.0,1489.9,19.9,135.5,119.5,139.0,모 및 성장잠재력 과 기술제품의 경쟁력을 감안 시 전반적인 시장성은 보통 이상 수준인 것으로 평가됨. 이에 따라 동사의 최종 기술평가등급은 높은 수준의 기술력을 가진 기업으로 장래 환경변화에 크게 영향을 받지 않을 
와이더플래닛,2021-02-03,코스닥,성장성/사업모델,기술특례,한국투자증권(주),IT/소프트웨어,16000,160.0,829.23,1449.22,9.59,53.1,59.4,7.2,"서는 외부 전문평가기관(2개 기관)으로부터 사전에 사업모델평가를 받아야하며, 당사는 이크레더블과 한국기업데이터로부터 'KRX 사업평가등급 A, A'를 득하였습니다. &cr; [ 전문평가기관의 종합의견 ] 구 분 평가"
피엔에이치테크,2021-02-16,코스닥,기술평가특례,기술특례,,화학/소재,,,,,,,,,"2 공통층재료 상용화 진행 2015.07 특허재료(정공수송층) 양산시작 2015.10 진천 공장 완공 및 가동 2015.11 기술평가등급 2곳 모두 ""A""획득(한국기업데어타 & 기술보증기금) 2016.04 기관투자유"
오로스테크놀로지,2021-02-24,코스닥,기술평가특례,일반,키움증권(주),반도체/디스플레이,21000,399.0,3990.0,1260.0,37.12,136.0,50.7,16.2,"규모 확충 및 글로벌화 역량 확보를 위한 노력이 필요&cr;&cr;- 상기의 평가결과를 종합하여 볼 때, ㈜오로스테크놀로지의 기술평가 등급은 높은 수준의 기술력을 가진 기업인 ""A"" 로 평가됨 나. 희망공모가 산정방"
씨이랩,2021-02-24,코스닥,기술평가특례,기술특례,,IT/소프트웨어,35000,227.5,2275.0,1371.37,12.97,12.3,299.7,31.7,"당사는 코스닥시장 상장요건 중 전문평가기관의 기술 등에 대한 평가를 받아 A등급 이상을 취득하여 기술력과 성장성이 인정되는 기업인 기술성장기업(기술 특례상장)으로서, 2020년 11월 26일 상장예비심사 승인을 득"
뷰노,2021-02-26,코스닥,기술평가특례,기술특례,"미래에셋증권 주식회사,삼성증권(주)",바이오/헬스케어,21000,378.0,3780.0,1457.21,23.8,27.9,14.3,-52.5,"며 국내외에서 매출이 발생하고 있다는 점, 그리고 의료 정보 관련 시장이 성장기에 있는 가능성이 큰 시장인 점 등을 감안하여 기술평가등급을 A로 평가함. 나이스디앤비 A 주식회사 뷰노 이하 동사 는 201 4 년 1"
나노씨엠에스,2021-03-09,코스닥,기술평가특례,기술특례,키움증권(주),화학/소재,20000,160.0,841.78,1295.75,6.65,-9.0,152.5,125.5,"면서, 우수한 기술력을 바탕으로 해외 적용시장 확대를 위해 적극적인 영업을 수행하고 있는 점을 고려하여 종합적으로 판단할 때 기술평가등급은 [A]로 평가됨 &cr;한편, 상장예비심사를 청구하는 기업의 유형별 외형요건"
프레스티지바이오로직스,2021-03-11,코스닥,성장성/사업모델,기술특례(성장성),"미래에셋증권 주식회사,유안타증권(주)",바이오/헬스케어,12400,911.4,9114.0,369.91,6.5,4.0,18.1,-41.2,당사는 코스닥시장 상장요건 중 상장주선인이 성장성을 평가하여 추천한 중소기업에 해당하는
네오이뮨텍,2021-03-16,코스닥,기술평가특례,기술특례,,바이오/헬스케어,7500,1125.0,8100.0,1374.09,25.54,58.0,27.2,-6.5,"당사는 「코스닥시장 상장규정」제7조제2항에 의하여 상장되는 기술성장기업으로 동 규정 제28조(관리종목)제1항제2호 및 제3호, 제38조(상장의 폐지)제1항제4호 및 제4의2호에 따라 관리종목 지정과 상장폐지 요건 중"
바이오다인,2021-03-17,코스닥,이익미실현,이익미실현,대신증권(주),바이오/헬스케어,30000,300.0,3000.0,1364.85,8.8,90.3,40.3,-3.7,"자께서는 유의하시기 바랍니다. &cr; 사. 공모가 산정방식의 한계에 따른 위험 &cr;&cr;당사는 「코스닥시장 상장규정」 제6조 제1항 제6호 나목 에 의한 이익미실현 요건에 충족하는 기업으로, 상장예비심사 외형"
라이프시맨틱스,2021-03-23,코스닥,성장성/사업모델,기술특례,한국투자증권(주),IT/소프트웨어,12500,125.0,1276.67,1402.17,3.78,7.2,-6.4,-33.7,스닥시장 상장요건 중 전문평가기관의 사업모델 등에 대한 평가를 받아 A등급 이상을 취득하여 기술력과 성장성이 인정되는 기업인 기술성장기업(사업모델기업)입니다. 통상 기술성장기업특례를 적용 받아 상장예비심사를 청구하는
자이언트스텝,2021-03-24,코스닥,성장성/사업모델,기술특례,한국투자증권(주),엔터/미디어/게임,11000,154.0,1297.0,1691.65,24.42,351.8,614.6,721.8,"전문평가기관(2개 기관)으로부터 사전에 기술평가를 받아야하며, 당사는 한국기업데이터와 한국산업기술평가관리원으로부터 'KRX 사업평가등급 A, BBB'를 득하였습니다. &cr; [ 전문평가기관의 종합의견 ] 구 분 평"
제노코,2021-03-24,코스닥,기술평가특례,기술특례,DB증권주식회사,방산/우주항공,36000,176.4,1764.0,1452.49,22.15,55.6,79.7,115.7,"확보해 기술진입장벽을 구축할 가능성이 높으며, 제품 경쟁력 및 품질 경쟁력을 일정 수준 이상 갖추고 있는 것으로 판단되는 바 기술평가등급을 'BBB'로 평가함. &cr;기술성장기업 상장특례 적용 기업은 코스닥시장 상"
해성티피씨,2021-04-21,코스닥,기술평가특례,기술특례,한국투자증권(주),화학/소재,13000,130.0,614.9,1508.95,16.05,60.0,60.0,31.5,"당사는 코스닥시장 상장요건 중 전문평가기관의 기술 등에 대한 평가를 받아 A등급 이상을 취득하여 기술력과 성장성이 인정되는 기업인 기술성장기업(기술 특례상장)으로서, 2021년 02월 18일 상장예비심사 승인을 득"
샘씨엔에스,2021-05-20,코스닥,기술평가특례,기술특례,대신증권(주),반도체/디스플레이,6500,780.0,3263.0,1537.67,26.07,6.0,-6.8,-3.4,"당사는 상기 소재·부품 전문기업에 대한 상장지원방안 및 기술성장기업에 대한 특례 요건을 적 용 받아 2021년 1월 5일 코스닥시장 상장예비심사를 청구하였으며, 2021년 4월 8일 상장예비심사 승인을 득"
삼영에스앤씨,2021-05-21,코스닥,성장성/사업모델,기술특례(성장성),미래에셋증권 주식회사,기계/장비,11000,121.55,1215.5,1762.39,15.27,26.8,8.2,-20.5,당사는 코스닥시장 상장요건 중 상장주선인이 성장성을 평가하여 추천한 중소기업에해당하는
제주맥주,2021-05-26,코스닥,이익미실현,이익미실현,대신증권(주),소비재/유통,3200,267.58,2675.8,1356.43,5.47,36.4,-14.2,-22.2,"께서는 유의하시기 바랍니다. &cr; (바) 공모가 산정방식의 한계에 따른 위험&cr; &cr;당사는 「코스닥시장 상장규정」 제6조 제1항 제6호 나목 에 의한 이익미실현 요건에 충족하는기업으로, 상장예비심사 외형요"
진시스템,2021-05-26,코스닥,기술평가특례,기술특례(성장성),삼성증권(주),바이오/헬스케어,20000,285.0,2850.0,934.07,1.5,-25.3,-44.8,-48.8,전문평가기관의 평가내역] 구분 평가기관 평가대상기술명 평가결과 진단일 기술기반기업 한국기업데이터㈜ 현장 분자진단 플랫폼 기술 기술평가등급 A 20.10.15 ㈜이크레더블 신속 현장 분자진단 플랫폼 개발 기술 기술평가
아모센스,2021-06-25,코스닥,기술평가특례,기술특례,신한투자증권 주식회사,IT/소프트웨어,12400,344.7,1388.81,116.79,2.57,10.1,31.9,19.8,"노하우를 축적한 기술로 경쟁업체 대비 두께 개선, 충전효율 향상, 맞춤 설계 등의 기술적 경쟁력을 가지고 있다고 판단되는 바 기술평가등급을 'A'로 평가함. &cr;한편, 상장예비심사를 청구하는 기업의 유형별 외형요"
오비고,2021-07-13,코스닥,기술평가특례,기술특례,엔에이치투자증권(주),IT/소프트웨어,14300,347.92,1720.74,1123.74,7.68,77.6,45.5,-26.9,시장 규모 및 성장잠재력과 기술제품의 경쟁력을 감안 시 전반적인 시장성은 보통 수준인 것으로 평가됨. 이에 따라 동사의 최종 기술평가등급은 높은 수준의 기술력을 가진 기업으로 장래 환경변화에 크게 영향을 받지 않을 
큐라클,2021-07-22,코스닥,기술평가특례,기술특례,삼성증권(주),바이오/헬스케어,25000,533.33,5333.3,1219.27,7.23,99.0,-19.6,-23.2,의 시장규모 및 성장잠재력과 기술제품의 경쟁력 감안 시 전반적인 시장성은 보통 이상 수준으로 평가함. 이에 따라 동사의 최종 기술평가등급은 장래 환경변화에 크게 영향을 받지 않으며 높은 수준의 기술력을 가진 기업으로
맥스트,2021-07-27,코스닥,기술평가특례,기술특례,하나증권주식회사,IT/소프트웨어,15000,150.0,1500.0,1587.01,39.13,346.0,258.0,155.0,"당사는 코스닥시장 상장요건 중 전문평가기관의 기술 등에 대한 평가를 받아 각각 A, BBB 등급 이상을 취득한 기술력과 성장성이 인정되는 기업인 기술성장기업(기술 특례상장)으로서, 2021년 05월 20일 상장예비심"
원티드랩,2021-08-11,코스닥,성장성/사업모델,기술특례(성장성),한국투자증권(주),IT/소프트웨어,35000,255.5,2468.1,1503.91,10.98,125.1,75.7,46.3,당사는 코스닥시장 상장요건 중 상장주선인이 성장성을 평가하여 추천한 중소기업에 해당하는
딥노이드,2021-08-17,코스닥,기술평가특례,기술특례,KB증권(주),IT/소프트웨어,42000,126.0,1260.0,1179.07,7.29,-4.2,-34.3,-57.0,"당사는 코스닥시장 상장규정에 의거 전문평가기관이 당사의 기술 등을 평가하여, 평가결과가 일정 등급 이상일 경우 적용되는 기술성장기업 특례를 적용 받"
바이젠셀,2021-08-25,코스닥,기술평가특례,기술특례,"대신증권(주),KB증권(주)",바이오/헬스케어,52700,994.17,9941.7,1271.21,13.61,-18.7,-53.1,-63.0,"전략이 필요한 것으로 사료됨. 동사는 우수한 기술력을 보유하고 있으나, 장래의 환경변화에 다소 영향을 받을 수 있는 기업으로 기술평가등급 [BBB]로 의견을 제시함 이와 같이 당사는 외부평가 기관으로부터 기술평가특례"
에이비온,2021-09-08,코스닥,기술평가특례,기술특례,,바이오/헬스케어,17000,387.6,,139.36,4.3,-0.6,-41.8,-42.5,어 성장성은 높은 수준으로 판단된다. 동사는 높은 수준의 기술력을 보유하고 장래의 환경변화에 크게 영향을 받지 않을 기업으로 기술평가등급[A]로 의견을 제시한다.&cr; SCI평가정보 BBB ○ 에이비온(주)(이하 
프롬바이오,2021-09-28,코스닥,이익미실현,이익미실현,엔에이치투자증권(주),소비재/유통,18000,432.0,2547.9,85.71,1.45,-20.6,-49.1,-60.3,"조 제1항 제6호의 경영성과 및 시장평가 등 요건 중 가.목의 수익성 또는 매출액 관련 요건을 충족하지 못하였으며, 이에 따라 나.목의 시장평가 또는 성장성 충족(이익미실현기업의 상장)에 관한 요건을 적용받아 금번 "
차백신연구소,2021-10-22,코스닥,기술평가특례,기술특례,삼성증권(주),바이오/헬스케어,11000,434.5,37078.95,206.23,1.93,-7.7,-31.1,-56.6,"련이 필요한 것으로 판단된다. 동사는 우수한 기술력을 보유하고 있으나, 장래의 환경변화에 다소 영향을 받을 수 있는 기업으로 기술평가 등급 [BBB]로 의견을 제시한다. &cr;이와 같이 당사는 외부평가 기관으로부터"
지니너스,2021-11-08,코스닥,기술평가특례,기술특례,대신증권(주),바이오/헬스케어,20000,400.0,2173.86,66.03,0.1,-36.7,-45.0,-63.6,"당사는 「코스닥시장 상장규정」제7조 제2항에 의하여 상장되는 기술성장기업으로 동 규정 제28조(관리종목) 제1항 제2호 및 제3호, 제38조(상장의 폐지) 제1항 제4호 및 제4호의2호에 따라 관리종목 지정과 상장폐"
비트나인,2021-11-10,코스닥,기술평가특례,기술특례,하나증권주식회사,IT/소프트웨어,11000,227.81,2278.1,1662.29,5.96,24.6,31.8,-38.8,모 및 성장잠재력과 기술제품의 경쟁력을 감안 시 전반적인 시장성은 보통 이상 수준인 것으로 평가됨 . 이에 따라 동사의 최종 기술평가등급은 높은 수준 의 기술력을 가진 기업으로 장래 환경변화에 크게 영향을 받지 않을
디어유,2021-11-10,코스닥,이익미실현,이익미실현,한국투자증권(주),IT/소프트웨어,26000,858.0,8580.0,2001.11,37.46,172.3,73.7,-0.4,"조 제1항 제6호의 경영성과 및 시장평가 등 요건 중 가.목의 수익성 또는 매출액 관련 요건을 충족하지 못하였으며, 이에 따라 나.목의 시장평가 또는 성장성 충족(이익미실현기업의 상장)에 관한 요건을 적용받아 금번 "
지오엘리먼트,2021-11-11,코스닥,기술평가특례,기술특례,엔에이치투자증권(주),기계/장비,10000,154.7,4641.0,1613.84,15.23,352.5,120.0,143.5,당사는 코스닥시장 상장규정에 의거 전문평가기관이 당사의 기술 등을 평가하여 평가결과가 일정 등급 이상일 경우 적용되는 기술성장기업 특례를 적용 받
툴젠,2021-12-10,코스닥,기술평가특례,기술특례,,바이오/헬스케어,70000,700.0,,29.54,0.1,15.4,-7.4,-25.3,"㈜라트바이오 2021.08 CRISPR 유전자가위 기술 관련 License-out ㈜젬크로 2021.09 기술특례상장을 위한 기술평가 등급 획득 SCI평가정보: A, 농업기술실용화재단: A 2021.11 한국거래소 "
애드바이오텍,2022-01-24,코스닥,기술평가특례,기술특례,,바이오/헬스케어,,,49.48,,,,,,"(소재부품장비 기술개발) 2020.12 중소벤처기업부 장관표창(벤처기업진흥 유공) 2020.12 코스닥시장 상장 추진을 위한 기술평가 등급 수령 (한국기업데이터A, 농업실용화재단BBB) 2021.02 지식재산 경영인"
스코넥,2022-02-04,코스닥,기술평가특례,기술특례,신영증권(주),엔터/미디어/게임,13000,289.42,2894.2,1724.66,59.95,69.6,-2.3,9.6,의 시장규모 및 성장잠재력과 기술제품의 경쟁력 감안 시 전반적인 시장성은 보통 수준인 것으로 평가됨. 이에 따라 동사의 최종 기술평가등급은 장래 환경변화에 다소 영향을 받을 수는 있으나 우수한 기술력을 보유한 A 수
이지트로닉스,2022-02-04,코스닥,기술평가특례,기술특례,엔에이치투자증권(주),2차전지/에너지,22000,435.6,1827.68,1343.51,2.94,-21.8,-33.2,-50.9,로 판매하고 있는 점과 DC 배전 및 폐배터리 재활용 컨버터 등의 기술을 꾸준히 개발하고 있는 점 등을 종합적으로 고려할 때 기술평가등급은 [A]로 평가됨. 기술성장기업 상장특례 적용 기업은 코스닥시장 상장예비심사 
바이오에프디엔씨,2022-02-21,코스닥,기술평가특례,기술특례,DB증권주식회사,바이오/헬스케어,28000,364.0,2481.2,74.01,11.8,-30.9,-14.1,-35.6,"것으로 사료된다.&cr;&cr;동사는 우수한 기술력을 보유하고 있으나, 장래의 환경변화에 다소 영향을 받을 수 있는 기업으로 기술평가등급 [BBB]로 의견을 제시함. &cr;한편, 코스닥시장 상장을 위해 상장예비심사"
퓨런티어,2022-02-23,코스닥,기술평가특례,기술특례,"신한투자증권 주식회사,유안타증권(주)",기계/장비,15000,240.0,2400.0,1535.42,11.08,37.3,77.0,42.3,규모 및 성장잠재력과 기술제품의 경쟁력을 감안 시 전반적인 시장성은 보통 이상 수준인 것으로 평가됨. 이에 따라 동사의 최종 기술평가등급은 높은 수준의 기술력을 가진 기업으로 장래 환경변화에 크게 영향을 받지 않을 
풍원정밀,2022-02-28,코스닥,기술평가특례,기술특례,대신증권(주),반도체/디스플레이,15200,456.0,4560.0,1556.53,11.0,14.5,15.5,-32.5,"당사는 코스닥시장 상장요건 중 전문평가기관으로부터 기술 등에 대한 평가를 받아 A 등급 이상을 취득하여 기술력과 성장성이 인정되는 기업인 기술성장기업(기술특례상장)으로서, 2021년 12월 16일 상장예비심사 승인을"
노을,2022-03-03,코스닥,기술평가특례,기술특례,"한국투자증권(주),삼성증권(주)",바이오/헬스케어,10000,150.0,1950.0,31.5,0.0,-24.3,-30.2,-28.0,의 시장규모 및 성장잠재력과 기술제품의 경쟁력 감안 시 전반적인 시장성은 보통 수준인 것으로 평가됨. 이에 따라 동사의 최종 기술평가등급은 장래 환경변화에 크게 영향을 받지 않을 높은 수준의 기술력을 보유한 A 수준
모아데이타,2022-03-10,코스닥,기술평가특례,기술특례,하나증권주식회사,IT/소프트웨어,20000,160.0,1600.0,114.19,0.87,-25.7,-34.5,56.2,"당사는 기술성장기업(기술 특례상장) 적용 기업으로서 매출액 요건의 경우 신규상장 예정일이 속하는 사업연도인 2022년도를 포함한 연속하는 5개 사업연도 (2026년도까지), 법인세비용차감전계속사업손실 요건의 경우 신"
비플라이소프트,2022-06-20,코스닥,기술평가특례,기술특례,,IT/소프트웨어,,,,111.05,0.76,,,,"당사는 코스닥시장 상장요건 중 전문평가기관의 기술 등에 대한 평가를 받아 2개 기관(한국기업데이터, 나이스평가정보)으로부터 A, BBB 등급을 취득한 기술력과 성장성이 인정되는 기업인 기술성장기업(기술 특례상장)으로"
보로노이,2022-06-24,코스닥,기술평가특례,기술특례,"한국투자증권(주),미래에셋증권 주식회사",바이오/헬스케어,40000,520.0,14000.0,28.35,0.0,-5.8,-16.5,8.2,"당사는 코스닥시장 상장요건 중 기술성장특례 요건, 특히 시장평가 우수기업 기술평가 절차 간소화를 적용 받"
레이저쎌,2022-06-24,코스닥,기술평가특례,기술특례,삼성증권(주),기계/장비,16000,256.0,2560.0,1442.95,12.43,-17.2,-54.8,-33.8,성장잠재력과 기술제품의 경쟁력 을 감안 시 전반적인 시장성은 보통 이상 수준인 것으로 평가됨 .&cr;&cr;O 동사의 최종기술평가등급은 높은 수준의 기술력을 가진 기업으로 장래 환경변화에 크게 영향을 받지 않을 수
넥스트칩,2022-07-01,코스닥,기술평가특례,기술특례,대신증권(주),반도체/디스플레이,13000,338.0,2574.0,1623.41,11.58,-5.0,-41.0,14.2,"당사는 기술성장기업으로서 매출액 요건의 경우 신규상장일이 속하는 사업연도를 포함한 연속하는 5개 사업연도(상장일로부터 상장일이 속한 사업연도의 말일까지 기간이 3월미만인 경우에는 그 다음 사업연도), 세전이익 요건의"
코난테크놀로지,2022-07-07,코스닥,기술평가특례,기술특례,한국투자증권(주),IT/소프트웨어,25000,300.0,2520.0,1482.6,7.07,3.4,9.4,175.2,모 및 성장잠재력과 기술제품의 경쟁력 을 감안 시 전반적인 시장성은 보통 이상 수준인 것으로 평가됨. 이에 따라 동사의 최종 기술평가등급은 장래 환경변화에 크게 영향을 받지 않을 수준의 높은 기술력을 가진 A 수준으
영창케미칼,2022-07-14,코스닥,기술평가특례,기술특례,하나증권주식회사,화학/소재,18600,446.4,3720.0,1616.27,5.92,-25.3,-36.3,-27.2,". 현재 동사의 핵심기술의 기술적, 사업적 우위성 측면과 반도체 소재의 국산화 기술이라는 점을 고려하여 종합적으로 판단할 때 기술평가등급은 [A]로 평가된다. SCI&cr;평가정보 A 1. 기술성 영창케미칼 주식회사"
성일하이텍,2022-07-28,코스닥,이익미실현,이익미실현,"대신증권(주),KB증권(주)",화학/소재,50000,1335.0,10866.9,2269.68,38.66,130.2,93.6,153.4,"유의하시기 바랍니다.&cr;&cr; 마. 공모가 산정방식의 한계에 따른 위험&cr; &cr;당사는 「코스닥시장 상장규정」 제28조 제1항 제2호 나목 에 의한 이익미실현 요건에 충족하는기업으로, 상장예비심사 외형요건"
에이프릴바이오,2022-07-28,코스닥,기술평가특례,기술특례,엔에이치투자증권(주),바이오/헬스케어,16000,207.36,1789.36,14.43,10.66,27.5,7.8,23.8,을 종합적으로 고려할 시 동사는 우수한 기술력을 보유한 기업이나 장래의 환경변화에 상당한 영향을 받을 수있는기업으로 판단되어 기술평가등급[BBB]로 의견을 제시함. 【 최근 3개년 요약 손익계산서 】 (단위: 백만원
아이씨에이치,2022-07-29,코스닥,기술평가특례,기술특례,삼성증권(주),소비재/유통,34000,401.2,3519.0,57.28,12.47,-29.6,-40.5,-47.4,"로 판단됨. 결론적으로 동사는 높은 수준의 기술력을 보유하고 장래의 환경변화에 크게 영향을 받지 않을 기업으로 판단되는 바, 기술평가등급[A]로 의견을 제시함. 당사가 수령한 A등급은 기술기반기업 전문평가의 평가등급"
더블유씨피,2022-09-30,코스닥,이익미실현,이익미실현,"신한투자증권 주식회사,KB증권(주)",2차전지/에너지,60000,4320.0,20217.91,33.28,4.24,-16.9,-28.3,-4.2,"서비스를 제공받은 사실이 없습니다.(주9) 정정 전 바. 공모가 산정방식의 한계에 따른 위험 당사는 「코스닥시장 상장규정」 제28조 제1항 제2호 나목 에 의한 이익미실현 요건에 충족하는기업으로, 상장예비심사 외형요"
선바이오,2022-10-05,코스닥,기술평가특례,기술특례(성장성),,바이오/헬스케어,,,67.76,,,,,,"평가기관 평가대상기술명 평가결과 평가일 성장성 기반기업 기술보증기금 다양한 PEG유도체 소재, PEGylation 핵심기술 기술평가등급 AA 21.05.10 한국기업데이터 생체고분자 PEG 유도체 소재, PEGyla"
에스비비테크,2022-10-17,코스닥,기술평가특례,기술특례,미래에셋증권 주식회사,기계/장비,12400,223.2,1488.0,1644.01,32.54,99.6,420.2,280.6,"해 2021년 9월 6일 기술평가를 신청하였으며, 한국거래소가 지정한 전문평가기관 나이스디앤비로부터 2021년 10월 18일 기술평가등급 A등급을 수령하였습니다. 상장규정상 기술성장기업으로서 기술특례상장 요건을 기준"
샤페론,2022-10-19,코스닥,기술평가특례,기술특례,엔에이치투자증권(주),바이오/헬스케어,5000,137.35,1184.23,26.0,5.47,61.4,23.0,-15.0,"가능성이 논의될 수 있을 것으로 판단됨. 동사는 차별화된 우수한 기술력을 보유하고 있고, 높은 성장 가능성을 보유한 기업으로 기술평가등급[A]로 의견을 제시함. 이와 같이 당사는 외부평가 기관으로부터 기술평가특례 상"
핀텔,2022-10-20,코스닥,기술평가특례,기술특례,대신증권(주),IT/소프트웨어,8900,178.0,1780.0,558.92,8.74,24.2,-18.0,-44.4,"증을 바탕으로 스마트시티 교통, 보안 분야 시장에서 국내 유수의 업체들과 경쟁하고 있는 점을 고려하여 종합적으로 판단할 때, 기술평가등급은 [A]로 평가됨 한국산업기술 평가관리원 BBB 신청사는 6개의 세부 요소기술"
플라즈맵,2022-10-21,코스닥,기술평가특례,기술특례,미래에셋증권 주식회사,바이오/헬스케어,7000,123.97,1239.7,39.78,1.91,-2.0,-12.1,-28.3,"당사는 기술성장기업으로서 매출액 요건의 경우 신규상장일이 속하는 사업연도(상장 후 사업연도말까지 3월 미만인 경우 다음 사업연도)를 포함한 연속하는 5개 사업연도, 세전이익 요건의 경우 신규상장일이 속하는 사업연도("
뉴로메카,2022-11-04,코스닥,기술평가특례,기술특례,대신증권(주),기계/장비,16900,253.5,2535.0,1652.13,7.6,-6.2,78.1,73.7,"회사 기술성평가를 위한 2차 현장실사 (기술보증기금, 이크레더블) 21.11.16 뉴로메카 본사 1) 상장예비심사신청을 위한 기술평가 등급수령(기술보증기금, 이크레더블) 2) 사업계획에 따른 영업 진행 현황 검토 3"
윤성에프앤씨,2022-11-14,코스닥,이익미실현,이익미실현,미래에셋증권 주식회사,화학/소재,49000,977.43,7477.4,67.49,0.14,-11.6,179.0,138.8,"조 제1항 제2호의 경영성과 및 시장평가 등 요건 중 가.목의 수익성 또는 매출액 관련 요건을 충족하지 못하였으며, 이에 따라 나.목의 시장평가 또는 성장성 충족(이익미실현기업의 상장)에 관한 요건을 적용받아 금번 "
티에프이,2022-11-17,코스닥,기술평가특례,일반,IBK투자증권(주),반도체/디스플레이,10500,283.5,2835.0,1295.18,5.3,-20.9,-15.4,278.1,"기술에 의한 향후 미래 성장가능성이 높으며, 미래 수익창출 가능성이 높은 기업으로 평가되었습니다. 동사가 수령한 평가결과 및 기술평가등급 체계 및 등급별 정의는 아래와 같습니다. 번호 인증/허가명 인증/허가 내용 평"
엔젯,2022-11-18,코스닥,기술평가특례,기술특례,미래에셋증권 주식회사,기계/장비,10000,210.0,1052.08,42.15,6.0,9.0,152.0,27.0,"당사는 기술성장기업으로 매출액 요건의 경우 신규상장일이 속하는 사업연도를 포함한 연속하는 5개 사업연도, 세전이익 요건의 경우 신규상장일이 속하는 사업연도를 포함한 연속하는 3개 사업연도에 대해서는 해당 요건을 적용"
인벤티지랩,2022-11-22,코스닥,기술평가특례,기술특례,한국투자증권(주),바이오/헬스케어,12000,124.8,247.0,14.37,0.0,-15.4,-26.7,9.5,"의 시장규모 및 성장잠재력과 기술제품의 경쟁력을 감안할 시 전반적인 시장성은 보통 수준으로 평가됨. 이에 따라, 동사의 최종 기술평가등급은 장래 환경변화에 다소 영향을 받을 수는 있으나 우수한 기술력을 보유한 BBB"
SAMG엔터,2022-12-06,코스닥,성장성/사업모델,기술특례,엔에이치투자증권(주),엔터/미디어/게임,17000,238.0,1650.4,,,86.2,58.5,33.8,"수준의 사업성을 가진 기업이며, 자체 보유한 사업경쟁력에 기반하여 장래 환경변화에 크게 영향을 받지 않을 수준으로 판단되어 사업평가등급 [A]로 의견을 제시함. 【전문평가의 평가항목 중 사업모델기업 평가표】 구분 ("
티이엠씨,2023-01-19,코스닥,기술평가특례,기술특례,한화투자증권(주),화학/소재,28000,504.0,616.0,31.33,0.42,33.0,82.9,65.0,스코기술투자㈜ 계열 펀드 투자 유치 (2차) 2022.05 한화투자증권 외 투자 유치 2022.06 상장특례 기술평가 완료 (기술평가등급: A) 3. 자본금 변동사항 당사의 자본금 변동사항은 년도별로 각각 다음과 같
오브젠,2023-01-30,코스닥,기술평가특례,기술특례,한국투자증권(주),IT/소프트웨어,18000,139.67,6033.96,98.49,2.22,252.2,143.9,36.1,"민석 주임 - 상장예정법인: 이형인 대표이사, 전배문 사내이사, 유용희 사내이사, 김홍구 전무, 전배중 상무 3. 내용 1) 기술평가 등급 확보에 따른 신청 등 향후 일정 점검 2) 제3자배정 유상증자 관련 준비/진"
샌즈랩,2023-02-15,코스닥,기술평가특례,기술특례,키움증권(주),IT/소프트웨어,10500,388.5,1586.65,1325.79,1.41,57.7,-11.9,-4.2,당사는 「코스닥시장 상장규정」 제30조 제1항에서 정하는 기술성장기업으로서 상장심사수수료 및 상장수수료 면제 대상에 해당합니다
제이오,2023-02-16,코스닥,기술평가특례,기술특례,한국투자증권(주),건설/인프라,13000,520.0,900.0,352.61,4.33,111.2,113.5,55.8,시장규모 및 성장잠재력과 기술제품의 경쟁력을 감안 시 전반적인 시장성은 보통 이상 수준으로 평가됨. 이에 따라 동사의 최종 기술평가등급은 높은 수준의 기술력을 가진 기업으로 장래 환경변화에 크게 영향을 받지 않을 수
자람테크놀로지,2023-03-07,코스닥,기술평가특례,기술특례,신영증권(주),반도체/디스플레이,22000,204.6,1620.0,1702.43,11.42,119.5,34.5,105.0,"당사는 코스닥시장 상장요건 중 전문평가기관의 기술 등에 대한 평가를 받아 A 등급 이상을 취득한 기술성장기업(기술특례상장)으로서, 2022년 9월 29일 상장예비심사 승인을 득"
지아이이노베이션,2023-03-30,코스닥,기술평가특례,기술특례,"엔에이치투자증권(주),하나증권주식회사,삼성증권(주)",바이오/헬스케어,13000,260.0,2600.0,26.7,0.23,52.3,96.9,94.5,"당사는 기술성장기업으로서 매출액 요건의 경우 신규상장일이 속하는 사업연도(상장 후 사업연도말까지 3월 미만인 경우 다음 사업연도)를 포함한 연속하는 5개 사업연도, 세전이익 요건의 경우 신규상장일이 속하는 사업연도("
마이크로투나노,2023-04-26,코스닥,기술평가특례,기술특례,한국투자증권(주),반도체/디스플레이,15500,155.0,641.28,1716.98,10.83,35.2,-14.6,-6.5,"당사는 코스닥시장 상장요건 중 전문평가기관의 기술 등에 대한 평가를 받아 A 등급 이상을 취득한 기술성장기업(기술특례상장)으로서, 2023년 02월 23일 상장예비심사 승인을 득"
에스바이오메딕스,2023-05-04,코스닥,기술평가특례,기술특례,미래에셋증권 주식회사,바이오/헬스케어,18000,135.0,1350.0,854.29,1.94,-17.6,-59.3,103.9,"당사는 기술성장기업으로서 매출액 요건의 경우 신규상장일이 속하는 사업연도(상장 후 사업연도말까지 3월 미만인 경우 다음 사업연도)를 포함한 연속하는 5개 사업연도, 세전이익 요건의 경우 신규상장일이 속하는 사업연도("
씨유박스,2023-05-19,코스닥,기술평가특례,기술특례,"신한투자증권 주식회사,SK증권(주)",IT/소프트웨어,15000,225.0,1865.59,86.44,3.69,-18.2,-50.4,-61.8,"당사는 코스닥시장 상장요건 중 전문평가기관의 기술 등에 대한 평가를 받아 A등급 이상을 취득하여 기술력과 성장성이 인정되는 기업인 기술성장기업(기술 특례상장)으로서, 2023년 2월 2일 상장예비심사 승인을 득"
모니터랩,2023-05-19,코스닥,기술평가특례,기술특례,미래에셋증권 주식회사,IT/소프트웨어,9800,196.0,1960.0,1715.41,6.06,16.9,-37.2,-36.7,"당사는 기술성장기업(기술특례상장) 적용 기업으로서 매출액 요건의 경우 신규상장 예정일이 속하는 사업연도인 2023년도를 포함한 연속하는 5개 사업연도 (2027년도까지), 법인세비용차감전계속사업손실 요건의 경우 신규"
큐라티스,2023-06-15,코스닥,기술평가특례,기술특례,"대신증권(주),신영증권(주)",바이오/헬스케어,4000,140.0,4200.0,52.89,0.0,13.0,-36.1,-67.9,"전망됨.상기 내용을 모두 고려할 시, 동사는 우수한 기술력을 보유했으나 장래의 환경변화에 다소 영향을 받을 기업으로 판단되어 기술평가등급 [BBB]의 의견을 제시함. [전문평가의 평가등급 체계 및 등급별 정의] 평가"
프로테옴텍,2023-06-16,코스닥,기술평가특례,기술특례,,바이오/헬스케어,,,,94.1,21.25,,,,"당사는 「코스닥시장 상장규정」 제30조 제1항에서 정하는 기술성장기업에 해당하고, 코스닥이전상장이므로 제88조에 따른 상장심사수수료 및 상장수수료 면제 대상에 해당합니다"
알멕,2023-06-30,코스닥,이익미실현,이익미실현,엔에이치투자증권(주),화학/소재,50000,500.0,5000.0,1697.23,51.12,59.0,-6.9,-29.7,"조 제1항 제2호의 경영성과 및 시장평가 등 요건 중 가.목의 수익성 또는 매출액 관련 요건을 충족하지 못하였으며, 이에 따라 나.목의 시장평가 또는 성장성 충족(이익미실현기업의 상장)에 관한 요건을 적용받아 금번 "
오픈놀,2023-06-30,코스닥,성장성/사업모델,기술특례,하나증권주식회사,IT/소프트웨어,10000,165.0,21916.1,510.36,0.58,-28.2,12.8,-40.6,"과가 본격화되기 전인 경우가 많습니다.당사는 직무역량 중심의 커리어 교육 및 채용 플랫폼인 미니인턴 플랫폼에 대해 코스닥시장 기술성장특례(사업모델 기업) 요건을 기반으로 상장을 추진하기 위해, 2022년 5월 기술평"
이노시뮬레이션,2023-07-06,코스닥,기술평가특례,기술특례,하나증권주식회사,IT/소프트웨어,15000,135.0,1042.06,1869.47,5.98,-3.5,15.4,-47.5,"레코드 현황, 투자비용, 기간을 고려할 시 장래 환경변화에 대응할 수 있는 높은 수준의 기술력을 가진 기업으로 판단되는 바, 기술평가 등급 [A]로 의견을 제시함. NICE디앤비 A ㈜이노시뮬레이션(이하 동사)는 2"
센서뷰,2023-07-19,코스닥,기술평가특례,기술특례,삼성증권(주),화학/소재,4500,175.5,1755.0,1673.33,7.41,-8.9,26.5,-25.6,"유일의 업체로서, 세계 RF 연결 솔루션 시장에서 세계 유수의 업체들과 경쟁하고 있는 점을 고려하여 종합적으로 판단할 때, 기술평가등급은 [A]로 평가됨. 환경변화에 크게 영향을 받지 않을 기업으로 판단되는 바, 기"
와이랩,2023-07-20,코스닥,성장성/사업모델,기술특례(성장성),한국투자증권(주),엔터/미디어/게임,9000,270.0,5563.6,1821.64,14.72,49.6,3.4,-9.6,당사는 코스닥시장 상장요건 중 상장주선인이 성장성을 평가하여 추천한 중소기업에 해당하는
버넥트,2023-07-26,코스닥,기술평가특례,기술특례,대신증권(주),IT/소프트웨어,16000,307.2,3072.0,1520.08,8.63,-28.2,-41.8,-69.9,"기업으로 평가함.상기 내용을 모두 고려할 시, 동사는 우수한 기술력을 보유했으며, 미래 성장성이 예상되는 기업으로 판단되어 기술평가등급[A]의 의견을 제시함. 한국기술신용평가 A 동사는 서울특별시 용산구에 위치한 중"
파로스아이바이오,2023-07-27,코스닥,기술평가특례,기술특례,한국투자증권(주),바이오/헬스케어,14000,196.0,19650.12,303.31,1.32,12.5,2.1,-9.6,"것으로 전망됨. 상기 내용을 모두 고려할 시, 동사는 우수한 기술력을 보유했으며, 미래 성장성이 예상되는 기업으로 판단되어 기술평가등급 [A]의 의견을 제시함. 기술보증기금 BBB ㈜파로스아이바이오는 희귀·난치성 질"
시지트로닉스,2023-08-03,코스닥,기술평가특례,기술특례,유안타증권(주),반도체/디스플레이,25000,225.0,1620.0,1703.85,5.62,-20.2,-49.1,-59.0,"당사는 기술성장기업으로서 매출액 요건의 경우 신규상장일이 속하는 사업연도(상장 후 사업연도말까지 3월 미만인 경우 다음 사업연도)를 포함한 연속하는 5개 사업연도, 세전이익 요건의 경우 신규상장일이 속하는 사업연도("
파두,2023-08-07,코스닥,기술평가특례,기술특례,"한국투자증권(주),엔에이치투자증권(주)",반도체/디스플레이,31000,1937.5,19375.0,362.9,21.87,36.9,-33.7,-44.5,성 관련 자문 및 검토 한국거래소 기술평가 신청 2022.06.15 한국거래소 코스닥시장 기술성특례상장을 위한 기술평가 신청 기술평가 등급 수령 2022.09.16 기술평과 결과 수령(이크레더블 AA / 한국전자통신
큐리옥스바이오시스템즈,2023-08-10,코스닥,기술평가특례,기술특례,키움증권(주),바이오/헬스케어,13000,182.0,1041.43,191.61,2.63,393.9,162.3,216.1,당사는 「코스닥시장 상장규정」 제30조 제1항에서 정하는 기술성장기업으로서 상장심사수수료 및 상장수수료 면제 대상에 해당합니다
스마트레이더시스템,2023-08-22,코스닥,기술평가특례,기술특례,대신증권(주),자동차/모빌리티,8000,177.6,1776.0,1813.42,6.98,148.1,71.6,-10.1,솔루션에 대한 설명- 현장 질의 응답 2022.11.25~2022.11.30 본사 회의실 1. 코스닥시장 기술특례상장을 위한 기술평가등급 수령- 기술평가 등급 확보에 따른 상장예비심사신청 일정 점검- 최근 기술성장기
시큐레터,2023-08-24,코스닥,기술평가특례,기술특례,대신증권(주),IT/소프트웨어,12000,160.07,734.12,1544.73,3.14,101.3,-21.7,,"당사는 기술성장기업(기술특례상장) 적용 기업으로서 매출액 요건의 경우 신규상장 예정일이 속하는 사업연도인 2023년도를 포함한 연속하는 5개 사업연도 (2027년도까지), 법인세비용차감전계속사업손실 요건의 경우 신규"
아이엠티,2023-10-10,코스닥,기술평가특례,기술특례,유안타증권(주),기계/장비,14000,221.2,2212.0,753.5,22.2,58.2,53.9,-30.9,당사는「코스닥시장 상장규정」 제30조제1항에서 정하는 기술성장기업으로서 면제 대상에 해당합니다
퀄리타스반도체,2023-10-27,코스닥,기술평가특례,기술특례,한국투자증권(주),반도체/디스플레이,17000,306.0,5307.03,818.52,22.25,26.5,86.8,-40.6,"한 국내 유일의 업체로서, 세계 인터페이스 시장에서 세계 유수의 업체들과 경쟁하고 있는 점을 고려하여 종합적으로 판단할 때, 기술평가등급은 [A]로 평가됨. [전문평가의 평가등급 체계 및 등급별 정의] 평가등급 등급"
큐로셀,2023-11-09,코스닥,기술평가특례,기술특례,"미래에셋증권 주식회사,삼성증권(주)",바이오/헬스케어,20000,320.0,1224.51,20.88,4.74,20.3,64.8,47.0,"원가경쟁력을 가질 수 있을 것으로 예상됨. 위와 같은 당사의 기술적 차별성과 경쟁력, 시장현황 등을 종합적으로 고려한 결과, 기술평가등급을 A 등급(높은 수준의 기술력을 가진 기업)으로 평가함. 기술보증기금 BBB "
컨텍,2023-11-09,코스닥,기술평가특례,기술특례,대신증권(주),IT/소프트웨어,22500,463.5,3168.47,198.93,1.24,-31.1,-13.2,-55.4,"3차 기업실사 1. 장소: 주식회사 컨텍 회의실 2. 참석자: 신청회사, 대표주관회사 3. 내용 1) 상장예비심사신청을 위한 기술평가 등급수령(한국발명진흥회, 한국기업데이터) 2) 사업계획에 따른 영업 진행 현황 검"
그린리소스,2023-11-24,코스닥,기술평가특례,기술특례,엔에이치투자증권(주),반도체/디스플레이,17000,278.8,2788.0,753.19,5.39,96.8,63.5,-22.6,"일의 업체로서, 세계 식각 장비 부품 코팅 시장에서 세계 유수의 업체들과 경쟁하고 있는 점을 고려하여 종합적으로 판단할 때, 기술평가등급은 [A]로 평가됨 이크레더블 BBB 동사는 도장 및 기타 피막처리업을 영위하는"
에이텀,2023-12-01,코스닥,기술평가특례,기술특례,하나증권주식회사,기타,18000,117.0,1293.49,136.4,0.43,-1.9,-21.8,-67.4,"매출 성장에 큰 효과가 있을 것으로 판단됨. 상술한 바와 같이, 동사의 기술적 차별성과 경쟁력, 시장현황을 종합하여, 동사의 기술평가등급을 A 등급(높은 수준의 기술력을 가진 기업)으로 평가함. [전문평가의 평가등급"
와이바이오로직스,2023-12-05,코스닥,기술평가특례,기술특례,유안타증권(주),바이오/헬스케어,9000,135.0,1441.12,226.9,14.47,68.9,-2.2,-11.7,당사는「코스닥시장 상장규정」 제30조제1항에서 정하는 기술성장기업으로서 면제 대상에 해당합니다
블루엠텍,2023-12-13,코스닥,이익미실현,이익미실현,"키움증권(주),하나증권주식회사",소비재/유통,19000,266.0,2660.0,582.24,0.02,23.2,-30.5,-35.2,"조 제1항 제6호의 경영성과 및 시장평가 등 요건 중 가.목의 수익성 또는 매출액 관련 요건을 충족하지 못하였으며, 이에 따라 나.목의 시장평가 또는 성장성 충족(이익미실현기업의 상장)에 관한 요건을 적용받아 금번 "
케이웨더,2024-02-22,코스닥,성장성/사업모델,기술특례,엔에이치투자증권(주),기계/장비,7000,70.0,704.66,1362.5,3.93,32.4,-40.0,-54.8,"준으로 판단되며, 경영역량과 개발역량을 감안 시 동사의 자원인프라도 상당 히 양호한 수준으로 평가됨. 이에 따라 동사의 최종 사업평가등급은 우수한 사업성을 보유하고 있으나, 장래의 환경변화에 다소 영향을 받을 수 있"
코셈,2024-02-23,코스닥,기술평가특례,기술특례,키움증권(주),기계/장비,16000,96.0,933.12,1267.6,10.04,45.9,-46.3,-56.8,"당사는 기술성장기업(기술 특례상장) 적용 기업으로서 매출액 요건의 경우 신규상장 예정일이 속하는 사업연도와 그 이후 5개 사업연도, 법인세비용차감전계속사업손실 요건의 경우 신규상장 예정일이 속하는 사업연도와 그 이후"
이에이트,2024-02-23,코스닥,기술평가특례,기술특례,한화투자증권(주),IT/소프트웨어,20000,226.0,2260.0,630.64,2.35,7.2,-26.5,-77.0,"당사는 기술성장기업으로서 매출액 요건의 경우 신규상장일이 속하는 사업연도(상장 후 사업연도말까지 3월 미만인 경우 다음 사업연도)를 포함한 연속하는 5개 사업연도, 세전이익 요건의 경우 신규상장일이 속하는 사업연도("
케이엔알시스템,2024-03-07,코스닥,기술평가특례,기술특례,"엔에이치투자증권(주),DB증권주식회사",기계/장비,13500,284.04,1561.79,873.2,31.86,72.6,-39.0,-31.1,년 온기 실적 검토 2) 적정주식수 확보를 위한 액면분할 실시 기업실사 10차 2023.03.21 ~2023.03.22 1) 기술평가등급 수령에 따른 상장예비심사신청 초도 미팅 기업실사 11차 2023.05.10 1
삼현,2024-03-21,코스닥,기술평가특례,기술특례,한국투자증권(주),자동차/모빌리티,30000,600.0,2117.17,649.11,10.64,16.2,-26.2,16.7,", 한국기술신용평가로부터 ""스마트 액추에이터 및 스마트 파워유닛 설계 제조 기술""에 대해 평가받았으며, 각각 A, A 등급의 기술평가 등급을 통보 받았습니다. 그러나 이러한 전문기관의 기술평가 결과가 회사의 성장성과"
아이엠비디엑스,2024-04-03,코스닥,기술평가특례,기술특례,미래에셋증권 주식회사,바이오/헬스케어,13000,325.0,1858.98,865.73,4.5,30.3,34.8,-27.2,"7차 기업실사 2023.05.10. - 기술평가 신청(SCI평가정보, 한국평가데이터) 8차 기업실사 2023.06.23. - 기술평가 등급 수령(SCI평가정보: A, 한국평가데이터: A) 9차 기업실사 2023.06"
디앤디파마텍,2024-05-02,코스닥,기술평가특례,기술특례,한국투자증권(주),바이오/헬스케어,33000,363.0,3639.86,848.5,10.96,-13.6,32.3,80.3,"전문평가 기관의 평가를 받아 기술력과 성장성을 인정받는 일련의 절차와는 무관하며, 나아가 금번 전문평가기관의 의견이 기존의 기술평가 등급이 유효하지 않다는 것을 의미하거나 해당 기관의 기존 의견을 소급하는 것 또한 "
민테크,2024-05-03,코스닥,기술평가특례,기술특례,KB증권(주),2차전지/에너지,10500,315.0,3150.0,946.72,4.23,-18.4,-41.4,-60.5,"당사는 「코스닥시장 상장규정」제30조제1항에 의하여 상장되는 기술성장기업으로 동 규정 제53조(관리종목) 제1항제1호 및 제2호, 제54조(상장의 폐지) 제1항제3호 및 제4호에 따라 관리종목 지정과 상장폐지 요건 "
아이씨티케이,2024-05-17,코스닥,기술평가특례,기술특례,엔에이치투자증권(주),반도체/디스플레이,20000,394.0,2744.7,783.2,6.54,-39.1,-68.6,-22.8,"당사는 기술성장기업으로 동 규정 제53조(관리종목) 제1항 제1호 및 제2호, 제54조(상장의 폐지) 제1항 제3호 및 제4호 에 따라 관리종목 지정과 상장폐지 요건 중 매출액 요건은 신규상장일이 속하는 사업연도를 "
라메디텍,2024-06-17,코스닥,기술평가특례,기술특례,대신증권(주),바이오/헬스케어,16000,207.68,1447.28,1115.44,9.93,2.4,-49.4,-49.8,": 김경순 본부장 , 김정헌 팀장 , 정창언 책임 , 박경근 책임 , 이진욱 선임 3. 내용 (1) 상장예비심사신청을 위한 기술평가 등급수령 (이크레더블 , 한국기술신용평가 ) (2) DD 체크리스트 작성 및 수정 "
씨어스테크놀로지,2024-06-19,코스닥,기술평가특례,기술특례,한국투자증권(주),바이오/헬스케어,17000,221.0,2187.2,1084.39,2.06,-24.5,-41.5,19.1,"/ 서비스의 사업화 수준 , 제품 / 서비스의 경쟁력을 감안 시 시장성은 양호한 수준으로 평가됨 . 이에 따라 동사의 최종 기술평가등급은 기술력이 동종기업 대비 높고 기술환경변화에 제한적으로 영향을 받을 수 있는 수"
한중엔시에스,2024-06-24,코스닥,기술평가특례,기술특례,,2차전지/에너지,30000,480.0,2725.5,725.94,12.44,31.7,-25.8,-15.7,"제품 / 서비스의 사업화 수준 , 제품 / 서비스의 경쟁력을 감안시 시장성은 보통 수준으로 평가됨 . 이에 따라 동사의 최종 기술평가등급은 기술력이 동종기업과 동등하고 기술환경변화에 보통 이상의 영향을 받을 수 있는"
에스오에스랩,2024-06-25,코스닥,기술평가특례,기술특례,한국투자증권(주),자동차/모빌리티,11500,230.0,2069.08,1072.3,4.19,-33.0,5.7,24.4,"제품 / 서비스의 사업화 수준 , 제품 / 서비스의 경쟁력을 감안하면 보통 이상 수준으로 평가됨 . 이에 따라 동사의 최 종 기술평가등급은 기술력이 동종기업 대비 높고 , 기술환경변화에 제한적으로 영향을 받을 수 있"
에이치브이엠,2024-06-28,코스닥,기술평가특례,기술특례,엔에이치투자증권(주),화학/소재,18000,432.0,2210.11,837.2,0.0,-38.1,22.5,50.3,"당사는 기술성장기업(기술 특례상장) 적용 기업으로서 매출액 요건의 경우 신규상장 예정일이 속하는 사업연도와 그 이후 5개 사업연도, 법인세비용차감전계속사업손실 요건의 경우 신규상장 예정일이 속하는 사업연도와 그 이후"
이노스페이스,2024-07-02,코스닥,기술평가특례,기술특례,미래에셋증권 주식회사,방산/우주항공,43300,575.89,4122.19,598.87,1.99,-44.6,-61.7,-61.5,"평가 - 기술관련 예비심사 전략 수립 2) 상장예비심사 신청서 작성 안내 9차 기업실사 2023.10.13 이노스페이스 본사 기술평가 등급 수령(평가기관 2곳 각각 A,A수령) 10차 기업실사 2023.10.16. "
하스,2024-07-03,코스닥,기술평가특례,기술특례,삼성증권(주),바이오/헬스케어,16000,289.6,1340.26,946.4,6.36,-21.5,-56.6,-48.9,"SCI 평가정보 로부터 ""리튬 디실리케이트 결정화 유리 소재 미세구조 제어기술""에 대해 평가받았으며, 각각 A, A 등급의 기술평가 등급을 통보받았습니다. 그러나 이러한 전문기관의 기술평가 결과가 회사의 성장성과 향"
엑셀세라퓨틱스,2024-07-15,코스닥,기술평가특례,기술특례,대신증권(주),바이오/헬스케어,10000,161.8,1137.16,1233.8,4.5,-38.0,-54.8,-68.7,기술력이 동종기업 대비 높고 기술환경변화에 제한적으로 영향을 받을 수 있는 수준이며 미래성장 가능성이 높은 기업으로 판단되어 기술평가등급 ‘A’를 제시한다 . B 사 BBB 평가대상기술은 세포유전자 치료제의 필수소재
피앤에스미캐닉스,2024-07-31,코스닥,기술평가특례,기술특례,키움증권(주),바이오/헬스케어,22000,297.0,1423.78,986.08,5.6,-38.9,-35.5,-40.9,"평가정보, 한국발명진흥회로부터 보행재활훈련 로봇시스템 관련 5가지 핵심기술에 대한 기술성 평가받았으며, 각각 A, A 등급의 기술평가 등급을 통보받았습니다. 그러나 이러한 전문기관의 기술평가 결과가 회사의 성장성과 "
아이빔테크놀로지,2024-08-06,코스닥,기술평가특례,기술특례,삼성증권(주),기계/장비,10000,223.4,1574.94,1011.5,0.49,-17.4,-51.4,-67.4,"를 신청하였으며, 평가기관으로 한국발명진흥회와 기술보증기금을 지정받았습니다. 이후 2023년 8월 9일 동 기관들로부터 각각 기술평가등급 A등급 및 BBB등급을 취득하여 상장예비심사를 신청하였습니다. [ 전문평가기관"
넥스트바이오메디컬,2024-08-20,코스닥,기술평가특례,기술특례,한국투자증권(주),바이오/헬스케어,29000,290.0,2390.09,356.95,2.18,37.2,82.4,89.7,력이 동종기업 대비 높고 기술환경변화에 제한 적으로 영향을 받을 수 있는 수준이며 미래 성장 가능성이 높은 기업으로 판단되어 기술평가등급 “A”를 제시한다. 평가기관 2 ㈜넥스트바이오메디컬(이하 '동사')는 2014
케이쓰리아이,2024-08-20,코스닥,기술평가특례,기술특례,하나증권주식회사,IT/소프트웨어,15500,217.0,1214.21,239.23,1.03,-53.9,-66.8,-69.4,"시 매출의 탑 수상 (100 억 ) 2023.12 산업통상자원부 장관 표창 「 가상 . 증강현실 산업 공로 」 2023.12 기술평가등급 획득(A, BBB) 2024.06 코스닥 상장 예비심사 승인 3. 자본금 변동"
이엔셀,2024-08-23,코스닥,기술평가특례,기술특례,엔에이치투자증권(주),바이오/헬스케어,15300,239.72,1710.7,949.3,0.24,40.8,25.9,-33.2,력이 동종기업 대비 높고 기술환경변화에 제한 적으로 영향을 받을 수 있는 수준이며 미래 성장 가능성이 높은 기업으로 판단되어 기술평가등급 “A”를 제시한다. 주1) 2023년 06월 23일 기술평가결과서 수령시 당사
아이언디바이스,2024-09-23,코스닥,기술평가특례,기술특례,대신증권(주),반도체/디스플레이,7000,210.0,992.83,1152.85,3.34,-27.0,-45.4,-47.9,"2) 대표주관회사 : 김경순 본부장 , 김정헌 팀장 , 김경훈 과장 , 박상진 과장 3. 내용 (1) 상장예비심사신청을 위한 기술평가 등급수령 (NICE 평가정보 , 기술보증기금 ) (2) 사업계획에 따른 영업 진행"
셀비온,2024-10-16,코스닥,기술평가특례,기술특례,대신증권(주),바이오/헬스케어,15000,286.65,2009.45,1050.19,8.64,-12.7,22.5,18.1,"당사는 기술성장기업으로서 매출액 요건의 경우 신규상장일이 속하는 사업연도(상장 후 사업연도말까지 3월 미만인 경우 다음 사업연도)를 포함한 연속하는 5개 사업연도, 세전이익 요건의 경우 신규 상장일이 속하는 사업연도"
루미르,2024-10-21,코스닥,기술평가특례,기술특례,엔에이치투자증권(주),방산/우주항공,12000,288.0,2303.82,13.1,0.14,-5.8,-26.8,-25.9,동종기업 대비 높고 기술환경변화에 eogo 보통의 영향을 받을 수 있는 수준으로 미래 성장 가능성이 양호한 기업으로 판단되어 기술평가등급 “BBB”를 제시한다. 【전문평가의 평가항목 중 기술기반기업 평가사항】 구분 
씨메스,2024-10-24,코스닥,기술평가특례,기술특례,"유진투자증권(주),삼성증권(주)",기계/장비,30000,780.0,7800.0,577.59,1.0,-47.1,-12.5,3.7,", NICE평가정보로부터 ""3차원 검사 장비 및 고정밀 지능형 로봇자동화 솔루션""에 대해 평가받았으며, AA, BBB 등급의 기술평가 등급을 통보받았습니다. 그러나 이러한 전문기관의 기술평가 결과가 회사의 성장성과 "
웨이비스,2024-10-25,코스닥,기술평가특례,기술특례,대신증권(주),반도체/디스플레이,15000,223.5,2106.05,1159.89,0.01,-47.5,-40.3,-44.5,"~ 25년 12월) 2023.08~09 Series E 투자 146억원 유치 2023.10 상장예비심사 청구를 위한 KRX 기술평가 등급 A 획득 (한국평가데이터, 기술보증기금) 2024.07 김정곤 CEO 사임 ("
에이치이엠파마,2024-11-05,코스닥,기술평가특례,기술특례,신한투자증권 주식회사,바이오/헬스케어,23000,160.31,1669.02,1220.68,0.29,-43.5,-8.0,24.6,", 제품/서비스의 사업화 수준, 제품/서비스의 경쟁력을 감안 시 시장성은 보통 이상 수준으로 평가됨. 이에 따라 동사의 최종 기술평가등급은 기술력이 동종기업 대비 높고 기술환경변화에 제한적으로 영향을 받을 수 있는 "
토모큐브,2024-11-07,코스닥,기술평가특례,기술특례,대신증권(주),기계/장비,16000,320.0,2143.42,967.71,0.14,-21.3,29.1,168.8,"며, 평가기관으로 한국산업기술평가관리원과 나이스평가정보를 지정받았습니다. 이후 2023년 12월 18일 동 기관들로부터 각각 기술평가등급 A등급 및 A등급을 취득하여 상장예비심사를 신청하였습니다. [ 전문평가기관의 "
에어레인,2024-11-08,코스닥,기술평가특례,기술특례,신영증권(주),기계/장비,23000,276.0,2477.8,1000.1,0.46,-53.2,-14.7,-20.4,"당사는 기술성장기업 적용 기업으로서 매출액 요건의 경우 신규상장 예정일이 속하는 사업연도와 그 이후 5개 사업연도, 법인세비용차감전계속사업손실 요건의 경우 신규상장 예정일이 속하는 사업연도와 그 이후 3개 사업연도에"
노머스,2024-11-12,코스닥,이익미실현,이익미실현,대신증권(주),엔터/미디어/게임,30200,341.26,3361.05,288.0,0.79,-34.9,-4.8,-19.5,"조 제1항 제2호의 경영성과 및 시장평가 등 요건 중 가.목의 수익성 또는 매출액 관련 요건을 충족하지 못하였으며, 이에 따라 나.목의 시장평가 또는 성장성 충족(이익미실현기업의 상장)에 관한 요건을 적용받아 금번 "
닷밀,2024-11-13,코스닥,기술평가특례,일반,미래에셋증권 주식회사,엔터/미디어/게임,13000,156.0,1226.95,1082.35,0.22,-59.5,-48.2,-61.8,술특허 취득을 완료하였으며 실감미디어 시뮬레이터와 미디어 서버를 자체 기술로 개발 및 상용화를 완료하였습니다. 당사는 투자용 기술평가등급에서 '매우 우수한 기술력과 성장잠재력이 우수한 시장을 바탕으로 미래 성장가능성
온코크로스,2024-12-18,코스닥,기술평가특례,기술특례,미래에셋증권 주식회사,바이오/헬스케어,7300,103.88,924.69,635.05,0.0,7.8,74.1,59.6,당사는 코스닥시장 상장요건 중 전문평가 기관인 NICE평가정보와 한국산업기술기획평가원로부터 당사의 기술 등에 대한 평가를 받아 A등급 및 A등급을 취득하여 기술력과 성장성이 인정되는 기업인 기술성장기업(기술특례상장)
온코닉테라퓨틱스,2024-12-19,코스닥,기술평가특례,기술특례,엔에이치투자증권(주),바이오/헬스케어,13000,201.5,1504.03,198.96,3.72,13.5,79.2,476.6,"당사는 코스닥시장 상장요건 중 전문평가 기관인 나이스평가정보와 한국발명진흥회로부터 당사의 기술 등에 대한 평가를 받아 2024년 1월 17일자로 1개사에게 A 등급, 다른 1개사에 BBB 등급을 취득하여 기술력과 성"
쓰리에이로직스,2024-12-24,코스닥,기술평가특례,기술특례,"신한투자증권 주식회사,미래에셋증권 주식회사",반도체/디스플레이,11000,204.31,1059.39,129.1,0.0,-44.5,-34.6,-43.8,"호하다. NFC 기술의 신규 수요처가 계속 발굴되고 있는 점을 고려할 때 제품/서비스 확장가능성이 있다고 보여진다. 종합적인 기술평가등급은 'A'로 의견 제시한다. (출처: 이크레더블, 한국기술신용평가) [전문평가의"
와이즈넛,2025-01-24,코스닥,기술평가특례,기술특례,삼성증권(주),IT/소프트웨어,17000,153.0,2238.98,64.85,0.32,-23.8,-16.9,-36.5,"재력, 제품/서비스의 사업화 수준, 제품/서비스의 경쟁력을 감안 시 시장성은 양호한 수준으로 판단됨. 이에 따라 동사의 최종 기술평가등급은 기술력이 동종기업 대비 높고 기술환경변화에 제한적으로 영향을 받을 수 있는 "
데이원컴퍼니,2025-01-24,코스닥,이익미실현,이익미실현,"미래에셋증권 주식회사,삼성증권(주)",기타,13000,176.93,1813.58,114.98,0.0,-47.6,-52.5,-65.2,당사는 이익미실현 기업으로서 세전이익 요건의 경우 신규상장일이 속하는 사업연도를 포함한 연속하는 5개 사업연도(상장일부터 상장일이 속한 사업연도의 말일까지의 기간이 3월미만인 경우에는 그 다음 사업연도)에 대해서는 
아이지넷,2025-02-04,코스닥,성장성/사업모델,기술특례(성장성),한국투자증권(주),IT/소프트웨어,7000,140.0,1098.27,1138.59,0.4,-53.6,-59.9,-71.1,못한 상황으로 평판이 악화될 수 있으며 그로 인해 플랫폼 활성화 및 매출 성장 또한 둔화될 가능성이 있습니다. 회사위험 가. 기술성장기업(사업모델기업) 상장요건 적용 및 관리종목 지정 관련 위험 당사는 코스닥시장 상
아이에스티이,2025-02-12,코스닥,기술평가특례,기술특례,KB증권(주),반도체/디스플레이,11400,148.2,981.1,1148.16,1.69,10.1,-7.8,-4.8,"당사는 기술성장기업으로서 매출액 요건의 경우 신규상장일이 속하는 사업연도(상장 후 사업연도말까지 3월 미만인 경우 다음 사업연도)를 포함한 연속하는 5개 사업연도, 세전이익 요건의 경우 신규 상장일이 속하는 사업연도"
오름테라퓨틱,2025-02-14,코스닥,기술평가특례,기술특례,한국투자증권(주),바이오/헬스케어,20000,500.0,4527.28,16.93,10.93,50.5,15.5,486.5,력이 동종기업 대비 다소 높고 기술환경변화에 보통의 영향을 받을 수 있는 수준이며 미래성장 가능성이 양호한 기업으로 판단되어 기술평가등급 “BBB”를 제시한다. 주1) 기술평결과서 수령시 당사는 Vertex사와의 계
엠디바이스,2025-03-07,코스닥,이익미실현,이익미실현,삼성증권(주),반도체/디스플레이,8350,105.21,1052.1,1366.65,4.9,9.2,26.7,221.6,"당사는 2023년 사업연도 당기순손실을 기록하였으며, 「코스닥시장 상장규정」 제28조 제1항 제2호에 따른 이익미실현기업 상장 요건(""테슬라 요건"")을 적용받"
심플랫폼,2025-03-21,코스닥,기술평가특례,기술특례,KB증권(주),IT/소프트웨어,15000,138.0,997.12,1213.84,0.31,7.5,-24.7,-46.7,"국평가데이터로부터 ""산업용 데이터 수집/분석/예측을 위한 AIoT 적용/운영 기술""에 대해 평가받았으며, A, BBB 등급의 기술평가 등급을 통보받았습니다. 그러나 이러한 전문기관의 기술평가 결과가 회사의 성장성과 "
쎄크,2025-04-28,코스닥,기술평가특례,기술특례,신영증권(주),기계/장비,15000,180.0,1323.83,1232.54,3.76,-14.1,-38.5,-5.5,"당사는 기술성장기업(혁신기술기업) 적용 기업으로서 매출액 요건의 경우 신규상장 예정일이 속하는 사업연도와 그 이후 5개 사업연도, 법인세비용차감전계속사업손실 요건의 경우 신규상장 예정일이 속하는 사업연도와 그 이후 "
나우로보틱스,2025-05-08,코스닥,기술평가특례,기술특례,"대신증권(주),iM증권",기계/장비,6800,170.0,893.87,1394.96,13.59,305.1,255.1,245.6,"기술인 '첨단 로봇 정밀 제어 및 로봇 토탈 솔루션 기술'에 대하여 기술평가를 신청하였으며, 2024년 06월 19일 수령한 기술평가등급 A등급 이상의 결과를 기반으로 상장예비심사를 신청하였습니다. [ 전문평가기관의"
오가노이드사이언스,2025-05-09,코스닥,기술평가특례,기술특례,한국투자증권(주),바이오/헬스케어,21000,252.0,1165.29,1066.9,6.33,54.5,61.4,6.7,", 제품/서비스의 사업화 수준, 제품/서비스의 경쟁력을 감안 시 시장성은 보통 이상 수준으로 평가됨. 이에 따라 동사의 최종 기술평가등급은 기술력이 동종기업 대비 높고 기술환경변화에 제한적으로 영향을 받을 수 있는 "
로킷헬스케어,2025-05-12,코스닥,기술평가특례,기술특례,SK증권(주),바이오/헬스케어,11000,171.6,1784.05,368.45,8.51,56.6,261.4,550.0,당사는 기술성장특례(기술성장기업) 적용 기업으로서 매출액 요건의 경우 신규상장일이 속하는 사업연도를 포함한 연속하는 5개 사업연도(상장일부터 상장일이 속한 사업연도의 말일까지의 기간이 3개월 미만인 경우에는 그 다음
이뮨온시아,2025-05-19,코스닥,기술평가특례,기술특례,한국투자증권(주),바이오/헬스케어,3600,329.06,2297.15,897.45,8.22,50.3,58.9,58.9,"당사는 「코스닥시장 상장규정」제30조제1항에 의하여 상장되는 기술성장기업으로 동 규정 제53조(관리종목) 제1항제1호 및 제2호, 제54조(상장의 폐지) 제1항제3호 및 제4호에 따라 관리종목 지정과 상장폐지 요건 "
링크솔루션,2025-06-10,코스닥,기술평가특례,기술특례,신영증권(주),기계/장비,23000,207.0,1335.48,1159.43,1.83,-24.9,63.5,90.0,당사는 기술성장기업 특례 적용 기업(혁신기술기업)으로서 매출액 요건의 경우 신규상장일이 속하는 사업연도(상장일부터 상장일이 속한 사업연도의 말일까지의 기간이 3개월 미만인 경우에는 그 다음 사업연도)를 포함한 연속하
지씨지놈,2025-06-11,코스닥,기술평가특례,기술특례,삼성증권(주),바이오/헬스케어,10500,420.0,4200.0,,,-16.8,-25.8,-47.0,당사는 코스닥시장 상장요건 중 전문평가 기관인 한국평가데이터와 한국생명공학연구원로부터 당사의 기술 등에 대한 평가를 받아 A등급 및 A등급을 취득하여 기술력과 성장성이 인정되는 기업인 기술성장기업(기술특례상장)으로서
뉴엔AI,2025-07-04,코스닥,기술평가특례,기술특례,엔에이치투자증권(주),IT/소프트웨어,15000,333.0,3330.0,,,108.7,14.7,-49.1,"평가정보와 기술보증기금의 기술평가, 현장실사 및 PT를 진행하였습니다. 2024년 09월 11일에 양 평가기관으로부터 획득한 기술평가등급은 각각 'A', 'A' 입니다. 평가기관 평가대상기술명 평가결과 평가기간 나이"
프로티나,2025-07-29,코스닥,기술평가특례,기술특례,한국투자증권(주),바이오/헬스케어,14000,210.0,1601.03,1199.2,8.11,11.0,495.0,,"당사는 「코스닥시장 상장규정」제30조제1항에 의하여 상장되는 기술성장기업으로 동 규정 제53조(관리종목) 제1항제1호 및 제2호, 제54조(상장의 폐지) 제1항제3호 및 제4호에 따라 관리종목 지정과 상장폐지 요건 "
아이티켐,2025-08-07,코스닥,이익미실현,이익미실현,KB증권(주),바이오/헬스케어,16100,322.0,2108.21,1157.98,23.83,21.3,126.7,,당사는 「코스닥시장 상장규정」상 이익미실현기업으로서 매출액 요건의 경우 신규상장일이 속하는 사업연도를 포함한 연속하는 5개 사업연도(상장일부터 상장일이 속한 사업연도의 말일까지의 기간이 3월미만인 경우에는 그 다음 
지투지바이오,2025-08-14,코스닥,기술평가특례,기술특례,미래에셋증권 주식회사,바이오/헬스케어,58000,522.0,3241.71,810.6,15.64,186.0,345.1,,", 제품/서비스의 사업화 수준, 제품/서비스의 경쟁력을 감안 시 시장성은 보통 이상 수준으로 평가됨. 이에 따라 동사의 최종 기술평가등급은 기술력이 동종기업 대비 높고 기술환경변화에 제한적으로 영향을 받을 수 있는 "
에스투더블유,2025-09-19,코스닥,기술평가특례,기술특례,대신증권(주),IT/소프트웨어,13200,208.56,1459.7,1145.4,22.86,56.4,10.0,,당사는 기술성장기업 특례 적용 기업(혁신기술기업)으로서 매출액 요건의 경우 신규상장일이 속하는 사업연도(상장일부터 상장일이 속한 사업연도의 말일까지의 기간이 3개월 미만인 경우에는 그 다음 사업연도)를 포함한 연속하
노타,2025-11-03,코스닥,기술평가특례,기술특례,미래에셋증권 주식회사,IT/소프트웨어,9100,265.36,1956.57,1058.2,59.75,385.7,294.0,,"장에 진입하였으나, 후발 주자들의 진입이 예상되며, 제품/서비스의 확장가능성이 있어 제품/서비스 경쟁력이 적정하다. 종합적인 기술평가등급은 'A'로 의견 제시한다. 출처: 나이스평가정보, 한국기술신용평가 당사는 한국"
큐리오시스,2025-11-13,코스닥,기술평가특례,기술특례,키움증권(주),기계/장비,22000,264.0,1692.21,1031.39,55.67,,146.4,,"당사는 「코스닥시장 상장규정」제30조제1항에 의하여 상장되는 기술성장기업으로 동 규정 제53조(관리종목) 제1항제1호 및 제2호, 제54조(상장의 폐지) 제1항제3호 및 제4호에 따라 관리종목 지정과 상장폐지 요건 "
그린광학,2025-11-17,코스닥,기술평가특례,기술특례,신영증권(주),기계/장비,16000,320.0,1872.41,962.34,65.43,13.2,76.2,,"증가한 자본금: 86,957,000원 / 총 자본금: 5,023,133,500원 2025.04 한국거래소 지정 전문평가기관 기술평가등급 수취 (한국산업기술기획평가원 A, 한국기술신용평가 A) 2025.06 유상증자("
비츠로넥스텍,2025-11-21,코스닥,기술평가특례,기술특례,엔에이치투자증권(주),방산/우주항공,6900,303.6,1999.37,1015.93,29.76,46.4,122.2,,"이 동종기업 대비 다소 높고 기술환경변화에 보통의 영향을 받을 수 있는 수준이며 미래 성장 가능성이 양호한 기업으로 판단되어 기술평가등급 'BBB’를 제시한다. 출처: 한국산업기술진흥원, 이크레더블 당사는 한국거래소"
에임드바이오,2025-12-04,코스닥,기술평가특례,기술특례,미래에셋증권 주식회사,바이오/헬스케어,11000,707.3,7321.73,671.98,74.22,410.0,151.8,,"보유하고 있어, 이는 동사 플랫폼 기술과 일부 파트너십 체계를 통해 지속적인 상업화 가능성을 확보한 것으로 판단된다. 따라서 기술평가 등급 [A]의 의견을 제시한다. 평가기관2 A 동사는 항체-약물 접합체(ADC, "
테라뷰,2025-12-09,코스닥,기술평가특례,기술특례,,기계/장비,8000,400.0,4000.0,,,,,,"가기관인 이크레더블, 한국평가데이터로부터 ""테라헤르츠 전자기파 발생 및 응용 검사장비""에 대해 평가받았으며, A, A 등급의 기술평가 등급을 통보받았습니다. 그러나 이러한 전문기관의 기술평가 결과가 회사의 성장성과 "
이지스,2025-12-11,코스닥,기술평가특례,기술특례,엔에이치투자증권(주),IT/소프트웨어,15000,225.0,1578.76,1109.86,6.31,-26.4,-69.7,,"당사는 「코스닥시장 상장규정」제30조제1항에 의하여 상장되는 기술성장기업으로 동 규정 제53조(관리종목) 제1항제1호 및 제2호, 제54조(상장의 폐지) 제1항제3호 및 제4호에 따라 관리종목 지정과 상장폐지 요건 "
쿼드메디슨,2025-12-12,코스닥,기술평가특례,기술특례,엔에이치투자증권(주),바이오/헬스케어,15000,255.0,1763.16,1139.61,17.82,-11.1,-48.0,,"이 동종기업 대비 높고 기술환경변화에 제한적으로 영향을 받을 수 있는 수준이며 미래 성장가능성이 높은 것으로 판단되며, 이에 기술평가등급 ‘A’를 제시한다. 주1) 2025년 6월 5일 기술평가결과서 수령 시 당사는"
나라스페이스테크놀로지,2025-12-17,코스닥,기술평가특례,기술특례,삼성증권(주),방산/우주항공,16500,283.8,1942.8,879.08,5.53,85.8,28.5,,이 동종기업 대비 높고 기술환경변화에 대해 보통의 영향을 받을 수 잇는 수준으로 미래 성장 가능성이 양호한 기업으로 판단되어 기술평가등급 “BBB”를 제시한다. 주1) 2025년 3월 24일 기술평가결과서 수령시 당
리브스메드,2025-12-24,코스닥,기술평가특례,기술특례,"미래에셋증권 주식회사,삼성증권(주)",바이오/헬스케어,55000,1358.5,14255.86,231.87,17.12,13.1,-33.1,,당사는 기술성장기업 특례 적용 기업(혁신기술기업)으로서 매출액 요건의 경우 신규상장일이 속하는 사업연도(상장일부터 상장일이 속한 사업연도의 말일까지의 기간이 3개월 미만인 경우에는 그 다음 사업연도)를 포함한 연속하
세미파이브,2025-12-29,코스닥,이익미실현,이익미실현,"삼성증권(주),유비에스증권 리미티드 서울지점",건설/인프라,24000,1296.0,8860.74,436.89,43.93,18.3,-13.5,,"당사는 2024 사업연도 당기순손실을 기록하였으며, 「코스닥시장 상장규정」 제28조 제1항 제2호에 따른 이익미실현기업 상장 요건(""테슬라 요건"")을 적용받"
카나프테라퓨틱스,2026-03-16,코스닥,기술평가특례,기술특례,한국투자증권(주),바이오/헬스케어,20000,400.0,2697.91,962.1,76.1,86.5,,,"술 관련 기밀사항, 영업 정보 등 민감한 내용은 제외하였습니다. 또한, 「코스닥시장 상장규정」 제30조에 따른 기술성장기업의 기술평가 등급에 대한주요 내용은 하기의 표와 같습니다. [전문평가의 평가등급 체계 및 등급"
아이엠바이오로직스,2026-03-20,코스닥,기술평가특례,기술특례,"신한투자증권 주식회사,한국투자증권(주)",바이오/헬스케어,26000,520.0,2887.2,839.23,76.01,135.4,,,으로 사료된다. 따라서 동사는 플랫폼 기술과 일부 파트너십 체계를 통해 지속적인 상업화 가능성을 확보한 것으로 판단됨에 따라 기술평가등급 [A]의 의견을 제시한다. (주1) 2025년 7월 31일 기술평가결과서 수령
리센스메디컬,2026-03-31,코스닥,기술평가특례,기술특례,"한국투자증권(주),KB증권(주)",바이오/헬스케어,11000,154.0,1233.47,1352.63,63.92,176.4,,,"재력, 제품/서비스의 사업화 수준, 제품/서비스의 경쟁력을 감안 시 시장성은 양호한 수준으로 평가됨. 이에 따라 동사의 최종 기술평가등급은 기술력이 동종기업 대비 높고 기술환경변화에 제한적으로 영향을 받을 수 있는 "
인벤테라,2026-04-02,코스닥,기술평가특례,기술특례,"유진투자증권(주),엔에이치투자증권(주)",바이오/헬스케어,16600,195.88,1422.64,1328.82,43.06,38.0,,,기술력이 동종기업 대비 높고 기술환경변화에 제한적으로 영향을 받을 수 있는 수준이며 미래 성장 가능성이 높은 기업으로 판단돼 기술평가등급 [A]를 제시한다. 평가기관 B BBB ㈜인벤테라(이하 동사)는 2018년에 
채비,2026-04-29,코스닥,이익미실현,이익미실현,"대신증권(주),하나증권주식회사,삼성증권(주),KB증권(주)",2차전지/에너지,12300,1107.0,6127.65,55.23,6.49,-11.7,,,"당사는 「코스닥시장 상장규정」상 이익미실현기업으로서 매출액 요건의 경우 신규상장일이 속하는 사업연도를 포함한 연속하는 5개 사업연도, 법인세비용차감전계속사업손실 요건의 경우 신규상장일이 속하는 사업연도를 포함한 연속"
코스모로보틱스,2026-05-11,코스닥,기술평가특례,기술특례,"유진투자증권(주),엔에이치투자증권(주)",바이오/헬스케어,6000,250.2,1961.98,1140.11,73.03,338.3,,,"재력, 제품/서비스의 사업화 수준, 제품/서비스의 경쟁력을 감안 시 시장성은 양호한 수준으로 평가됨. 이에 따라 동사의 최종 기술평가등급은 BBB(기술력이 동종기업 대비 다소 높고 기술환경변화에 보통의 영향을 받을 "
마키나락스,2026-05-20,코스닥,기술평가특례,기술특례,미래에셋증권 주식회사,IT/소프트웨어,15000,395.25,2738.31,1196.08,78.17,27.1,,,기술력이 동종기업 대비 높고 기술환경변화에 제한적으로 영향을 받을 수 있는 수준이며 미래 성장 가능성이 높은 기업으로 판단돼 기술평가등급 'A' 를 제시한다. A등급 동사는 2017년 설립된 AI 모델 개발 및 운영
져스텍,2026-06-29,코스닥,기술평가특례,기술특례,삼성증권(주),2차전지/에너지,12500,200.0,1556.86,1294.99,47.2,,,,"재력, 제품/서비스의 사업화 수준, 제품/서비스의 경쟁력을 감안 시 시장성은 양호한 수준으로 판단됨. 이에 따라 동사의 최종 기술평가등급은 기술력이 동종기업 대비 다소 높고 기술환경변화에 보통의 영향을 받을 수 있는"
스트라드비젼,2026-06-30,코스닥,기술평가특례,기술특례,KB증권(주),IT/소프트웨어,12000,840.0,6660.41,381.3,2.77,,,,"게 하드웨어 자유도와 모듈화 편의성을 제공합니다. 이러한 기술적 우위와 가격 경쟁력, 미래 성장 가능성을 종합적으로 고려하여 기술평가등급 ‘A’를 제시합니다. 평가기관2 BBB ㈜스트라드비젼은 2014년 9월 설립된"
매드업,2026-07-01,코스닥,기술평가특례,이익미실현,미래에셋증권 주식회사,기타,8000,160.0,1513.62,1396.29,27.39,,,,"메타(Meta) 파트너 어워즈 2021, '이노베이션 히어로(Innovation Hero)' 수상 2022.01 이크레더블 기술평가등급 우수 'TI3' 획득 2022.02 구글 프리미어 파트너 최고 등급 선정 202"
