회사명,상장일,피어표_트랙,득표,총언급,순도,트랙별,본문분류,일치
선바이오,2016-01-22,기술평가특례,1,1,1.0,{'기술평가특례': 1},기술평가특례,Y
오스테오닉,2016-05-04,기술평가특례,1,1,1.0,{'기술평가특례': 1},기술평가특례,Y
지노믹트리,2016-07-19,기술평가특례,1,1,1.0,{'기술평가특례': 1},기술평가특례,Y
링크제니시스,2016-07-29,기술평가특례,1,1,1.0,{'기술평가특례': 1},일반,N
피엔에이치테크,2016-08-16,기술평가특례,26,27,0.96,"{'기술평가특례': 26, '이익미실현': 1}",기술평가특례,Y
수젠텍,2016-11-11,기술평가특례,1,1,1.0,{'기술평가특례': 1},기술평가특례,Y
비플라이소프트,2016-11-16,기술평가특례,97,105,0.92,"{'기술평가특례': 97, '성장성/사업모델': 8}",기술평가특례,Y
유바이오로직스,2017-01-24,기술평가특례,1,1,1.0,{'기술평가특례': 1},기술평가특례,Y
피씨엘,2017-02-23,기술평가특례,1,1,1.0,{'기술평가특례': 1},일반,N
아스타,2017-03-20,기술평가특례,1,1,1.0,{'기술평가특례': 1},일반,N
샘코,2017-09-15,기술평가특례,1,1,1.0,{'기술평가특례': 1},일반,N
앱클론,2017-09-18,기술평가특례,1,1,1.0,{'기술평가특례': 1},일반,N
티에스아이,2017-10-30,성장성/사업모델,2,2,1.0,{'성장성/사업모델': 2},이익미실현,N
미디어젠,2017-11-10,기술평가특례,1,1,1.0,{'기술평가특례': 1},일반,N
카페24,2018-02-08,성장성/사업모델,4,6,0.67,"{'성장성/사업모델': 4, '이익미실현': 2}",이익미실현,N
아시아종묘,2018-02-12,기술평가특례,1,1,1.0,{'기술평가특례': 1},기술평가특례,Y
엔지켐생명과학,2018-02-21,기술평가특례,1,1,1.0,{'기술평가특례': 1},기술평가특례,Y
EDGC,2018-06-26,기술평가특례,1,1,1.0,{'기술평가특례': 1},기술평가특례,Y
아이큐어,2018-07-12,기술평가특례,1,1,1.0,{'기술평가특례': 1},기술평가특례,Y
올릭스,2018-07-18,기술평가특례,1,1,1.0,{'기술평가특례': 1},기술평가특례,Y
리메드,2018-08-14,성장성/사업모델,4,6,0.67,"{'성장성/사업모델': 4, '이익미실현': 2}",이익미실현,N
바이오솔루션,2018-08-20,기술평가특례,1,1,1.0,{'기술평가특례': 1},기술평가특례,Y
로보티즈,2018-10-26,기술평가특례,1,1,1.0,{'기술평가특례': 1},기술평가특례,Y
옵티팜,2018-10-26,기술평가특례,1,1,1.0,{'기술평가특례': 1},기술평가특례,Y
셀리버리,2018-11-09,성장성/사업모델,11,13,0.85,"{'성장성/사업모델': 11, '이익미실현': 2}",성장성/사업모델,Y
파멥신,2018-11-21,기술평가특례,1,1,1.0,{'기술평가특례': 1},일반,N
싸이토젠,2018-11-22,기술평가특례,1,1,1.0,{'기술평가특례': 1},일반,N
티앤알바이오팹,2018-11-28,기술평가특례,1,1,1.0,{'기술평가특례': 1},기술평가특례,Y
네오펙트,2018-11-28,기술평가특례,1,1,1.0,{'기술평가특례': 1},일반,N
전진바이오팜,2018-12-14,기술평가특례,1,1,1.0,{'기술평가특례': 1},기술평가특례,Y
프로테옴텍,2018-12-19,기술평가특례,87,96,0.91,"{'기술평가특례': 87, '성장성/사업모델': 9}",기술평가특례,Y
에이비엘바이오,2018-12-19,기술평가특례,1,1,1.0,{'기술평가특례': 1},기술평가특례,Y
유틸렉스,2018-12-24,기술평가특례,1,1,1.0,{'기술평가특례': 1},기술평가특례,Y
비피도,2018-12-26,기술평가특례,1,1,1.0,{'기술평가특례': 1},기술평가특례,Y
이노테라피,2019-02-01,기술평가특례,1,1,1.0,{'기술평가특례': 1},일반,N
셀리드,2019-02-20,기술평가특례,1,1,1.0,{'기술평가특례': 1},일반,N
아모그린텍,2019-03-29,기술평가특례,1,1,1.0,{'기술평가특례': 1},일반,N
마이크로디지탈,2019-06-05,기술평가특례,1,1,1.0,{'기술평가특례': 1},일반,N
압타바이오,2019-06-12,기술평가특례,1,1,1.0,{'기술평가특례': 1},기술평가특례,Y
나노브릭,2019-08-19,기술평가특례,1,1,1.0,{'기술평가특례': 1},일반,N
라닉스,2019-09-18,성장성/사업모델,11,13,0.85,"{'성장성/사업모델': 11, '이익미실현': 2}",성장성/사업모델,Y
올리패스,2019-09-20,성장성/사업모델,11,13,0.85,"{'성장성/사업모델': 11, '이익미실현': 2}",성장성/사업모델,Y
라파스,2019-11-11,성장성/사업모델,11,13,0.85,"{'성장성/사업모델': 11, '이익미실현': 2}",성장성/사업모델,Y
제테마,2019-11-14,성장성/사업모델,4,6,0.67,"{'성장성/사업모델': 4, '이익미실현': 2}",이익미실현,N
티움바이오,2019-11-22,기술평가특례,1,1,1.0,{'기술평가특례': 1},기술평가특례,Y
신테카바이오,2019-12-17,성장성/사업모델,9,9,1.0,{'성장성/사업모델': 9},일반,N
메드팩토,2019-12-19,기술평가특례,1,1,1.0,{'기술평가특례': 1},기술평가특례,Y
브릿지바이오,2019-12-20,성장성/사업모델,9,9,1.0,{'성장성/사업모델': 9},성장성/사업모델,Y
애드바이오텍,2019-12-24,기술평가특례,20,21,0.95,"{'기술평가특례': 20, '성장성/사업모델': 1}",기술평가특례,Y
천랩,2019-12-26,기술평가특례,1,1,1.0,{'기술평가특례': 1},기술평가특례,Y
서남,2020-02-20,기술평가특례,1,1,1.0,{'기술평가특례': 1},기술평가특례,Y
레몬,2020-02-28,기술평가특례,1,1,1.0,{'기술평가특례': 1},기술평가특례,Y
켄코아에어로스페이스,2020-03-03,성장성/사업모델,4,6,0.67,"{'성장성/사업모델': 4, '이익미실현': 2}",이익미실현,N
드림씨아이에스,2020-05-22,기술평가특례,1,1,1.0,{'기술평가특례': 1},일반,N
에스씨엠생명과학,2020-06-17,기술평가특례,1,1,1.0,{'기술평가특례': 1},기술평가특례,Y
젠큐릭스,2020-06-25,기술평가특례,1,1,1.0,{'기술평가특례': 1},기술평가특례,Y
솔트룩스,2020-07-23,기술평가특례,1,1,1.0,{'기술평가특례': 1},기술평가특례,Y
제놀루션,2020-07-24,성장성/사업모델,10,10,1.0,{'성장성/사업모델': 10},기술평가특례,N
셀레믹스,2020-08-21,성장성/사업모델,12,14,0.86,"{'성장성/사업모델': 12, '이익미실현': 2}",기술평가특례,N
이오플로우,2020-09-14,성장성/사업모델,11,13,0.85,"{'성장성/사업모델': 11, '이익미실현': 2}",기술평가특례,N
압타머사이언스,2020-09-16,성장성/사업모델,2,5,0.4,"{'성장성/사업모델': 2, '기술평가특례': 1, '이익미실현': 2}",성장성/사업모델,Y
박셀바이오,2020-09-22,기술평가특례,1,1,1.0,{'기술평가특례': 1},기술평가특례,Y
넥스틴,2020-10-08,기술평가특례,1,1,1.0,{'기술평가특례': 1},기술평가특례,Y
고바이오랩,2020-11-18,성장성/사업모델,11,13,0.85,"{'성장성/사업모델': 11, '이익미실현': 2}",기술평가특례,N
클리노믹스,2020-12-04,성장성/사업모델,12,14,0.86,"{'성장성/사업모델': 12, '이익미실현': 2}",기술평가특례,N
알체라,2020-12-21,성장성/사업모델,12,14,0.86,"{'성장성/사업모델': 12, '이익미실현': 2}",성장성/사업모델,Y
엔비티,2021-01-21,기술평가특례,26,27,0.96,"{'기술평가특례': 26, '이익미실현': 1}",성장성/사업모델,N
씨앤투스성진,2021-01-28,성장성/사업모델,2,2,1.0,{'성장성/사업모델': 2},이익미실현,N
레인보우로보틱스,2021-02-03,기술평가특례,26,33,0.79,"{'기술평가특례': 26, '성장성/사업모델': 5, '이익미실현': 2}",기술평가특례,Y
와이더플래닛,2021-02-03,기술평가특례,26,27,0.96,"{'기술평가특례': 26, '이익미실현': 1}",성장성/사업모델,N
씨이랩,2021-02-24,기술평가특례,26,27,0.96,"{'기술평가특례': 26, '이익미실현': 1}",기술평가특례,Y
오로스테크놀로지,2021-02-24,기술평가특례,26,26,1.0,{'기술평가특례': 26},기술평가특례,Y
뷰노,2021-02-26,기술평가특례,26,27,0.96,"{'기술평가특례': 26, '이익미실현': 1}",기술평가특례,Y
나노씨엠에스,2021-03-09,기술평가특례,26,27,0.96,"{'기술평가특례': 26, '이익미실현': 1}",기술평가특례,Y
프레스티지바이오로직스,2021-03-11,기술평가특례,26,33,0.79,"{'기술평가특례': 26, '성장성/사업모델': 5, '이익미실현': 2}",성장성/사업모델,N
네오이뮨텍,2021-03-16,기술평가특례,16,17,0.94,"{'기술평가특례': 16, '이익미실현': 1}",기술평가특례,Y
바이오다인,2021-03-17,성장성/사업모델,4,7,0.57,"{'성장성/사업모델': 4, '이익미실현': 3}",이익미실현,N
라이프시맨틱스,2021-03-23,기술평가특례,26,27,0.96,"{'기술평가특례': 26, '이익미실현': 1}",성장성/사업모델,N
자이언트스텝,2021-03-24,기술평가특례,26,27,0.96,"{'기술평가특례': 26, '이익미실현': 1}",성장성/사업모델,N
제노코,2021-03-24,기술평가특례,26,27,0.96,"{'기술평가특례': 26, '이익미실현': 1}",기술평가특례,Y
해성티피씨,2021-04-21,기술평가특례,26,27,0.96,"{'기술평가특례': 26, '이익미실현': 1}",기술평가특례,Y
샘씨엔에스,2021-05-20,기술평가특례,26,27,0.96,"{'기술평가특례': 26, '이익미실현': 1}",기술평가특례,Y
삼영에스앤씨,2021-05-21,기술평가특례,26,26,1.0,{'기술평가특례': 26},성장성/사업모델,N
제주맥주,2021-05-26,성장성/사업모델,3,4,0.75,"{'성장성/사업모델': 3, '이익미실현': 1}",이익미실현,N
진시스템,2021-05-26,기술평가특례,26,26,1.0,{'기술평가특례': 26},기술평가특례,Y
라온테크,2021-06-17,기술평가특례,26,27,0.96,"{'기술평가특례': 26, '이익미실현': 1}",(문서없음),N
아모센스,2021-06-25,기술평가특례,26,27,0.96,"{'기술평가특례': 26, '이익미실현': 1}",기술평가특례,Y
오비고,2021-07-13,기술평가특례,26,27,0.96,"{'기술평가특례': 26, '이익미실현': 1}",기술평가특례,Y
큐라클,2021-07-22,기술평가특례,26,27,0.96,"{'기술평가특례': 26, '이익미실현': 1}",기술평가특례,Y
맥스트,2021-07-27,기술평가특례,26,27,0.96,"{'기술평가특례': 26, '이익미실현': 1}",기술평가특례,Y
원티드랩,2021-08-11,기술평가특례,26,27,0.96,"{'기술평가특례': 26, '이익미실현': 1}",성장성/사업모델,N
딥노이드,2021-08-17,기술평가특례,26,27,0.96,"{'기술평가특례': 26, '이익미실현': 1}",기술평가특례,Y
바이젠셀,2021-08-25,기술평가특례,26,27,0.96,"{'기술평가특례': 26, '이익미실현': 1}",기술평가특례,Y
에이비온,2021-09-08,기술평가특례,26,26,1.0,{'기술평가특례': 26},기술평가특례,Y
차백신연구소,2021-10-22,기술평가특례,26,26,1.0,{'기술평가특례': 26},기술평가특례,Y
지니너스,2021-11-08,기술평가특례,26,26,1.0,{'기술평가특례': 26},기술평가특례,Y
비트나인,2021-11-10,기술평가특례,20,20,1.0,{'기술평가특례': 20},기술평가특례,Y
지오엘리먼트,2021-11-11,기술평가특례,20,20,1.0,{'기술평가특례': 20},기술평가특례,Y
마인즈랩,2021-11-23,기술평가특례,20,20,1.0,{'기술평가특례': 20},일반,N
툴젠,2021-12-10,기술평가특례,26,26,1.0,{'기술평가특례': 26},기술평가특례,Y
케이옥션,2022-01-24,기술평가특례,17,23,0.74,"{'기술평가특례': 17, '성장성/사업모델': 3, '이익미실현': 3}",일반,N
이지트로닉스,2022-02-04,기술평가특례,103,112,0.92,"{'기술평가특례': 103, '성장성/사업모델': 9}",기술평가특례,Y
스코넥,2022-02-04,기술평가특례,87,96,0.91,"{'기술평가특례': 87, '성장성/사업모델': 9}",기술평가특례,Y
바이오에프디엔씨,2022-02-21,기술평가특례,103,112,0.92,"{'기술평가특례': 103, '성장성/사업모델': 9}",기술평가특례,Y
퓨런티어,2022-02-23,기술평가특례,103,112,0.92,"{'기술평가특례': 103, '성장성/사업모델': 9}",기술평가특례,Y
풍원정밀,2022-02-28,기술평가특례,103,112,0.92,"{'기술평가특례': 103, '성장성/사업모델': 9}",기술평가특례,Y
노을,2022-03-03,기술평가특례,103,112,0.92,"{'기술평가특례': 103, '성장성/사업모델': 9}",기술평가특례,Y
모아데이타,2022-03-10,기술평가특례,103,112,0.92,"{'기술평가특례': 103, '성장성/사업모델': 9}",기술평가특례,Y
보로노이,2022-06-24,기술평가특례,103,112,0.92,"{'기술평가특례': 103, '성장성/사업모델': 9}",기술평가특례,Y
레이저쎌,2022-06-24,기술평가특례,103,112,0.92,"{'기술평가특례': 103, '성장성/사업모델': 9}",기술평가특례,Y
넥스트칩,2022-07-01,기술평가특례,103,112,0.92,"{'기술평가특례': 103, '성장성/사업모델': 9}",기술평가특례,Y
코난테크놀로지,2022-07-07,기술평가특례,103,112,0.92,"{'기술평가특례': 103, '성장성/사업모델': 9}",기술평가특례,Y
영창케미칼,2022-07-14,기술평가특례,102,111,0.92,"{'기술평가특례': 102, '성장성/사업모델': 9}",기술평가특례,Y
루닛,2022-07-21,기술평가특례,103,112,0.92,"{'기술평가특례': 103, '성장성/사업모델': 9}",일반,N
에이프릴바이오,2022-07-28,기술평가특례,103,112,0.92,"{'기술평가특례': 103, '성장성/사업모델': 9}",기술평가특례,Y
성일하이텍,2022-07-28,이익미실현,3,3,1.0,{'이익미실현': 3},이익미실현,Y
아이씨에이치,2022-07-29,기술평가특례,103,112,0.92,"{'기술평가특례': 103, '성장성/사업모델': 9}",기술평가특례,Y
오픈엣지테크놀로지,2022-09-26,이익미실현,3,3,1.0,{'이익미실현': 3},일반,N
더블유씨피,2022-09-30,이익미실현,3,3,1.0,{'이익미실현': 3},이익미실현,Y
에스비비테크,2022-10-17,기술평가특례,96,105,0.91,"{'기술평가특례': 96, '성장성/사업모델': 9}",기술평가특례,Y
샤페론,2022-10-19,기술평가특례,91,100,0.91,"{'기술평가특례': 91, '성장성/사업모델': 9}",기술평가특례,Y
핀텔,2022-10-20,기술평가특례,91,100,0.91,"{'기술평가특례': 91, '성장성/사업모델': 9}",기술평가특례,Y
플라즈맵,2022-10-21,기술평가특례,91,100,0.91,"{'기술평가특례': 91, '성장성/사업모델': 9}",기술평가특례,Y
뉴로메카,2022-11-04,기술평가특례,88,97,0.91,"{'기술평가특례': 88, '성장성/사업모델': 9}",기술평가특례,Y
윤성에프앤씨,2022-11-14,이익미실현,3,3,1.0,{'이익미실현': 3},이익미실현,Y
엔젯,2022-11-18,기술평가특례,78,87,0.9,"{'기술평가특례': 78, '성장성/사업모델': 9}",기술평가특례,Y
인벤티지랩,2022-11-22,기술평가특례,87,96,0.91,"{'기술평가특례': 87, '성장성/사업모델': 9}",기술평가특례,Y
SAMG엔터,2022-12-06,성장성/사업모델,7,7,1.0,{'성장성/사업모델': 7},성장성/사업모델,Y
티이엠씨,2023-01-19,기술평가특례,54,55,0.98,"{'기술평가특례': 54, '성장성/사업모델': 1}",기술평가특례,Y
오브젠,2023-01-30,기술평가특례,94,103,0.91,"{'기술평가특례': 94, '성장성/사업모델': 9}",기술평가특례,Y
샌즈랩,2023-02-15,기술평가특례,94,103,0.91,"{'기술평가특례': 94, '성장성/사업모델': 9}",기술평가특례,Y
제이오,2023-02-16,기술평가특례,90,99,0.91,"{'기술평가특례': 90, '성장성/사업모델': 9}",기술평가특례,Y
자람테크놀로지,2023-03-07,기술평가특례,93,102,0.91,"{'기술평가특례': 93, '성장성/사업모델': 9}",기술평가특례,Y
지아이이노베이션,2023-03-30,기술평가특례,93,102,0.91,"{'기술평가특례': 93, '성장성/사업모델': 9}",기술평가특례,Y
마이크로투나노,2023-04-26,기술평가특례,93,102,0.91,"{'기술평가특례': 93, '성장성/사업모델': 9}",기술평가특례,Y
에스바이오메딕스,2023-05-04,기술평가특례,93,102,0.91,"{'기술평가특례': 93, '성장성/사업모델': 9}",기술평가특례,Y
모니터랩,2023-05-19,기술평가특례,88,97,0.91,"{'기술평가특례': 88, '성장성/사업모델': 9}",기술평가특례,Y
씨유박스,2023-05-19,기술평가특례,88,97,0.91,"{'기술평가특례': 88, '성장성/사업모델': 9}",기술평가특례,Y
큐라티스,2023-06-15,기술평가특례,88,97,0.91,"{'기술평가특례': 88, '성장성/사업모델': 9}",기술평가특례,Y
오픈놀,2023-06-30,기술평가특례,86,95,0.91,"{'기술평가특례': 86, '성장성/사업모델': 9}",성장성/사업모델,N
알멕,2023-06-30,이익미실현,3,3,1.0,{'이익미실현': 3},이익미실현,Y
이노시뮬레이션,2023-07-06,기술평가특례,87,95,0.92,"{'기술평가특례': 87, '성장성/사업모델': 8}",기술평가특례,Y
센서뷰,2023-07-19,기술평가특례,87,95,0.92,"{'기술평가특례': 87, '성장성/사업모델': 8}",기술평가특례,Y
와이랩,2023-07-20,기술평가특례,4,4,1.0,{'기술평가특례': 4},성장성/사업모델,N
버넥트,2023-07-26,기술평가특례,87,95,0.92,"{'기술평가특례': 87, '성장성/사업모델': 8}",기술평가특례,Y
파로스아이바이오,2023-07-27,기술평가특례,81,89,0.91,"{'기술평가특례': 81, '성장성/사업모델': 8}",기술평가특례,Y
시지트로닉스,2023-08-03,기술평가특례,81,89,0.91,"{'기술평가특례': 81, '성장성/사업모델': 8}",기술평가특례,Y
파두,2023-08-07,기술평가특례,26,31,0.84,"{'기술평가특례': 26, '성장성/사업모델': 5}",기술평가특례,Y
큐리옥스바이오시스템즈,2023-08-10,기술평가특례,71,79,0.9,"{'기술평가특례': 71, '성장성/사업모델': 8}",기술평가특례,Y
스마트레이더시스템,2023-08-22,기술평가특례,71,79,0.9,"{'기술평가특례': 71, '성장성/사업모델': 8}",기술평가특례,Y
시큐레터,2023-08-24,기술평가특례,71,79,0.9,"{'기술평가특례': 71, '성장성/사업모델': 8}",기술평가특례,Y
아이엠티,2023-10-10,기술평가특례,64,70,0.91,"{'기술평가특례': 64, '성장성/사업모델': 6}",기술평가특례,Y
퀄리타스반도체,2023-10-27,기술평가특례,64,66,0.97,"{'기술평가특례': 64, '성장성/사업모델': 2}",기술평가특례,Y
쏘닉스,2023-11-07,기술평가특례,64,66,0.97,"{'기술평가특례': 64, '성장성/사업모델': 2}",일반,N
큐로셀,2023-11-09,기술평가특례,63,65,0.97,"{'기술평가특례': 63, '성장성/사업모델': 2}",기술평가특례,Y
컨텍,2023-11-09,기술평가특례,28,28,1.0,{'기술평가특례': 28},기술평가특례,Y
그린리소스,2023-11-24,기술평가특례,61,63,0.97,"{'기술평가특례': 61, '성장성/사업모델': 2}",기술평가특례,Y
에이텀,2023-12-01,기술평가특례,59,61,0.97,"{'기술평가특례': 59, '성장성/사업모델': 2}",기술평가특례,Y
와이바이오로직스,2023-12-05,기술평가특례,49,51,0.96,"{'기술평가특례': 49, '성장성/사업모델': 2}",기술평가특례,Y
블루엠텍,2023-12-13,이익미실현,3,3,1.0,{'이익미실현': 3},이익미실현,Y
케이웨더,2024-02-22,기술평가특례,37,39,0.95,"{'기술평가특례': 37, '성장성/사업모델': 2}",성장성/사업모델,N
이에이트,2024-02-23,기술평가특례,16,16,1.0,{'기술평가특례': 16},기술평가특례,Y
코셈,2024-02-23,기술평가특례,16,16,1.0,{'기술평가특례': 16},기술평가특례,Y
케이엔알시스템,2024-03-07,기술평가특례,16,16,1.0,{'기술평가특례': 16},기술평가특례,Y
삼현,2024-03-21,기술평가특례,16,16,1.0,{'기술평가특례': 16},기술평가특례,Y
엔젤로보틱스,2024-03-26,기술평가특례,13,13,1.0,{'기술평가특례': 13},일반,N
아이엠비디엑스,2024-04-03,기술평가특례,13,13,1.0,{'기술평가특례': 13},기술평가특례,Y
제일엠앤에스,2024-04-30,이익미실현,3,3,1.0,{'이익미실현': 3},일반,N
디앤디파마텍,2024-05-02,기술평가특례,13,13,1.0,{'기술평가특례': 13},기술평가특례,Y
민테크,2024-05-03,기술평가특례,13,13,1.0,{'기술평가특례': 13},기술평가특례,Y
아이씨티케이,2024-05-17,기술평가특례,13,13,1.0,{'기술평가특례': 13},기술평가특례,Y
라메디텍,2024-06-17,기술평가특례,13,13,1.0,{'기술평가특례': 13},기술평가특례,Y
씨어스테크놀로지,2024-06-19,기술평가특례,11,11,1.0,{'기술평가특례': 11},기술평가특례,Y
한중엔시에스,2024-06-24,기술평가특례,6,6,1.0,{'기술평가특례': 6},기술평가특례,Y
에스오에스랩,2024-06-25,기술평가특례,12,12,1.0,{'기술평가특례': 12},기술평가특례,Y
에이치브이엠,2024-06-28,기술평가특례,13,13,1.0,{'기술평가특례': 13},기술평가특례,Y
이노스페이스,2024-07-02,기술평가특례,13,13,1.0,{'기술평가특례': 13},기술평가특례,Y
하스,2024-07-03,기술평가특례,13,13,1.0,{'기술평가특례': 13},기술평가특례,Y
엑셀세라퓨틱스,2024-07-15,기술평가특례,13,13,1.0,{'기술평가특례': 13},기술평가특례,Y
피앤에스미캐닉스,2024-07-31,기술평가특례,13,13,1.0,{'기술평가특례': 13},기술평가특례,Y
아이빔테크놀로지,2024-08-06,기술평가특례,13,13,1.0,{'기술평가특례': 13},기술평가특례,Y
뱅크웨어글로벌,2024-08-12,기술평가특례,13,13,1.0,{'기술평가특례': 13},일반,N
넥스트바이오메디컬,2024-08-20,기술평가특례,7,7,1.0,{'기술평가특례': 7},기술평가특례,Y
케이쓰리아이,2024-08-20,기술평가특례,7,7,1.0,{'기술평가특례': 7},기술평가특례,Y
이엔셀,2024-08-23,기술평가특례,4,4,1.0,{'기술평가특례': 4},기술평가특례,Y
아이언디바이스,2024-09-23,기술평가특례,2,2,1.0,{'기술평가특례': 2},기술평가특례,Y
셀비온,2024-10-16,기술평가특례,2,2,1.0,{'기술평가특례': 2},기술평가특례,Y
루미르,2024-10-21,기술평가특례,1,1,1.0,{'기술평가특례': 1},기술평가특례,Y
노머스,2024-11-12,이익미실현,3,3,1.0,{'이익미실현': 3},이익미실현,Y
닷밀,2024-11-13,이익미실현,3,3,1.0,{'이익미실현': 3},기술평가특례,N
에스켐,2024-11-18,이익미실현,3,3,1.0,{'이익미실현': 3},일반,N
데이원컴퍼니,2025-01-24,이익미실현,3,3,1.0,{'이익미실현': 3},이익미실현,Y
엠디바이스,2025-03-07,이익미실현,3,3,1.0,{'이익미실현': 3},이익미실현,Y
아이티켐,2025-08-07,이익미실현,3,3,1.0,{'이익미실현': 3},이익미실현,Y
세미파이브,2025-12-29,이익미실현,3,3,1.0,{'이익미실현': 3},이익미실현,Y
